Artist_ID,Artist,Album Title,Streams,Daily,Album_ID
6eUKZXaKkcviH0Ku9w2n3V,Ed Sheeran,+-=÷× (Tour Collection),32327498198,10874833,5xD1PSd5c5APDM0SdkkqnH
1Xyo4u8uXC1ZmMpatF05PJ,The Weeknd,The Highlights,32304311706,12650704,5L5evi5tJPh8WaEFAQp7Tp
6eUKZXaKkcviH0Ku9w2n3V,Ed Sheeran,+-=÷× (Tour Collection: Live),32035981993,10931835,5ZewPP4nTMtJTn4krePB2d
246dkjvS1zLTtiykXe5h60,Post Malone,The Diamond Collection (Deluxe),28303906968,6973660,0HeDKsZqyskYWkoHmXObsv
4q3ewBCX7sLwd24euuV69X,Bad Bunny,Un Verano Sin Ti,19112199113,8852678,3RQQmkQEvNCY4prGKE6oc5
1Xyo4u8uXC1ZmMpatF05PJ,The Weeknd,Starboy (Deluxe),16561075729,6732263,35dut3ICqF3NEDkjxfzJJ1
6eUKZXaKkcviH0Ku9w2n3V,Ed Sheeran,÷ (Deluxe),16203046153,5011763,3T4tUhGYeRNVUGevb0wThu
3Nrfpe0tUJi4K4DXYWgMUX,BTS,Proof,16047874709,4946090,6al2VdKbb6FIz9d7lU7WRB
7dGJo4pcD2V6oG8kP0tJRR,Eminem,Curtain Call: The Hits (Deluxe Edition),15917163079,6888298,5qENHeCSlwWpEzb25peRmQ
1Xyo4u8uXC1ZmMpatF05PJ,The Weeknd,Starboy,15259032363,6126574,2ODvWsOgouMbaA5xf0RkJe
1Xyo4u8uXC1ZmMpatF05PJ,The Weeknd,Starboy,15259032363,6126574,4AdZV63ycxFLF6Hcol0QnB
6XyY86QOPPrYVGvF9ch6wz,Linkin Park,Papercuts,14850631521,9704498,1X472EvsSqH09RyrqbtyXU
6XyY86QOPPrYVGvF9ch6wz,Linkin Park,Papercuts,14850631521,9704498,0VRQaT37pbnZC6E7pkX0aQ
1McMsnEElThX1knmY4oliG,Olivia Rodrigo,SOUR,14607384628,7631363,6s84u2TUpR3wdUv4NgKA2j
1Xyo4u8uXC1ZmMpatF05PJ,The Weeknd,After Hours (Deluxe),14112023115,5106839,4ZyeHIgdujClXSjC2cSqSb
1Xyo4u8uXC1ZmMpatF05PJ,The Weeknd,After Hours (Deluxe),14112023115,5106839,742eAldb4AJKLoPgJhGRE7
246dkjvS1zLTtiykXe5h60,Post Malone,Hollywood's Bleeding,13988714084,3686686,4g1ZRSobMefqF6nelkgibi
1dfeR4HaWDbWqFHLkxsg1d,Queen,Greatest Hits,13943206815,5069826,6d2q1EDTTKofDYj35aMuHE
1dfeR4HaWDbWqFHLkxsg1d,Queen,Greatest Hits,13943206815,5069826,3XS9BzpsYg7dSiDvTnijks
1dfeR4HaWDbWqFHLkxsg1d,Queen,Greatest Hits,13943206815,5069826,5wmfZWzWjS1UARhcZSirf4
1dfeR4HaWDbWqFHLkxsg1d,Queen,Greatest Hits,13943206815,5069826,1webHYaeCy8j9smqS23sgE
1dfeR4HaWDbWqFHLkxsg1d,Queen,Greatest Hits,13943206815,5069826,5XqEf16OrHdmMoNS1b6WDg
1dfeR4HaWDbWqFHLkxsg1d,Queen,Greatest Hits,13943206815,5069826,53tvjWbVNZKd3CvpENkzOC
1dfeR4HaWDbWqFHLkxsg1d,Queen,Greatest Hits,13943206815,5069826,0LfM3PGkXE6KvJEE1HkOnz
1dfeR4HaWDbWqFHLkxsg1d,Queen,Greatest Hits,13943206815,5069826,1WBZyULtlANBKed7Zf9cDP
1dfeR4HaWDbWqFHLkxsg1d,Queen,Greatest Hits,13943206815,5069826,3PO9OtQdvCDJN8zDLtZiYd
1dfeR4HaWDbWqFHLkxsg1d,Queen,Greatest Hits,13943206815,5069826,3Qf4H3NYSp3BMIRe6WOyOA
1dfeR4HaWDbWqFHLkxsg1d,Queen,Greatest Hits,13943206815,5069826,1Cf7DCBl4oYf7EE5qiVdQT
1dfeR4HaWDbWqFHLkxsg1d,Queen,Greatest Hits,13943206815,5069826,45oxrhbTq2olcPIluFroYA
1dfeR4HaWDbWqFHLkxsg1d,Queen,Greatest Hits,13943206815,5069826,5BYwER0r1Gfx8P5k3xHA56
1dfeR4HaWDbWqFHLkxsg1d,Queen,Greatest Hits,13943206815,5069826,31mnNcl6CzIcX8j9n75vYZ
1dfeR4HaWDbWqFHLkxsg1d,Queen,Greatest Hits,13943206815,5069826,1zCNrbPpz5OLSr6mSpPdKm
1dfeR4HaWDbWqFHLkxsg1d,Queen,Greatest Hits,13943206815,5069826,12ZPTkxy23YJSeMvKpY7iK
7dGJo4pcD2V6oG8kP0tJRR,Eminem,Curtain Call 2,13918706959,4395431,3aTuW4BtsyyyyQa9LKqj8n
15UsOTVnJzReFVN1VCnxy4,XXXTENTACION,LOOK AT ME: THE ALBUM,13749926903,3672712,7vNqlfthayItIbI0Ssmfoa
6M2wZ9GZgrQXHCFfjv46we,Dua Lipa,Future Nostalgia (The Moonlight Edition),13593184430,3916280,0JeyP8r2hBxYIoxXv11XiX
6M2wZ9GZgrQXHCFfjv46we,Dua Lipa,Dua Lipa (Complete Edition),13552442914,4404024,0obMz8EHnr3dg6NCUK4xWp
3PhoLpVuITZKcymswpck5b,Elton John,Diamonds (Deluxe),13496794982,5904187,45F4Pmp3EJi3T6qYonm4Ml
1dfeR4HaWDbWqFHLkxsg1d,Queen,Bohemian Rhapsody (The Original Soundtrack),13150133659,4744664,3BHe7LbW5yRjyqXNJ3A6mW
7tYKF4w9nC0nq9CsPZTHyP,SZA,SOS Deluxe: LANA,12892719555,13180442,3VQkNrG74QPY4rHBPoyZYZ
7tYKF4w9nC0nq9CsPZTHyP,SZA,SOS Deluxe: LANA,12892719555,13180442,1Q5WON8dw2JFLP5JVQXu1e
06HL4z0CvFAxyc27GXpf02,Taylor Swift,Lover,12488808409,5372142,1NAmidJlEaVgA3MpcPFYGq
246dkjvS1zLTtiykXe5h60,Post Malone,beerbongs & bentleys,12429562969,2087752,6trNtQUgC8cgbWcqoMYkOR
6qqNVTkY8uBg9cP3Jd7DAH,Billie Eilish,"WHEN WE ALL FALL ASLEEP, WHERE DO WE GO?",12331137207,4252704,0S0KGZnfBGSIssfF54WSJh
1Xyo4u8uXC1ZmMpatF05PJ,The Weeknd,After Hours,11951892722,4182644,4yP0hdKOZPNshxUOjY0cZj
1Xyo4u8uXC1ZmMpatF05PJ,The Weeknd,After Hours,11951892722,4182644,7612v2NCnEexfvOHwK0Ttr
15UsOTVnJzReFVN1VCnxy4,XXXTENTACION,? (Deluxe),11869893800,2879375,2c6s84YTwR9cfncPmB9fNW
7Ln80lUS6He07XvHI8qqHH,Arctic Monkeys,AM,11702072063,7413779,78bpIziExqiI9qztvNFlQu
6eUKZXaKkcviH0Ku9w2n3V,Ed Sheeran,x (Wembley Edition),11530154500,3586571,0MeOIA0wwSa6nW79jy8QcZ
15UsOTVnJzReFVN1VCnxy4,XXXTENTACION,?,11293660655,2706590,2Ti79nwTsont5ZHfdxIzAm
1uNFoZAHBGtllmzznpCI3s,Justin Bieber,Purpose (Deluxe),11278080994,4048794,6Fr2rQkZ383FcMqFyT7yPr
6M2wZ9GZgrQXHCFfjv46we,Dua Lipa,Future Nostalgia,11153155340,3316525,7fJJK56U9fHixgO0HQkhtI
6M2wZ9GZgrQXHCFfjv46we,Dua Lipa,Future Nostalgia,11153155340,3316525,5lKlFlReHOLShQKyRv6AL9
7tYKF4w9nC0nq9CsPZTHyP,SZA,SOS,11111750494,7719349,1nrVofqDRs7cpWXJ49qTnP
7tYKF4w9nC0nq9CsPZTHyP,SZA,SOS,11111750494,7719349,07w0rG5TETcyihsEIZR3qG
7tYKF4w9nC0nq9CsPZTHyP,SZA,SOS,11111750494,7719349,18rHq7rLXWejPRWPjrIa6Z
6eUKZXaKkcviH0Ku9w2n3V,Ed Sheeran,x (10th Anniversary Edition),11083943568,3539695,1upLfaShcnjVjey0FdY7aO
4q3ewBCX7sLwd24euuV69X,Bad Bunny,YHLQMDLG,10847437546,3391345,5lJqux7orBlA1QzyiBGti1
3TVXtAsR1Inumwj472S9r4,Drake,Scorpion,10825613903,2394345,1ATL5GLyefJaxhQzSPVrLX
06HL4z0CvFAxyc27GXpf02,Taylor Swift,Midnights (The Til Dawn Edition),10652877529,4245711,1fnJ7k0bllNfL1kVdNVW1A
3TVXtAsR1Inumwj472S9r4,Drake,Views,10623066264,3436543,40GMAhriYJRO1rsY4YdrZb
6eUKZXaKkcviH0Ku9w2n3V,Ed Sheeran,x (Deluxe Edition),10486194103,3436678,1xn54DMo2qIqBuMqHtUsFd
1Xyo4u8uXC1ZmMpatF05PJ,The Weeknd,Beauty Behind The Madness,10436872474,3514806,0P3oVJBFOv3TDXlYRhGL7s
06HL4z0CvFAxyc27GXpf02,Taylor Swift,reputation Stadium Tour Surprise Song Playlist,10419451927,2772461,1MPAXuTVL2Ej5x0JHiSPq8
4MCBfE4596Uoi2O4DtmEMz,Juice WRLD,Goodbye & Good Riddance,10290149080,3345664,6tkjU4Umpo79wwkgPMV3nZ
6KImCVD70vtIoJWnq6nGn3,Harry Styles,Fine Line,10253941585,3114408,7xV2TzoaVc0ycW7fwBwAml
0Y5tJX1MQlPlqiwlOH1tJY,Travis Scott,ASTROWORLD,10253667604,3887337,41GuZcammIkupMPKH2OJ6I
7CajNmpbOovFoOoasH2HaY,Calvin Harris,96 Months,10160242677,4049953,1CfqWSAyfmYzHU9ktHxUqd
7CajNmpbOovFoOoasH2HaY,Calvin Harris,96 Months,10160242677,4049953,5uRY0boZn48gDio0ASlgI0
0du5cEVh5yTK9QJze8zA0C,Bruno Mars,Doo-Wops & Hooligans,10158460521,6186667,1uyf3l2d4XYwiEqAb7t7fX
06HL4z0CvFAxyc27GXpf02,Taylor Swift,Midnights (3am Edition),10075442654,3878854,3lS1y25WAhcqJDATJK70Mq
06HL4z0CvFAxyc27GXpf02,Taylor Swift,folklore: the long pond studio sessions (from the Disney+ special) [deluxe edition],9814782301,5009096,3VaaZ7OIbGLi60NVsnueoo
06HL4z0CvFAxyc27GXpf02,Taylor Swift,folklore: the long pond studio sessions (from the Disney+ special) [deluxe edition],9814782301,5009096,0PZ7lAru5FDFHuirTkWe9Z
4GNC7GD6oZMSxPGyXy4MNB,Lewis Capaldi,Divinely Uninspired To A Hellish Extent (Extended Edition),9725264061,2841068,2wiPF3m0ylst0JSk1IvZL8
15UsOTVnJzReFVN1VCnxy4,XXXTENTACION,17,9641692011,2684163,5VdyJkLe3yvOs0l4xXbWp0
15UsOTVnJzReFVN1VCnxy4,XXXTENTACION,17,9641692011,2684163,16F06U1Nsp8vcWMj7Vj8CD
15UsOTVnJzReFVN1VCnxy4,XXXTENTACION,17,9641692011,2684163,7fUnkkWBAzFNC6JbYuuOnE
4MCBfE4596Uoi2O4DtmEMz,Juice WRLD,Goodbye & Good Riddance (5 Year Anniversary Edition),9592640440,3157913,5v9IfhMyxAkE9CbLjfNChR
2wY79sveU1sp5g7SokKOiI,Sam Smith,In The Lonely Hour (Drowning Shadows Edition),9586290519,2839913,0f8RtEC5UUqMX2cveYlylg
246dkjvS1zLTtiykXe5h60,Post Malone,Stoney (Complete Edition),9564860767,1822839,16XHoXcTPdm7CczEvLNlMP
246dkjvS1zLTtiykXe5h60,Post Malone,Stoney (Deluxe),9555875610,1819390,5s0rmjP8XOPhP6HhqOhuyC
2YZyLoL8N0Wb9xBt1NhZWg,Kendrick Lamar,DAMN.,9535307118,4769214,4eLPsYPBmXABThSJ821sqY
4MCBfE4596Uoi2O4DtmEMz,Juice WRLD,Goodbye & Good Riddance (Anniversary),9523284652,3104317,7aObAFaIOcczMSDnfXz5z6
06HL4z0CvFAxyc27GXpf02,Taylor Swift,folklore (deluxe version),9467032381,4840376,1pzvBxYgT6OVwJLtHkrdQK
4YRxDV8wJFPHPTeXepOstw,Arijit Singh,Arijit's Aura,9437081838,8872371,5c2LVoyacw2r1nPD9M1mMF
3fMbdgg4jU18AjLCKBhRSm,Michael Jackson,"HIStory - PAST, PRESENT AND FUTURE - BOOK I",9416664269,5167698,3OBhnTLrvkoEEETjFA3Qfk
06HL4z0CvFAxyc27GXpf02,Taylor Swift,reputation,9383056150,3717749,6DEjYFkNZh67HP7R9PSZvv
06HL4z0CvFAxyc27GXpf02,Taylor Swift,folklore,9282122634,4753337,2fenSS68JI1h4Fo296JfGr
08GQAI4eElDnROBrJRGE0X,Fleetwood Mac,The Very Best Of Fleetwood Mac,9240771322,5094084,7A0defNYClzfQHV8ifOBv0
00FQb4jTyendYWaN8pK0wa,Lana Del Rey,Born To Die - The Paradise Edition,9177124843,5066129,5PW8nAtvf2HV8RYZFd4IrX
3PhoLpVuITZKcymswpck5b,Elton John,To Be Continued...,9081429269,4078735,7iKDBfOFUtg8E8RbuDhiux
1uNFoZAHBGtllmzznpCI3s,Justin Bieber,Justice (The Complete Edition),9061156480,3081932,3uPnO1aZBwMgWK1DI5zve9
53XhwfbYqKCa1cC15pYq2q,Imagine Dragons,Evolve,9026201820,3024349,33pt9HBdGlAbRGBHQgsZsU
6KImCVD70vtIoJWnq6nGn3,Harry Styles,Harry's House,8971380784,3242027,5r36AJ6VOJtp00oxSkBZ5h
738wLrAtLtCtFOLvQBXOXp,Major Lazer,Major Lazer Essentials,8948368327,2580491,2TVyGtVP8przbQk6f2oSXl
738wLrAtLtCtFOLvQBXOXp,Major Lazer,Major Lazer Essentials,8948368327,2580491,16vOvSLYIZO8xZOpBBQnBZ
1uNFoZAHBGtllmzznpCI3s,Justin Bieber,Justice (Triple Chucks Deluxe),8842969886,3010006,6mzpIm84OXCBxw6Tuhp1OA
1uNFoZAHBGtllmzznpCI3s,Justin Bieber,Justice (Triple Chucks Deluxe),8842969886,3010006,7DjqzdD8MYtzgiJDGHltsp
06HL4z0CvFAxyc27GXpf02,Taylor Swift,1989 (Deluxe Edition),8829830977,2632917,34OkZVpuzBa9y40DCy0LPR
2wY79sveU1sp5g7SokKOiI,Sam Smith,In The Lonely Hour (10th Anniversary Edition / Deluxe),8827894615,3061568,16HVR99NpuRONFToq3hEET
0LcJLqbBmaGUft1e9Mm8HV,ABBA,Abba Gold Anniversary Edition,8816784710,5276136,00GMnZ71KyvmEnZfqcsFP4
2wY79sveU1sp5g7SokKOiI,Sam Smith,In The Lonely Hour (10th Anniversary Edition),8799960875,3029177,0WKmUvgdRRgKC7PuTvnO4d
5cj0lLjcoR7YOSnhnX0Po5,Doja Cat,Planet Her (Deluxe),8747545422,3010303,4XLPYMERZZaBzkJg0mkdvO
3fMbdgg4jU18AjLCKBhRSm,Michael Jackson,The Essential Michael Jackson,8668784603,4435576,77dNyQA0z8dV33M4so4eRY
0LcJLqbBmaGUft1e9Mm8HV,ABBA,The Essential Collection,8627859439,5171496,34lTW6LuORpuIiYfqsetuq
0LcJLqbBmaGUft1e9Mm8HV,ABBA,The Singles (The First Fifty Years),8589347191,5143061,2vAK3qYYJfA3FOImcCzfoE
1uNFoZAHBGtllmzznpCI3s,Justin Bieber,Justice,8533842257,2891863,5dGWwsZ9iB2Xc3UKR0gif2
06HL4z0CvFAxyc27GXpf02,Taylor Swift,Midnights,8519573188,3158810,151w1FgRZfnKZA9FEcg9Z3
66CXWjxzNUsdJxJ2JdwvnR,Ariana Grande,"thank u, next",8508345565,2307706,2fYhqwDWXjbpjaIJPEfKFw
26dSoYclwsYLMAKD3tpOr4,Britney Spears,The Essential Britney Spears,8494596137,5274665,2ti2e8J05nwg9ikcMjW8aS
5cj0lLjcoR7YOSnhnX0Po5,Doja Cat,Planet Her,8488722231,2945627,1nAQbHeOWTfQzbOoFrvndW
0eDvMgVFoNV3TpwtrVCoTj,Pop Smoke,Shoot For The Stars Aim For The Moon (Deluxe),8479973311,2005901,2MDU46hcBn3u94s46BOSdv
0LcJLqbBmaGUft1e9Mm8HV,ABBA,Thank You For The Music,8474144142,5069219,3fG66EBBPGC0yBhpXQs8l8
7oPftvlwr6VrsViSDV7fJY,Green Day,Greatest Hits: God's Favorite Band,8397404778,4480945,3id4t9IqRoB1f1smOERtrY
08GQAI4eElDnROBrJRGE0X,Fleetwood Mac,50 Years - Don't Stop,8391201616,4708432,06JqOkwwy91OxrApXclzYf
06HL4z0CvFAxyc27GXpf02,Taylor Swift,1989 (Big Machine Radio Release Special),8379580395,2560642,6EsTJnpahwW6xX20zvqQgZ
06HL4z0CvFAxyc27GXpf02,Taylor Swift,1989,8375884841,2559822,2QJmrSgbdM35R67eoGQo4j
6jJ0s89eD6GaHleKKya26X,Katy Perry,Teenage Dream: The Complete Confection,8372440798,5420934,4zLOhyT4XIzyyl7KoSHWcE
6jJ0s89eD6GaHleKKya26X,Katy Perry,Teenage Dream: The Complete Confection,8372440798,5420934,5BvgP623rtvlc0HDcpzquz
3Nrfpe0tUJi4K4DXYWgMUX,BTS,Love Yourself ? 'Answer',8275934810,2629899,43wFM1HquliY3iwKWzPN4y
7dGJo4pcD2V6oG8kP0tJRR,Eminem,The Eminem Show (Expanded Edition),8275004835,3760120,6EzbFdrwvWpnpUjzrR57aU
4dpARuHxo51G3z768sgnrY,Adele,21,8246185350,3673867,0Lg1uZvI312TPqxNWShFXL
7dGJo4pcD2V6oG8kP0tJRR,Eminem,The Eminem Show,8200321791,3697807,2cWBwpqMsDJC1ZUwz813lo
5pKCCKE2ajJHZ9KAiaK11H,Rihanna,ANTI (Deluxe),8095042081,3154646,4UlGauD7ROb3YbVOFMgW5u
2tIP7SsRs7vjIcLrU85W8J,The Kid LAROI,F*CK LOVE 3+: OVER YOU,8066715922,1681214,576UTio7xgY7YUxrHMzxeI
1HY2Jd0NmPuamShAr6KMms,Lady Gaga,The Fame Monster (International Deluxe),8038814340,5727376,7j7iPq5rokadGr1ZdJRGgE
1HY2Jd0NmPuamShAr6KMms,Lady Gaga,The Fame Monster (Deluxe Edition),8035784350,5726639,6DGZdMi124iOOih9GMlhN2
1HY2Jd0NmPuamShAr6KMms,Lady Gaga,The Fame Monster (Deluxe Edition),8035784350,5726639,6rePArBMb5nLWEaY9aQqL4
53XhwfbYqKCa1cC15pYq2q,Imagine Dragons,Night Visions (Deluxe),7991427712,2563369,1rzDtYMpZDhRgKNigB467r
3IYUhFvPQItj6xySrBmZkd,Creedence Clearwater Revival,Chronicle: 20 Greatest Hits,7967665593,3322037,03GKkfyog7hnllilFS3jIV
00FQb4jTyendYWaN8pK0wa,Lana Del Rey,Born To Die (Bonus Track Version),7958448926,4544087,3TtsWmvFbChKTWIRfa85lS
3YQKmKGau1PzlVlkL1iodx,Twenty One Pilots,Blurryface,7946636636,4076744,3cQO7jp5S9qLBoIVtbkSM1
26dSoYclwsYLMAKD3tpOr4,Britney Spears,The Singles Collection,7924357875,4903341,325wcm5wMnlfjmKZ8PXIIn
26dSoYclwsYLMAKD3tpOr4,Britney Spears,The Singles Collection,7924357875,4903341,4wYQnk9V7yPxj0dVBmfNMq
26dSoYclwsYLMAKD3tpOr4,Britney Spears,Glory : Japan Tour Edition,7923757327,4748157,7de9JdO8rQxVOJ9NE3WuiN
53XhwfbYqKCa1cC15pYq2q,Imagine Dragons,Night Visions (Expanded Edition / Super Deluxe),7921098756,2576526,0LLA5YL3g2UReWlP7nWqGh
7n2wHs1TKAczGzO7Dd2rGr,Shawn Mendes,Illuminate (Deluxe),7810156937,2727939,3wBabo4pmzsYjALMSKY7Iq
22bE4uQ6baNwSHPVcDxLCe,The Rolling Stones,Forty Licks,7801640761,3115175,2WvMWgLvHvBHT2IknyXiMi
3fMbdgg4jU18AjLCKBhRSm,Michael Jackson,Michael Jackson's This Is It,7780118502,4118765,7pMVCMwGykuEu9rzTHxLCm
3TVXtAsR1Inumwj472S9r4,Drake,More Life,7762569530,2378730,1lXY618HWkwYKJWBRYR4MK
53XhwfbYqKCa1cC15pYq2q,Imagine Dragons,Night Visions,7748866330,2530969,6htgf3qv7vGcsdxLCDxKp8
4dpARuHxo51G3z768sgnrY,Adele,25,7619854512,2843951,3AvPX1B1HiFROvYjLb5Qwi
4dpARuHxo51G3z768sgnrY,Adele,25,7619854512,2843951,7AvdSuKYkwzJA8upKuW6zz
4dpARuHxo51G3z768sgnrY,Adele,25,7619854512,2843951,2i9G1gn4LncK2c7u2LbbsM
7n2wHs1TKAczGzO7Dd2rGr,Shawn Mendes,Shawn Mendes (Deluxe),7599467378,1537833,0xzScN8P3hQAz3BT3YYX5w
5pKCCKE2ajJHZ9KAiaK11H,Rihanna,ANTI,7597877312,2982806,48i37aZTC1prDr4EcpQeEa
00FQb4jTyendYWaN8pK0wa,Lana Del Rey,Born To Die,7589004378,4404935,4X8hAqIWpQyQks2yRhyqs4
6olE6TJLqED3rqDCT0FyPh,Nirvana,Nirvana,7558592611,4676367,2Rn7vIl03xF1ZFdB2VhtOk
6olE6TJLqED3rqDCT0FyPh,Nirvana,Nirvana,7558592611,4676367,4v62Eu3WGIFCBMy9WlD7hY
6olE6TJLqED3rqDCT0FyPh,Nirvana,Nirvana,7558592611,4676367,5zBPRXCAc801vyHWoRurNZ
66CXWjxzNUsdJxJ2JdwvnR,Ariana Grande,Dangerous Woman,7540213197,3283707,1QRP5lutJodPixU2EWfnD7
66CXWjxzNUsdJxJ2JdwvnR,Ariana Grande,Dangerous Woman,7540213197,3283707,5X7x18kW3mVIvnuNeedM6b
66CXWjxzNUsdJxJ2JdwvnR,Ariana Grande,Dangerous Woman,7540213197,3283707,3pdKKSqqLVIKmRTGw0x2N7
3q7HBObVc0L8jNeTe5Gofh,50 Cent,Best Of 50 Cent,7477810975,4415061,3Sbt1eefEMSN33HqdhOM3g
06HL4z0CvFAxyc27GXpf02,Taylor Swift,THE TORTURED POETS DEPARTMENT: THE ANTHOLOGY,7470898470,8664874,5H7ixXZfsNMGbIE5OBSpcb
66CXWjxzNUsdJxJ2JdwvnR,Ariana Grande,My Everything (Deluxe),7457840957,3230303,6EVYTRG1drKdO8OnIQBeEj
66CXWjxzNUsdJxJ2JdwvnR,Ariana Grande,My Everything (Tenth Anniversary Edition),7452103798,3233700,2uMTmPEFafKfKeobvdx5EE
4GNC7GD6oZMSxPGyXy4MNB,Lewis Capaldi,Divinely Uninspired To A Hellish Extent,7407933544,2069483,5658aM19fA3JVwTK6eQX70
7n2wHs1TKAczGzO7Dd2rGr,Shawn Mendes,Illuminate,7400806982,2673215,1ne2D0NxoGyZd31gAM4HNd
0du5cEVh5yTK9QJze8zA0C,Bruno Mars,Unorthodox Jukebox,7394869156,3968577,58ufpQsJ1DS5kq4hhzQDiI
58lV9VcRSjABbAbfWS6skp,Bon Jovi,Bon Jovi Greatest Hits - The Ultimate Collection (Deluxe),7349927302,3602249,1m48hdS1VeCbPI7rWlxPL1
2FXC3k01G6Gw61bmprjgqS,Hozier,Hozier (Special Edition),7324708097,4966232,5PaHwpTefKhQa6Yqsj9WRH
2FXC3k01G6Gw61bmprjgqS,Hozier,Hozier (Special Edition),7324708097,4966232,44zQnmrFcPCmPp6NLMfTuz
711MCceyCBcFnzjGY4Q7Un,AC/DC,Iron Man 2,7297562973,3869904,4ydl8Ci7OsndhI2ALnrpIv
790FomKkXshlbRYZFtlgla,KAROL G,MAÑANA SERÁ BONITO,7288120677,3795318,4kS7bSuU0Jm9LYMosFU2x5
0eDvMgVFoNV3TpwtrVCoTj,Pop Smoke,Shoot For The Stars Aim For The Moon,7212238767,1636151,7e7t0MCrNDcJZsPwUKjmOc
5K4W6rqBFWDnAN6FQUkS6x,Kanye West,Graduation,7189442906,4120109,4SZko61aMnmgvNhfhgTuD3
2h93pZq0e7k5yf4dywlkpM,Frank Ocean,Blonde,7184280201,5488923,3mH6qwIy9crq0I9YQbOuDf
4q3ewBCX7sLwd24euuV69X,Bad Bunny,EL ÚLTIMO TOUR DEL MUNDO,7107530352,2377574,2d9BCZeAAhiZWPpbX9aPCW
6qqNVTkY8uBg9cP3Jd7DAH,Billie Eilish,dont smile at me,7074469174,3127767,7fRrTyKvE4Skh93v97gtcU
3fMbdgg4jU18AjLCKBhRSm,Michael Jackson,Number Ones,7019950567,3798671,1jcYwZsN7JEve9xsq9BuUX
2FXC3k01G6Gw61bmprjgqS,Hozier,Hozier (Expanded Edition),6988844547,4239135,4Pv7m8D82A1Xun7xNCKZjJ
4MCBfE4596Uoi2O4DtmEMz,Juice WRLD,Legends Never Die,6969415433,1980387,6n9DKpOxwifT5hOXtgLZSL
4MCBfE4596Uoi2O4DtmEMz,Juice WRLD,Legends Never Die,6969415433,1980387,30gnisiaho0Y6KRWJ7gIaA
3WrFJ7ztbogyGnTHbHJFl2,The Beatles,The Beatles 1967 - 1970 (Remastered),6929433238,2849249,1cTeNkeINtXiaMLlashAKs
2QsynagSdAqZj3U9HgDzjD,Bob Marley & The Wailers,Legend (Deluxe Edition),6913804614,3526278,04VRfesff9bgDA2Q8J2oDo
2FXC3k01G6Gw61bmprjgqS,Hozier,Hozier,6894795387,4202235,04E0aLUdCHnhnnYrDDvcHq
3WrFJ7ztbogyGnTHbHJFl2,The Beatles,1 (Remastered),6879840620,2513586,7vEJAtP3KgKSpOHVgwm3Eh
6M2wZ9GZgrQXHCFfjv46we,Dua Lipa,Dua Lipa (Deluxe),6878534881,2163374,01sfgrNbnnPUEyz6GZYlt9
0hCNtLu0JehylgoiP8L4Gh,Nicki Minaj,Queen Radio: Volume 1,6877711827,2437558,30jNbSUWscm8OXxOMPk1L6
0hCNtLu0JehylgoiP8L4Gh,Nicki Minaj,Queen Radio: Volume 1,6877711827,2437558,1ia27ME4iQkoIyUHBnJqX6
0hCNtLu0JehylgoiP8L4Gh,Nicki Minaj,Queen Radio: Volume 1,6877711827,2437558,1epY9c6AGBfirYxDA9exOB
6VuMaDnrHyPL1p4EHjYLi7,Charlie Puth,Nine Track Mind (Deluxe Edition),6834855746,2207507,1OSzM1OWqtTnmIJJQpn62Q
6VuMaDnrHyPL1p4EHjYLi7,Charlie Puth,Nine Track Mind (Special Edition),6820114488,2210358,5J4SS8wTmXdyIEVYjmHzpZ
4oUHIQIBe0LHzYfvXNW4QM,Morgan Wallen,One Thing At A Time,6813302920,4946424,6i7mF7whyRJuLJ4ogbH2wh
5WUlDfRSoLAfcVSX1WnrxN,Sia,This Is Acting (Deluxe Version),6778683241,2250913,2eV6DIPDnGl1idcjww6xyX
2QsynagSdAqZj3U9HgDzjD,Bob Marley & The Wailers,Legend - The Best Of Bob Marley And The Wailers,6772450535,3495639,4jKeipwuUTjlx9USNYdhZn
6VuMaDnrHyPL1p4EHjYLi7,Charlie Puth,Nine Track Mind,6750151615,2196082,3kndSWeE2IYOrZEToZrHEV
2QsynagSdAqZj3U9HgDzjD,Bob Marley & The Wailers,Gold,6748458139,3726242,242ley5Vm60fEcZI25ngLR
2wY79sveU1sp5g7SokKOiI,Sam Smith,In The Lonely Hour,6735787799,1829979,08jWgM4vSkTose4blKBWov
74KM79TiuVKeVCqs8QtB0B,Sabrina Carpenter,Short n' Sweet (Deluxe),6712457201,16759852,3WzBIQmn2hrulLeTY9smkk
6qqNVTkY8uBg9cP3Jd7DAH,Billie Eilish,HIT ME HARD AND SOFT,6704018452,14129020,7aJuG4TFXa2hmE4z1yxc3n
6olE6TJLqED3rqDCT0FyPh,Nirvana,Nevermind (Super Deluxe Edition),6700833282,3957113,3FFGbUutKWN1c4f0CJR4Uh
0C0XlULifJtAgn6ZNCW2eu,The Killers,Direct Hits,6695273301,3230253,3T5bbO2BOnnjun6jKhJdjV
6XyY86QOPPrYVGvF9ch6wz,Linkin Park,Hybrid Theory (20th Anniversary Edition),6685486824,3950809,28DUZ0itKISf2sr6hlseMy
4O15NlyKLIASxsJ0PrXPfz,Lil Uzi Vert,Luv Is Rage 2 (Deluxe),6684322605,1736559,0zicd2mBV8HTzSubByj4vP
6jJ0s89eD6GaHleKKya26X,Katy Perry,Teenage Dream,6662013856,4434058,2eQMC9nJE3f3hCNKlYYHL1
6jJ0s89eD6GaHleKKya26X,Katy Perry,Teenage Dream,6662013856,4434058,3BoUxfC7YhxNq3TpOfnRif
6jJ0s89eD6GaHleKKya26X,Katy Perry,Teenage Dream,6662013856,4434058,06SY6Ke6mXzZHhURLVU57R
6olE6TJLqED3rqDCT0FyPh,Nirvana,Nevermind,6648735734,3931173,6yaiubHHJy8N8QcHy3julo
6olE6TJLqED3rqDCT0FyPh,Nirvana,Nevermind (Deluxe Edition),6635205767,3924327,1ySR0W1hHxPDKCBWdvzRvc
0du5cEVh5yTK9QJze8zA0C,Bruno Mars,24K Magic,6606784880,2971852,4PgleR09JVnm3zY1fW3XBA
04gDigrS5kc9YWfZHwBETP,Maroon 5,V (Asia Tour Edition),6606633295,2607936,6LtzdMGhOCh9s6sssWrpuD
6l3HvQ5sa6mXTsMTB19rO5,J. Cole,2014 Forest Hills Drive (10 Year Anniversary Edition),6605097281,2311542,2fSAC0ZiYnwKfzLEvyaMm8
6l3HvQ5sa6mXTsMTB19rO5,J. Cole,2014 Forest Hills Drive,6586769019,2259706,0UMMIkurRUmkruZ3KGBLtG
6qqNVTkY8uBg9cP3Jd7DAH,Billie Eilish,Happier Than Ever,6565845599,3813307,0JGOiO34nwfUdDrD612dOp
04gDigrS5kc9YWfZHwBETP,Maroon 5,V (Deluxe),6554312863,2599879,7cVkMpmcdlEo67aMmffyoU
6M2wZ9GZgrQXHCFfjv46we,Dua Lipa,Dua Lipa,6532214426,2111657,2vlhlrgMaXqcnhRqIEV9AP
58lV9VcRSjABbAbfWS6skp,Bon Jovi,Bon Jovi Greatest Hits,6518668887,3139822,0VfHA0sk3N4Y1NqmC1iIaZ
6olE6TJLqED3rqDCT0FyPh,Nirvana,Nevermind (Remastered),6509522077,3888938,2UJcKiJxNryhL050F5Z1Fk
6LuN9FCkKOj5PcnpouEgny,Khalid,American Teen,6502829595,1342651,6kf46HbnYCZzP6rjvQHYzg
3e7awlrlDSwF3iM0WBjGMp,Little Mix,Between Us (The Mixers Edition),6487893367,1377689,4pkTcvV4pTt3xDkdG4rcpz
04gDigrS5kc9YWfZHwBETP,Maroon 5,V,6481706837,2583454,2Auw0pTT6EcQdvHNimhLQI
4MCBfE4596Uoi2O4DtmEMz,Juice WRLD,Death Race For Love (Bonus Track Version),6475552596,1834099,1btu0SV2DOI5HoFsvUd78F
08GQAI4eElDnROBrJRGE0X,Fleetwood Mac,Rumours (Super Deluxe),6465740207,3741996,0BwWUstDMUbgq2NYONRqlu
3e7awlrlDSwF3iM0WBjGMp,Little Mix,Between Us (The Experience),6463074958,1317387,2gX0nMFSbHtcCY6F2GGgU4
4oUHIQIBe0LHzYfvXNW4QM,Morgan Wallen,Dangerous: The Double Album (Bonus),6461994937,3597039,6LBPsXUjVuNe9ywLY4xgvX
74KM79TiuVKeVCqs8QtB0B,Sabrina Carpenter,Short n' Sweet,6449161300,13273507,3iPSVi54hsacKKl1xIR2eH
3e7awlrlDSwF3iM0WBjGMp,Little Mix,Between Us (Deluxe Version),6443281638,1315236,6XNrM2YkzSXyQ9hekFOgLN
6eUKZXaKkcviH0Ku9w2n3V,Ed Sheeran,No.6 Collaborations Project,6422576897,1318049,3oIFxDIo2fwuk4lwCmFZCx
0TnOYISbd1XYRBk9myaseg,Pitbull,Global Warming (Deluxe Version),6412904967,5266295,2USiuZqEAyfOcKmcujg4hs
5pKCCKE2ajJHZ9KAiaK11H,Rihanna,Good Girl Gone Bad: Reloaded,6412568949,4814512,3JSWZWeTHF4HDGt5Eozdy7
5pKCCKE2ajJHZ9KAiaK11H,Rihanna,Good Girl Gone Bad: Reloaded,6412568949,4814512,5kc7uQ3wqfOEwbM0mjedZj
2YZyLoL8N0Wb9xBt1NhZWg,Kendrick Lamar,"good kid, m.A.A.d city (Deluxe)",6391092489,3466778,3DGQ1iZ9XKUQxAUWjfC34w
2YZyLoL8N0Wb9xBt1NhZWg,Kendrick Lamar,"good kid, m.A.A.d city (Deluxe)",6391092489,3466778,748dZDqSZy6aPXKcI9H80u
0C0XlULifJtAgn6ZNCW2eu,The Killers,Rebel Diamonds,6383011347,3104891,6B4kdT96eBQnigkNj8eqeN
4q3ewBCX7sLwd24euuV69X,Bad Bunny,X 100PRE,6374357942,1856494,7CjJb2mikwAWA1V6kewFBF
6olE6TJLqED3rqDCT0FyPh,Nirvana,Nevermind (30th Anniversary Super Deluxe),6359315052,3765480,5eA0qtE7Yu29XiMlwoby2G
6XyY86QOPPrYVGvF9ch6wz,Linkin Park,Hybrid Theory (Bonus Edition),6342556717,3824712,6hPkbAV3ZXpGZBGUvL6jVM
0iEtIxbK0KxaSlF7G42ZOp,Metro Boomin,HEROES & VILLAINS (Heroes Version),6311640223,3611254,4o9NExZng35wpV7pLKvuW0
0iEtIxbK0KxaSlF7G42ZOp,Metro Boomin,HEROES & VILLAINS (Heroes Version),6311640223,3611254,2yEKP9l5fT3Y7RwM1QIqWl
0iEtIxbK0KxaSlF7G42ZOp,Metro Boomin,HEROES & VILLAINS (Villains Version),6304132555,3607752,3IBGIboTPEQqWOYW04lwtg
0iEtIxbK0KxaSlF7G42ZOp,Metro Boomin,HEROES & VILLAINS,6286275631,3599893,7txGsnDSqVMoRl6RQ9XyZP
6XyY86QOPPrYVGvF9ch6wz,Linkin Park,Meteora 20th Anniversary Edition,6256223473,5075523,3Q9wXhEAX7NYCPP0hxIuDz
69GGBxA162lTqCwzJG5jLp,The Chainsmokers,Collage EP,6232051464,2066781,22rp3PnM3q2mtTI0OGCzpq
04gDigrS5kc9YWfZHwBETP,Maroon 5,Overexposed Track By Track,6212572570,3341788,6ijGiBcBfUwkoyHn5VUHU2
04gDigrS5kc9YWfZHwBETP,Maroon 5,Red Pill Blues (Deluxe),6200678918,1669005,3ThQ5dvf9wlqB0C7evh5nH
04gDigrS5kc9YWfZHwBETP,Maroon 5,Red Pill Blues (Deluxe),6200678918,1669005,1Li4rADxSxjT2g4xqUcMYh
04gDigrS5kc9YWfZHwBETP,Maroon 5,Overexposed (Deluxe),6190328029,3339667,2pjfMmH52fryXVQuWTWOgP
04gDigrS5kc9YWfZHwBETP,Maroon 5,Overexposed (Deluxe),6190328029,3339667,7i1Ej2Ix9aIiLKqhNwAB2l
4oUHIQIBe0LHzYfvXNW4QM,Morgan Wallen,Dangerous: The Double Album,6189379914,3404427,6JlCkqkqobGirPsaleJpFr
1zNqDE7qDGCsyzJwohVaoX,Anne-Marie,Speak Your Mind (Deluxe),6188175523,1473060,7lPoGKpCGgdKFAxpudhAH5
3Nrfpe0tUJi4K4DXYWgMUX,BTS,MAP OF THE SOUL : 7,6149151852,1513319,5W1XY5ucNATjTULERvXx9j
06HL4z0CvFAxyc27GXpf02,Taylor Swift,Red (Taylor's Version),6148458592,3012670,6kZ42qRrzov54LcAk4onW9
7jVv8c5Fj3E9VhNjxT4snq,Lil Nas X,MONTERO,6145278032,1184983,6pOiDiuDQqrmo5DbG0ZubR
08GQAI4eElDnROBrJRGE0X,Fleetwood Mac,Rumours,6098915331,3341587,1bt6q2SruMsBtcerNVtpZB
04gDigrS5kc9YWfZHwBETP,Maroon 5,Overexposed,6091192654,3320382,5x7JzoE4A3DwwU6FPt8qws
3qm84nBOXUEQ2vnTfUTTFC,Guns N' Roses,Appetite For Destruction (Super Deluxe Edition),6062473290,2882744,3edmYBHOTxfz8NxJE1QmTP
1vCWHaC5f2uS3yhpwWbIA6,Avicii,TRUE,6048839636,2516962,2H6i2CrWgXE1HookLu8Au0
3TVXtAsR1Inumwj472S9r4,Drake,Certified Lover Boy,6000147163,2793438,3SpBlxme9WbeQdI9kx7KAV
2YZyLoL8N0Wb9xBt1NhZWg,Kendrick Lamar,"good kid, m.A.A.d city",5981057013,3216065,6PBZN8cbwkqm1ERj2BGXJ1
0Y5tJX1MQlPlqiwlOH1tJY,Travis Scott,Birds In The Trap Sing McKnight,5979127609,2194454,42WVQWuf1teDysXiOupIZt
31W5EY0aAly4Qieq6OFu6I,A Boogie Wit da Hoodie,A Boogie Wit Da Hoodie: Better Off Alone Tour Set List,5968301131,1512238,5OwfXXiIOYkwhggcBWaOb3
43ZHCT0cAZBISjO8DG9PnE,Elvis Presley,The 50 Greatest Hits,5902381038,2476743,233FZJhNii3ABqiFv2sWvs
1Xylc3o4UrD53lo9CvFvVg,Zara Larsson,So Good,5896545372,1670731,5YLRVHDVRw3QqWbeTGpC5B
1Xylc3o4UrD53lo9CvFvVg,Zara Larsson,So Good,5896545372,1670731,2GCDQipR2hfrNzLC9FCwaf
1HY2Jd0NmPuamShAr6KMms,Lady Gaga,A Star Is Born Soundtrack,5889128877,2149020,4sLtOBOzn4s3GDUv3c5oJD
4AK6F7OLvEQ5QYCBNiQWHq,One Direction,FOUR (Deluxe),5883565818,3234404,4gCNyS7pidfK3rKWhB3JOY
2wY79sveU1sp5g7SokKOiI,Sam Smith,Love Goes,5867616397,1311662,5XCBX16KNYsAe7V5hQV9mC
7vk5e3vY1uw9plTHJAMwjN,Alan Walker,Different World,5852215100,1620291,3nzuGtN3nXARvvecier4K0
7vk5e3vY1uw9plTHJAMwjN,Alan Walker,Different World,5852215100,1620291,0fhXRWRn1ip8rG35gVsXUK
7vk5e3vY1uw9plTHJAMwjN,Alan Walker,Different World,5852215100,1620291,6WtNWoJQqSWkha9uv8Qst5
0XwVARXT135rw8lyw1EeWP,Christian Nodal,La Voz De México ¡Lo Mejor!,5838255387,2025979,24VAHyHA1V3bemeuLOOBZD
12GqGscKJx3aE4t07u7eVZ,Peso Pluma,GÉNESIS,5835371806,3869521,4jox3ip1I39DFC2B7R5qLH
66CXWjxzNUsdJxJ2JdwvnR,Ariana Grande,Positions (Deluxe),5825594386,1819651,74vajFwEwXJ61OW1DKSPEa
43ZHCT0cAZBISjO8DG9PnE,Elvis Presley,Elvis 30 #1 Hits (Expanded Edition),5814595837,2450537,0uJJdEZ8sRLNPoKEkjvqTD
3WrFJ7ztbogyGnTHbHJFl2,The Beatles,The Beatles 1962 - 1966 (Remastered),5810618045,2278877,6126O4XLYAfzU3961ziahP
1yxSLGMDHlW21z4YXirZDS,Black Eyed Peas,Pump It: Workout Mix,5809930852,3629505,2xYUkRGeb9fUSTe1nLuJ9H
0Y5tJX1MQlPlqiwlOH1tJY,Travis Scott,UTOPIA,5808546155,4388657,18NOKLkZETa4sWwLMIm0UZ
0Y5tJX1MQlPlqiwlOH1tJY,Travis Scott,UTOPIA,5808546155,4388657,1yM8iaMk4Slsqr94LabgN1
1mcTU81TzQhprhouKaTkpq,Rauw Alejandro,VICE VERSA,5804887637,3852477,2Nt6MDJXfoxQ22tIQgWXIh
3TVXtAsR1Inumwj472S9r4,Drake,Take Care (Deluxe),5769777631,3050764,6X1x82kppWZmDzlXXK3y3q
6XyY86QOPPrYVGvF9ch6wz,Linkin Park,Meteora (Bonus Edition),5725048583,4641324,0y13VbGddQ4azdVWakksAL
63yrD80RY3RNEM2YDpUpO8,Melanie Martinez,Cry Baby (Deluxe Edition),5717698589,1788359,5JpH5T1sCYnUyZD6TM0QaY
6MDME20pz9RveH9rEXvrOM,Clean Bandit,What Is Love? (Deluxe Edition),5710625434,1547733,1MvF4ulZKH7SaDQs9rE5nc
58lV9VcRSjABbAbfWS6skp,Bon Jovi,Cross Road,5701238029,2785564,0tBfLeYdX3oBnl5NVpot4m
4nDoRrQiYLoBzwC5BhVJzF,Camila Cabello,Romance,5695015569,1818132,3Vsbl0diFGw8HNSjG8ue9m
4nDoRrQiYLoBzwC5BhVJzF,Camila Cabello,Romance,5695015569,1818132,4MjzdTkEmTwPAlVwDSSivP
6XyY86QOPPrYVGvF9ch6wz,Linkin Park,Meteora,5675320417,4625524,4Gfnly5CzMJQqkUFfoHaP3
3q7HBObVc0L8jNeTe5Gofh,50 Cent,Get Rich Or Die Tryin',5613661498,2986200,5G5rgQHzdQnw32SI0WjIo5
3q7HBObVc0L8jNeTe5Gofh,50 Cent,Get Rich Or Die Tryin',5613661498,2986200,0OfzVAXf5aVP4W4NIOLTKj
3q7HBObVc0L8jNeTe5Gofh,50 Cent,Get Rich Or Die Tryin',5613661498,2986200,4ycNE7y1rp5215g1kkqk1P
53XhwfbYqKCa1cC15pYq2q,Imagine Dragons,Mercury - Acts 1 & 2,5610336834,2378272,6yiXkzHvC0OTmhfDQOEWtS
06HL4z0CvFAxyc27GXpf02,Taylor Swift,evermore (deluxe version),5574907697,2298916,6AORtDjduMM3bupSWzbTSG
4V8Sr092TqfHkfAA5fXXqG,Luis Fonsi,VIDA,5566220197,1164591,5C0YLr4OoRGFDaqdMQmkeH
7CajNmpbOovFoOoasH2HaY,Calvin Harris,18 Months,5556729896,2970072,7w19PFbxAjwZ7UVNp9z0uT
77SW9BnxLY8rJ0RciFqkHh,The Neighbourhood,I Love You. (10th Anniversary Edition),5515907505,3324939,5n7S9xN6tYY8aGJU3kE0Va
4AK6F7OLvEQ5QYCBNiQWHq,One Direction,Made In The A.M. (Deluxe Edition),5513700002,1665990,1gMxiQQSg5zeu4htBosASY
3fMbdgg4jU18AjLCKBhRSm,Michael Jackson,Thriller 40,5508964355,2866145,57TzZhbqvYoUBzJSVKFVlG
4gzpq5DPGxSnKTe4SA8HAU,Coldplay,Parachutes,5507568325,3735334,6ZG5lRT77aJ3btmArcykra
4AK6F7OLvEQ5QYCBNiQWHq,One Direction,Midnight Memories (Deluxe),5495127507,2630603,7p1fX8aUySrBdx4WSYspOu
5K4W6rqBFWDnAN6FQUkS6x,Kanye West,The Life Of Pablo,5494996156,1451829,7gsWAHLeT0w7es6FofOXk1
2h93pZq0e7k5yf4dywlkpM,Frank Ocean,channel ORANGE,5489283934,4060591,392p3shh2jkxUxY2VHvlH8
43ZHCT0cAZBISjO8DG9PnE,Elvis Presley,The Essential Elvis Presley,5487256259,2321394,3X3rFfVKCW58sKMO0UXkwO
3fMbdgg4jU18AjLCKBhRSm,Michael Jackson,Thriller 25 Super Deluxe Edition,5486993585,2849967,1C2h7mLntPSeVYciMRTF4a
4IWBUUAFIplrNtaOHcJPRM,James Arthur,Back from the Edge,5484758392,2374898,7oiJYvEJHsmYtrgviAVIBD
7CajNmpbOovFoOoasH2HaY,Calvin Harris,Motion,5482822935,2935694,48zisMeiXniWLzOQghbPqS
790FomKkXshlbRYZFtlgla,KAROL G,KG0516,5471794854,1548045,5CS8E6JVACItYto4OOJoPW
3JhNCzhSMTxs9WLGJJxWOY,Macklemore,The Heist (Deluxe Edition),5462786290,2209293,2pFX16u42q0e5F5vRmmzYT
3qm84nBOXUEQ2vnTfUTTFC,Guns N' Roses,Appetite For Destruction,5457231509,2625538,28yHV3Gdg30AiB8h8em1eW
22bE4uQ6baNwSHPVcDxLCe,The Rolling Stones,Hot Rocks 1964-1971,5446124484,2035996,0aqZJlugIkTUWW1sa4BANp
3fMbdgg4jU18AjLCKBhRSm,Michael Jackson,Thriller,5425924686,2828833,2ANVost0y2y52ema1E9xAZ
3JhNCzhSMTxs9WLGJJxWOY,Macklemore,The Heist,5423071375,2202474,5QWHes9ODwn42DHTifGkXd
3JhNCzhSMTxs9WLGJJxWOY,Macklemore,The Heist,5423071375,2202474,76FXHQhTuT4QMIxfL09gX8
06HL4z0CvFAxyc27GXpf02,Taylor Swift,THE TORTURED POETS DEPARTMENT,5399296163,5993768,1Mo4aZ8pdj6L1jx8zSwJnt
1Cs0zKBU1kc0i8ypK3B9ai,David Guetta,Nothing but the Beat (Ultimate Edition),5377224422,2885835,4bTjdxhRRUiWfwj200f9Kl
7tYKF4w9nC0nq9CsPZTHyP,SZA,Ctrl (Deluxe),5372136857,2874986,6FKP2O0oOvZlDkF0gyTjiJ
4O15NlyKLIASxsJ0PrXPfz,Lil Uzi Vert,Luv Is Rage 2,5369579347,1157214,733e1ZfktLSwj96X5rsMeE
66CXWjxzNUsdJxJ2JdwvnR,Ariana Grande,Sweetener,5367973211,1429811,3tx8gQqWbGwqIGZHqDNrGe
69GGBxA162lTqCwzJG5jLp,The Chainsmokers,Memories...Do Not Open,5366468959,2194239,4JPguzRps3kuWDD5GS6oXr
51Blml2LZPmy7TTiAg47vQ,U2,"SURRENDER 40 SONGS, ONE PLAYLIST",5359787937,2134105,2UoXcoC6J59QuwCPQxCJGu
6DPYiyq5kWVQS4RGwxzPC7,Dr. Dre,2001,5352015567,2228672,4zAy084VKE74mjySXPMlaW
6DPYiyq5kWVQS4RGwxzPC7,Dr. Dre,2001,5352015567,2228672,7q2B4M5EiBkqrlsNW8lB7N
5me0Irg2ANcsgc93uaYrpb,The Notorious B.I.G.,Music Inspired By Biggie: I Got A Story To Tell,5331641215,2335659,0Y2G7k6Znc8iiYP7xiIADr
66CXWjxzNUsdJxJ2JdwvnR,Ariana Grande,Positions,5313876048,1663202,3euz4vS7ezKGnNSwgyvKcd
0oSGxfWSnnOXhD2fKuz2Gy,David Bowie,Best of Bowie,5256983864,1821916,0wdWjBb23leDF11YND4kQd
0oSGxfWSnnOXhD2fKuz2Gy,David Bowie,Best of Bowie,5256983864,1821916,1jdQFC3s8PZUc5i7vovZTv
1Cs0zKBU1kc0i8ypK3B9ai,David Guetta,Nothing but the Beat 2.0,5254652830,2872037,5aprcHwM1KJhaY9Kbxkfkn
4q3ewBCX7sLwd24euuV69X,Bad Bunny,nadie sabe lo que va a pasar mañana,5207129183,3826188,4FftCsAcXXD1nFO9RFUNFO
26dSoYclwsYLMAKD3tpOr4,Britney Spears,Greatest Hits: My Prerogative,5207042689,2849713,574xhx2X0G9MkqACxqi4cg
26dSoYclwsYLMAKD3tpOr4,Britney Spears,Greatest Hits: My Prerogative,5207042689,2849713,3caKTh2tJMowPiMz0cguLI
7dGJo4pcD2V6oG8kP0tJRR,Eminem,The Marshall Mathers LP,5201766112,2181493,6t7956yu5zYf5A829XRiHC
7dGJo4pcD2V6oG8kP0tJRR,Eminem,The Marshall Mathers LP,5201766112,2181493,5H0rjI1TW8F2tORPYMJXHJ
718COspgdWOnwOFpJHRZHS,Luke Combs,This One's for You Too (Deluxe Edition),5200819308,2319742,53Oa5Bu0UTU8o8qCTaHKoz
06HL4z0CvFAxyc27GXpf02,Taylor Swift,1989 (Taylor's Version) [Deluxe],5182339386,3957085,1o59UpKw81iHR0HPiSkJR0
1Xyo4u8uXC1ZmMpatF05PJ,The Weeknd,Dawn FM (Alternate World),5177624481,2488334,3esNgb0dchNmQ3MhlUVaa7
1Xyo4u8uXC1ZmMpatF05PJ,The Weeknd,Dawn FM (Alternate World),5177624481,2488334,0A8SNVB9aIWEW3rm2OgwOB
1Xyo4u8uXC1ZmMpatF05PJ,The Weeknd,Dawn FM (Alternate World),5177624481,2488334,12INlMsFtBjyehNnawBv36
2RQXRUsr4IW1f3mKyKsy4B,Noah Kahan,Stick Season (Forever),5167567035,5826735,3qBWNcWifNhUKJAWzswdJY
55Aa2cqylxrFIXC767Z865,Lil Wayne,I Am Music,5161223385,3117113,0Nur9t7M0miEBoAnQ3rPv2
4npEfmQ6YuiwW1GpUmaq3F,Ava Max,Heaven & Hell,5139823662,1264177,26c7MmQ4w8EAvVLb4jilaM
77SW9BnxLY8rJ0RciFqkHh,The Neighbourhood,I Love You.,5123026350,3125737,4xkM0BwLM9H2IUcbYzpcBI
51Blml2LZPmy7TTiAg47vQ,U2,U218 Singles,5118978963,2081028,0pYUq4UiXNgq8mO23rlHVU
51Blml2LZPmy7TTiAg47vQ,U2,U218 Singles (Deluxe Version),5104252389,2071145,72jdJEV95RFo6oecTO5tVk
26VFTg2z8YR0cCuwLzESi2,Halsey,Manic,5094550541,1222326,68enXe5XcJdciSDAZr0Alr
26VFTg2z8YR0cCuwLzESi2,Halsey,Manic,5094550541,1222326,1hlapolkCnQLMgKcKNVCuc
6eUKZXaKkcviH0Ku9w2n3V,Ed Sheeran,=,5090735048,1855364,32iAEBstCjauDhyKpGjTuq
5pKCCKE2ajJHZ9KAiaK11H,Rihanna,Unapologetic (Deluxe),5069259141,2618827,5pLlGJrxuQO3jMoQe1XxZY
5pKCCKE2ajJHZ9KAiaK11H,Rihanna,Unapologetic (Deluxe),5069259141,2618827,4eddbruVtOqw8khwxSH6H2
06HL4z0CvFAxyc27GXpf02,Taylor Swift,1989 (Taylor's Version),5066848189,3818434,64LU4c1nfjz1t4VnGhagcg
7n2wHs1TKAczGzO7Dd2rGr,Shawn Mendes,Handwritten (Deluxe),5061936276,1364971,5Jov5724Nz13A302HM2eKG
7dGJo4pcD2V6oG8kP0tJRR,Eminem,Recovery (Deluxe Edition),5059668805,1854502,1gUI4keDXbeSil6rwY9qUm
7dGJo4pcD2V6oG8kP0tJRR,Eminem,Recovery,5050755774,1850372,47BiFcV59TQi2s9SkBo2pb
7dGJo4pcD2V6oG8kP0tJRR,Eminem,Recovery,5050755774,1850372,1eV4mlmOSsmbTRjjYKYzE8
1McMsnEElThX1knmY4oliG,Olivia Rodrigo,GUTS (spilled),5044239240,5445201,1D06fz3cuob62ysTS8k6gu
06HL4z0CvFAxyc27GXpf02,Taylor Swift,evermore,5035570479,1998100,2Xoteh7uEpea4TohMxjtaq
06HL4z0CvFAxyc27GXpf02,Taylor Swift,evermore,5035570479,1998100,5jmVg7rwRcgd6ARPAeYNSm
43ZHCT0cAZBISjO8DG9PnE,Elvis Presley,Elvis 30 #1 Hits,5034194991,2136053,0QVoYzGd1p8Z3ohEaM0lsc
1GxkXlMwML1oSg5eLPiAz3,Michael Bublé,Christmas (Deluxe 10th Anniversary Edition),5033387510,58790,0FHpjWlnUmplF5ciL84Wpa
5pKCCKE2ajJHZ9KAiaK11H,Rihanna,Unapologetic (Edited Version),5023003643,2612066,0T23GvNaBUGtMKxZko8LQG
0oSGxfWSnnOXhD2fKuz2Gy,David Bowie,Nothing Has Changed (The Best of David Bowie) [Deluxe Edition],5020326536,1764879,5CeaUy7mAbMw3nMI3ezmie
0L8ExT028jH3ddEcZwqJJ5,Red Hot Chili Peppers,Californication (Deluxe Edition),4992388277,2505467,2Y9IRtehByVkegoD7TcLfi
1vCWHaC5f2uS3yhpwWbIA6,Avicii,Stories,4988864748,1803678,7dqftJ3kas6D0VAdmt3k3V
1dfeR4HaWDbWqFHLkxsg1d,Queen,Greatest Hits II,4966777686,2041446,7rq68qYz66mNdPfidhIEFa
0oSGxfWSnnOXhD2fKuz2Gy,David Bowie,"Legacy (The Very Best Of David Bowie, Deluxe)",4962856699,1748887,1TAUTNeWsXMv2rM4IJjBoh
5Pwc4xIPtQLFEnJriah9YJ,OneRepublic,Native,4946554732,2262529,20lOt6G8MHv8ZO7ViOmiP7
5Pwc4xIPtQLFEnJriah9YJ,OneRepublic,Native,4946554732,2262529,2bbhW5ifCwOYM8DMkqoYBF
5Pwc4xIPtQLFEnJriah9YJ,OneRepublic,Native,4946554732,2262529,42UJjk8i8L0De7lQtu7sqi
0L8ExT028jH3ddEcZwqJJ5,Red Hot Chili Peppers,Californication,4946023741,2485798,0fLhefnjlIV3pGNF9Wo8CD
1vCWHaC5f2uS3yhpwWbIA6,Avicii,True (Bonus Edition),4942356041,2019080,50oWFJ0mDEeMa74ElsdAp3
5INjqkS1o8h1imAzPqGZBb,Tame Impala,Currents,4905113970,2902224,79dL7FLiJFOO0EoehUHQBv
1QAJqy2dA3ihHBFIHRphZj,Cigarettes After Sex,Cigarettes After Sex,4899986594,4606670,5chTLnnxlxQVAgEv6YbEBe
4kYSro6naA4h99UJvo89HB,Cardi B,Invasion of Privacy,4887251036,841211,4KdtEKjY3Gi0mKiSdy96ML
1uNFoZAHBGtllmzznpCI3s,Justin Bieber,My Worlds - The Collection (International Package),4882212442,3090753,4xRYS2fVx6x2Vb0MKeFjyo
1Cs0zKBU1kc0i8ypK3B9ai,David Guetta,7: Anniversary Edition,4879976196,710779,0GJU424RiEyYQTLbZcHVA7
1GxkXlMwML1oSg5eLPiAz3,Michael Bublé,Christmas (Deluxe Special Edition),4870137313,56892,7uVimUILdzSZG4KKKWToq0
1GxkXlMwML1oSg5eLPiAz3,Michael Bublé,Christmas (Deluxe Special Edition),4870137313,56892,53fJVD9LpBKEMqdAF7PW5K
2ye2Wgw4gimLv2eAKyk1NB,Metallica,Metallica (Remastered Deluxe Box Set),4849913400,2505079,12nEtB2TU44qNHt6IsyIrZ
2ye2Wgw4gimLv2eAKyk1NB,Metallica,Metallica (Remastered Deluxe Box Set),4849913400,2505079,7h5xn0Olvx2p0eQcSt1Osy
7tYKF4w9nC0nq9CsPZTHyP,SZA,Ctrl,4825787834,2510373,76290XdXVF9rPzGdNRWdCh
06HL4z0CvFAxyc27GXpf02,Taylor Swift,Fearless (Taylor's Version),4825028834,2814351,4hDok0OAJd57SGIT8xuWJH
6KImCVD70vtIoJWnq6nGn3,Harry Styles,Harry Styles,4805593269,1718796,1FZKIm3JVDCxTchXDo5jOV
6LuN9FCkKOj5PcnpouEgny,Khalid,Free Spirit,4800880600,944172,6KT8x5oqZJl9CcnM66hddo
2EMAnMvWE2eb56ToJVfCWs,Bryson Tiller,T R A P S O U L (Deluxe),4768077504,2575533,54B6i7KlSGD9fAzKQB7n89
22bE4uQ6baNwSHPVcDxLCe,The Rolling Stones,The Rolling Stones Singles Collection: The London Years,4738783899,1755317,0ACOqjq9mQuCZry2kj5zkB
5K4W6rqBFWDnAN6FQUkS6x,Kanye West,My Beautiful Dark Twisted Fantasy,4730703225,2206472,20r762YmB5HeofjMCiPMLv
5pKCCKE2ajJHZ9KAiaK11H,Rihanna,Loud,4702394405,2867861,7vN82vd1Vq44fjlhjfvHJp
5pKCCKE2ajJHZ9KAiaK11H,Rihanna,Loud,4702394405,2867861,6UHhmTLl9T1scRYLmpHcDX
5pKCCKE2ajJHZ9KAiaK11H,Rihanna,Loud (Japan Version),4698190634,2869866,5QG3tjE5L9F6O2vCAPph38
1Mxqyy3pSjf8kZZL4QVxS0,Frank Sinatra,Ultimate Sinatra: The Centennial Collection,4695915073,2228990,7F1DRunIUlihQZ44KWVnMZ
1Mxqyy3pSjf8kZZL4QVxS0,Frank Sinatra,Ultimate Sinatra: The Centennial Collection,4695915073,2228990,22KCcelRH1AeHz7S7x5XhY
1HY2Jd0NmPuamShAr6KMms,Lady Gaga,The Fame,4691937589,3491994,1jpUMnKpRlng1OJN7LJauV
1HY2Jd0NmPuamShAr6KMms,Lady Gaga,The Fame,4691937589,3491994,1qwlxZTNLe1jq3b0iidlue
738wLrAtLtCtFOLvQBXOXp,Major Lazer,Peace Is The Mission (Extended),4677979898,1500287,1B5g6fUb4L7NnL6CCPQD6p
738wLrAtLtCtFOLvQBXOXp,Major Lazer,Peace Is The Mission (Extended),4677979898,1500287,6UuIZMzE1pabH1JkTCACb6
738wLrAtLtCtFOLvQBXOXp,Major Lazer,Peace Is The Mission (Extended),4677979898,1500287,2Vrovs0ox24aKH9pgiZcNB
738wLrAtLtCtFOLvQBXOXp,Major Lazer,Peace Is The Mission : Extended,4665026027,1495663,2U0b5MfkMUgzdvRUI69mya
5cj0lLjcoR7YOSnhnX0Po5,Doja Cat,Hot Pink,4663415311,1585944,1MmVkhiwTH0BkNOU3nw5d3
6XkjpgcEsYab502Vr1bBeW,Grupo Frontera,El Comienzo,4663023412,2211912,5i9lMMUZ1QZNsLEE3j50kT
6jJ0s89eD6GaHleKKya26X,Katy Perry,PRISM (Deluxe),4644250932,2014435,5MQBzs5YlZlE28mD9yUItn
2EMAnMvWE2eb56ToJVfCWs,Bryson Tiller,T R A P S O U L,4640559972,2496731,6eZdwrhB97A3EYx9QppGfl
1Xyo4u8uXC1ZmMpatF05PJ,The Weeknd,"My Dear Melancholy,",4624430195,1911998,4qZBW3f2Q8y0k1A84d4iAO
5pKCCKE2ajJHZ9KAiaK11H,Rihanna,Good Girl Gone Bad,4620229376,3893424,4OXnPSBtZo8PBFiTOfuumP
7Ln80lUS6He07XvHI8qqHH,Arctic Monkeys,Favourite Worst Nightmare (Standard Version),4620151968,2970938,6rsQnwaoJHxXJRCDBPkBRw
6JL8zeS1NmiOftqZTRgdTz,Meghan Trainor,Title (10th Anniversary Edition),4609893112,1381718,4UAaN9ifmJueH9wBtuz2f4
4V8LLVI7PbaPR0K2TGSxFF,"Tyler, The Creator",IGOR,4604319899,3035180,5zi7WsKlIiUXv09tbGLKsE
6jJ0s89eD6GaHleKKya26X,Katy Perry,PRISM,4591792976,2009445,3jB9yFDwRe3KhtGnHXJntk
0EmeFodog0BfCgMzAIvKQp,Shakira,Las Mujeres Ya No Lloran,4572056331,2149252,3fonA82Hl7huJiQCwKkzGA
0XwVARXT135rw8lyw1EeWP,Christian Nodal,Lo Mejor De Dos Grandes,4564549408,1558270,41miFcpPdg6OLeV2HWoMlh
4V8LLVI7PbaPR0K2TGSxFF,"Tyler, The Creator",Flower Boy,4553089303,2813189,2nkto6YNI4rUYTLqEwWJ3o
1yxSLGMDHlW21z4YXirZDS,Black Eyed Peas,The Beginning & The Best Of The E.N.D.,4547526709,3062742,5qf9TEgsN87fxwEKsJP2vu
1yxSLGMDHlW21z4YXirZDS,Black Eyed Peas,The Beginning & The Best Of The E.N.D. (International Mega-Deluxe Version),4545537688,3062096,0L0XGiaMNumFDbrKRlC6aS
1Xyo4u8uXC1ZmMpatF05PJ,The Weeknd,Trilogy,4540809684,2953201,2XGEyGU76kj55OdHWynX0S
1Xyo4u8uXC1ZmMpatF05PJ,The Weeknd,Trilogy,4540809684,2953201,5EbpxRwbbpCJUepbqVTZ1U
5eAWCfyUhZtHHtBdNk56l1,System Of A Down,Toxicity,4533940713,3376038,6jWde94ln40epKIQCd8XUh
5eAWCfyUhZtHHtBdNk56l1,System Of A Down,Toxicity,4533940713,3376038,6eHooNFxb0HVRmdWX3rCoZ
4gzpq5DPGxSnKTe4SA8HAU,Coldplay,A Rush of Blood to the Head,4526479945,3173621,0RHX9XECH8IVI3LNgWDpmQ
711MCceyCBcFnzjGY4Q7Un,AC/DC,Bonfire,4518116747,2256925,4zc05VOEyUmG4YTze8tMnZ
1i8SpTcr7yvPOmcqrbnVXY,Ozuna,Odisea,4516836848,1770060,4s05NbwGgw5SO42AdsN5Oo
711MCceyCBcFnzjGY4Q7Un,AC/DC,Back In Black,4481007460,2244934,6mUdeDZCsExyJLMdAfDuwh
0C0XlULifJtAgn6ZNCW2eu,The Killers,Hot Fuss,4478366430,2282517,4piJq7R3gjUOxnYs6lDCTg
7n2wHs1TKAczGzO7Dd2rGr,Shawn Mendes,Handwritten,4462443480,1188715,6sUOosXuYt0oUeczJRbedZ
3TVXtAsR1Inumwj472S9r4,Drake,Nothing Was The Same (Deluxe),4456108273,1392857,5mz0mJxb80gqJIcRf9LGHJ
4UXqAaa6dQYAk18Lv7PEgX,Fall Out Boy,Believers Never Die - Greatest Hits (Volume Two),4455476637,1644184,2MlgtDuxXXz8c8Toc9kKTd
4q3ewBCX7sLwd24euuV69X,Bad Bunny,OASIS,4447962336,2189719,6ylFfzx32ICw4L1A7YWNLN
0oSGxfWSnnOXhD2fKuz2Gy,David Bowie,Legacy,4416016104,1580426,2EGoU6wx7retxKjClGyaxA
0oSGxfWSnnOXhD2fKuz2Gy,David Bowie,Legacy,4416016104,1580426,1W5hoezJkO7YwEy5UcafJb
00FQb4jTyendYWaN8pK0wa,Lana Del Rey,Ultraviolence (Deluxe),4406580246,3471156,1ORxRsK3MrSLvh7VQTF01F
2RQXRUsr4IW1f3mKyKsy4B,Noah Kahan,Stick Season (We'll All Be Here Forever),4402578601,4526068,1pb3je8gXTs5dpRRTKhHRC
1McMsnEElThX1knmY4oliG,Olivia Rodrigo,GUTS,4384870489,4369846,1xJHno7SmdVtZAtXbdbDZp
1GxkXlMwML1oSg5eLPiAz3,Michael Bublé,Christmas,4382816731,52279,4Eeeg4yMb5qtMEm0lk6lDM
5lwmRuXgjX8xIwlnauTZIP,Romeo Santos,"Fórmula, Vol. 2 (Deluxe Edition)",4358690999,2628171,17HsiXfqKUPoTP6Y5ebs1L
4nDoRrQiYLoBzwC5BhVJzF,Camila Cabello,Camila,4358064554,1307534,2vD3zSQr8hNlg0obNel4TE
0X2BH1fck6amBIoJhDVmmJ,Ellie Goulding,Delirium (Deluxe),4356297180,1832492,20Ol6zZ0nLlc5EGTH1zA0j
0X2BH1fck6amBIoJhDVmmJ,Ellie Goulding,Delirium (Deluxe),4356297180,1832492,5nhoVKDcCXvi3AruUFJWnv
66CXWjxzNUsdJxJ2JdwvnR,Ariana Grande,eternal sunshine deluxe: brighter days ahead (a cappella version),4355211308,15638371,2xqTa2dCR54yYHEcttiXyD
163tK9Wjr9P9DmM0AVK7lm,Lorde,Pure Heroine,4354055211,1626195,0rmhjUgoVa17LZuS8xWQ3v
1uNFoZAHBGtllmzznpCI3s,Justin Bieber,My Worlds (International Version),4346132805,2750184,0ALfQaGYSvcRNV5OLbixA3
0TnOYISbd1XYRBk9myaseg,Pitbull,Planet Pit,4345664456,3637494,3K3wPSsFq3jt0tgZXerYma
66CXWjxzNUsdJxJ2JdwvnR,Ariana Grande,eternal sunshine deluxe: brighter days ahead (instrumental version),4343660958,15506948,7saicsozAZSsKEVQh4WAig
20wkVLutqVOYrc0kxFs7rA,Daniel Caesar,Freudian,4341699427,3219735,4E1XUBMTpLO7GpBzUo65Jp
66CXWjxzNUsdJxJ2JdwvnR,Ariana Grande,eternal sunshine deluxe: brighter days ahead,4341134422,15429412,6cbwstHlsAIIWurIIXXBPd
6vWDO969PvNqNYHIOW5v0m,Beyoncé,I AM...SASHA FIERCE - Platinum Edition,4336650984,2059481,3ROfBX6lJLnCmaw1NrP5K9
63yrD80RY3RNEM2YDpUpO8,Melanie Martinez,Cry Baby,4334497751,1356176,2wPD7JNjWWmAysbcHzD70b
66CXWjxzNUsdJxJ2JdwvnR,Ariana Grande,eternal sunshine (slightly deluxe and also live),4325359164,7267429,3L2iweH45rVdTBPldbY6dp
6vWDO969PvNqNYHIOW5v0m,Beyoncé,I AM...SASHA FIERCE,4313707149,2055023,23Y5wdyP5byMFktZf8AcWU
4Ga1P7PMIsmqEZqhYZQgDo,Lil Tecca,We Love You Tecca,4275688122,2059981,1I6FpscJIfwf4T56VxGVsB
66CXWjxzNUsdJxJ2JdwvnR,Ariana Grande,eternal sunshine (slightly deluxe),4270493141,7176991,5Csjy4XeA7KnizkhIvI7y2
2QsynagSdAqZj3U9HgDzjD,Bob Marley & The Wailers,One Love (Original Motion Picture Soundtrack),4268146436,2322971,2VbmXDBkPj34TiyMNYaboj
6tbjWDEIzxoDsBA1FuhfPW,Madonna,Celebration,4261583322,2454121,3cc9LPeZ2WB7qtMuGbkwbG
6tbjWDEIzxoDsBA1FuhfPW,Madonna,Celebration (double disc version),4260879940,2453914,43lok9zd7BW5CoYkXZs7S0
7dGJo4pcD2V6oG8kP0tJRR,Eminem,Music To Be Murdered By - Side B (Deluxe Edition),4246873327,1132777,3MKvhQoFSrR2PrxXXBHe9B
7n2wHs1TKAczGzO7Dd2rGr,Shawn Mendes,Handwritten (Revisited),4246823877,1172022,11fLgnq2LE8p5hzo8urweI
04gDigrS5kc9YWfZHwBETP,Maroon 5,Songs About Jane: 10th Anniversary Edition,4236930979,2474472,5zClcGCSWj926AMjvBNSLc
4gzpq5DPGxSnKTe4SA8HAU,Coldplay,A Head Full of Dreams,4234404572,2327589,3cfAM8b8KqJRoIzt3zLKqw
2YZyLoL8N0Wb9xBt1NhZWg,Kendrick Lamar,Black Panther The Album Music From And Inspired By,4231102004,3384084,3pLdWdkj83EYfDN6H2N8MR
4YRxDV8wJFPHPTeXepOstw,Arijit Singh,Arijit Singh - India Tour Hits,4215832097,2981154,7vMWh9urOORyyFjwV4Drs4
7dGJo4pcD2V6oG8kP0tJRR,Eminem,The Marshall Mathers LP2 (Expanded Edition),4209249991,1125574,5EUgcfO5OWxnniHR3QYFcK
7dGJo4pcD2V6oG8kP0tJRR,Eminem,The Marshall Mathers LP2 (Deluxe),4200320393,1120590,6DN7GcZF1HywzrkGN6Eeqk
7dGJo4pcD2V6oG8kP0tJRR,Eminem,The Marshall Mathers LP2 (Deluxe),4200320393,1120590,6Vn28iXHIwxmvh4Va0hSoe
2R21vXR83lH98kGeO99Y66,Anuel AA,Emmanuel,4197573523,994887,7JtT7OyWM8BnIS5FXXPMKg
22bE4uQ6baNwSHPVcDxLCe,The Rolling Stones,The Rolling Stones In Mono (Remastered 2016),4171676493,1544088,5nKpMsduwp5xqCKq2IbSKv
66CXWjxzNUsdJxJ2JdwvnR,Ariana Grande,eternal sunshine,4169590333,7087224,5EYKrEDnKhhcNxGedaRQeK
04gDigrS5kc9YWfZHwBETP,Maroon 5,Songs About Jane,4168660935,2459985,1Rv9WRKyYhFaGbuYDaQunN
5JZ7CnR6gTvEMKX4g70Amv,Lauv,I met you when I was 18. (the playlist),4162333546,1241198,2iIqqSVeH04ytD0DIWrrA6
2QsynagSdAqZj3U9HgDzjD,Bob Marley & The Wailers,Marley (The Original Soundtrack),4159853753,2191264,1lBmb7nfOeFqTDN6gQLFMx
7oPftvlwr6VrsViSDV7fJY,Green Day,International Superhits!,4147896511,2176579,6HUIbDhzmqcwxrxUfTuHdW
23fqKkggKUBHNkbKtXEls4,Kygo,Cloud Nine,4145967831,1075394,0uMIzWh1uEpHEBell4rlF8
2wUjUUtkb5lvLKcGKsKqsR,Alessia Cara,Know-It-All,4143500741,1108245,7HnbhIDKXIBhMR4EPGuMgu
6eUKZXaKkcviH0Ku9w2n3V,Ed Sheeran,+,4132516215,866659,0W5GGnapMz0VwemQvJDqa7
6eUKZXaKkcviH0Ku9w2n3V,Ed Sheeran,+,4132516215,866659,02pi98kE0nra0yBqCStzbC
1Cs0zKBU1kc0i8ypK3B9ai,David Guetta,Nothing but the Beat,4124748135,2239095,08DAekBeqPRCsn3XHDwj6b
4dpARuHxo51G3z768sgnrY,Adele,30,4117372783,1691796,21jF5jlMtzo94wbxmJ18aa
77SW9BnxLY8rJ0RciFqkHh,The Neighbourhood,I'm Sorry...,4108184628,2456240,4hRjuAxpm9X6h1H95QVgJ9
77SW9BnxLY8rJ0RciFqkHh,The Neighbourhood,I'm Sorry...,4108184628,2456240,64uUQtKfndQguejYmA40lL
1KCSPY1glIKqW2TotWuXOR,P!nk,Greatest Hits...So Far!!!,4089847294,1780505,2dpS2uYlkzDsPjl3IZbNjD
53XhwfbYqKCa1cC15pYq2q,Imagine Dragons,Origins (Deluxe),4087632618,1379282,3JfSxDfmwS5OeHPwLSkrfr
4q3ewBCX7sLwd24euuV69X,Bad Bunny,DeBÍ TiRAR MáS FOToS,4082270049,23975034,5K79FLRUCSysQnVESLcTdb
6JL8zeS1NmiOftqZTRgdTz,Meghan Trainor,Title (Expanded Edition),4078096016,1142783,7m2Gzfu5nMgHTiMbNDwPr7
7bXgB6jMjp9ATFy66eO08Z,Chris Brown,Indigo (Extended),4073513294,1499507,3okhA6w5uau6ZNhnVpwVww
0k17h0D3J5VfsdmQ1iZtE9,Pink Floyd,Echoes: The Best of Pink Floyd,4049307094,2406432,4fLDPTMutLCNWb7WoyCF86
00FQb4jTyendYWaN8pK0wa,Lana Del Rey,Norman Fucking Rockwell!,4032566336,2628627,5XpEKORZ4y6OrCZSKsi46A
2LRoIwlKmHjgvigdNGBHNo,Feid,FELIZ CUMPLEAÑOS FERXXO TE PIRATEAMOS EL ÁLBUM,4030635535,1957033,7pijRxgRaBirPz6wDaJIp9
77SW9BnxLY8rJ0RciFqkHh,The Neighbourhood,Hard To Imagine The Neighbourhood Ever Changing,4029543555,2685984,0ODLCdHBFVvKwJGeSfd1jy
540vIaP2JwjQb9dm3aArA4,DJ Snake,Encore,4003482975,1537912,02sEJTj1sye1JaqxqpcSCp
540vIaP2JwjQb9dm3aArA4,DJ Snake,Encore,4003482975,1537912,7rZHP0Z6ddaBrYaq0QAewR
1GxkXlMwML1oSg5eLPiAz3,Michael Bublé,Collection,3992583357,1573556,4svSkGxFOWjnX7PrmROuCI
0eDvMgVFoNV3TpwtrVCoTj,Pop Smoke,Meet The Woo 2 (Deluxe),3982542043,939315,5NTOvCGu7HT4DgJGLXtKUU
1dfeR4HaWDbWqFHLkxsg1d,Queen,A Night At The Opera (Deluxe Remastered Version),3981971237,1349685,6X9k3hSsvQck2OfKYdBbXr
3Nrfpe0tUJi4K4DXYWgMUX,BTS,BE,3978001547,996861,2UuvBxV56QWWj2uviGS0up
3Nrfpe0tUJi4K4DXYWgMUX,BTS,BE,3978001547,996861,6nYfHQnvkvOTNHnOhDT3sr
5WUlDfRSoLAfcVSX1WnrxN,Sia,1000 Forms Of Fear (Deluxe Version),3946000160,1549913,6FdNvoO5sF4EKwCX9je1MH
04gDigrS5kc9YWfZHwBETP,Maroon 5,JORDI (Deluxe),3930873318,1153829,1pCA38N6MkLlthXtAOvZTU
04gDigrS5kc9YWfZHwBETP,Maroon 5,JORDI (Deluxe),3930873318,1153829,2dnLi41uRXC7aNqDmcEc0P
718COspgdWOnwOFpJHRZHS,Luke Combs,What You See Ain't Always What You Get (Deluxe Edition),3920167777,1288964,25TJxI6ZH6XjT8geRQAFz5
7jVv8c5Fj3E9VhNjxT4snq,Lil Nas X,7,3914384610,494005,2Sq9AIsIrad2GygwB6QLPt
7jVv8c5Fj3E9VhNjxT4snq,Lil Nas X,7,3914384610,494005,4IRiXE5NROxknUSAUSjMoO
7jVv8c5Fj3E9VhNjxT4snq,Lil Nas X,7,3914384610,494005,5rbJtzuXtpIP0Ykk7ewIit
7jVv8c5Fj3E9VhNjxT4snq,Lil Nas X,7,3914384610,494005,0CuSXTQ9lMv0gvnrISpk0L
58lV9VcRSjABbAbfWS6skp,Bon Jovi,Slippery When Wet (Deluxe Edition),3908849909,1694351,2PRGSft6sBpJewkx16FrJG
58lV9VcRSjABbAbfWS6skp,Bon Jovi,Slippery When Wet,3908555937,1692480,0kBfgEilUFCMIQY5IOjG4t
1Mxqyy3pSjf8kZZL4QVxS0,Frank Sinatra,Collected,3896883977,2090661,2vBpHUDhVTInqSLxkw9Kx2
4O15NlyKLIASxsJ0PrXPfz,Lil Uzi Vert,Eternal Atake (Deluxe) - LUV vs. The World 2,3896337283,1087668,0fEO7g2c5onkaXsybEtuD2
7dGJo4pcD2V6oG8kP0tJRR,Eminem,The Marshall Mathers LP2,3886668627,1053399,3vOgbDjgsZBAPwV2M3bNOj
07YUOmWljBTXwIseAUd9TW,Sebastian Yatra,MANTRA,3870011253,1339673,1l1zcI8iwJg4WCb7jxHtbN
757aE44tKEUQEqRuT6GnEB,Roddy Ricch,Please Excuse Me for Being Antisocial,3867695693,823288,52u4anZbHd6UInnmHRFzba
6fOMl44jA4Sp5b9PpYCkzz,NF,Perception,3859340206,932609,1KOmHyNLuOe5YrPhD3Juuf
5f7VJjfbwm532GiveGC0ZK,Lil Baby,My Turn (Deluxe),3857102646,1631687,6uhEg4ASZYLIilZFCBFy1r
05fG473iIaoy82BF1aGhL8,Slipknot,Antennas to Hell (Special Edition),3849009265,2477572,2dNADktB0Xh4CHcxRvHvcz
0XwVARXT135rw8lyw1EeWP,Christian Nodal,Duelo Romántico,3834799610,1442728,6gT6961PlwWU2A0jFrnHZt
2wY79sveU1sp5g7SokKOiI,Sam Smith,The Thrill Of It All (Special Edition),3821180203,749653,3TJz2UBNYJtlEly0sPeNrQ
05fG473iIaoy82BF1aGhL8,Slipknot,Antennas to Hell,3818912069,2466472,5xW7jvxqioGDQPtaH6PY9A
4AK6F7OLvEQ5QYCBNiQWHq,One Direction,Take Me Home (Expanded Edition),3818240260,1189552,2sWX3HYnZjPZ9MrH6MFsBt
5YGY8feqx7naU7z4HrwZM6,Miley Cyrus,Plastic Hearts,3815117443,1139676,5BRhg6NSEZOj0BR6Iz56fR
6JL8zeS1NmiOftqZTRgdTz,Meghan Trainor,Title (Deluxe),3801866385,1137479,5W98Ab4VvQEuFEE4TIe5fE
7oPftvlwr6VrsViSDV7fJY,Green Day,American Idiot (20th Anniversary Deluxe Edition),3797995494,2208886,19ObsGobUuBr11M6ysFMug
5pKCCKE2ajJHZ9KAiaK11H,Rihanna,Talk That Talk (Deluxe),3789709658,1960705,3sW7wD2qdMjs7KncaOoIJ5
1Cs0zKBU1kc0i8ypK3B9ai,David Guetta,Listen Again,3781789600,870216,7bpWEp24oHgUs08ImjakfU
3TVXtAsR1Inumwj472S9r4,Drake,Nothing Was The Same,3779072154,1145354,1XslIirSxfAhhxRdn4Li9t
5ZsFI1h6hIdQRw2ti0hz81,ZAYN,Icarus Falls,3773355544,1143718,1DF9B2hfwX4EdgEFwGcRwh
41MozSoPIsD1dJM0CLPjZF,BLACKPINK,THE ALBUM,3764156528,970328,0BwUN4oXLzs95nE8GO1vrI
41MozSoPIsD1dJM0CLPjZF,BLACKPINK,THE ALBUM,3764156528,970328,71O60S5gIJSIAhdnrDIh3N
41MozSoPIsD1dJM0CLPjZF,BLACKPINK,THE ALBUM,3764156528,970328,4M7pIA0U45CEENfXwbGB0g
41MozSoPIsD1dJM0CLPjZF,BLACKPINK,THE ALBUM,3764156528,970328,5fLOHW1UXr1cJrnXiU3FBt
41MozSoPIsD1dJM0CLPjZF,BLACKPINK,THE ALBUM,3764156528,970328,5XZ317tmx2xF9ikD4nKusw
7dGJo4pcD2V6oG8kP0tJRR,Eminem,Encore (Deluxe Version),3759975429,1747484,1kTlYbs28MXw7hwO0NLYif
07YZf4WDAMNwqr4jfgOZ8y,Jason Derulo,Nu King,3758639640,887447,5yrqPWuCSAo6beZdIBYAUU
7oPftvlwr6VrsViSDV7fJY,Green Day,American Idiot,3753462608,2169183,5dN7F9DV0Qg1XRdIgW8rke
0eDvMgVFoNV3TpwtrVCoTj,Pop Smoke,Meet The Woo 2,3750484879,898316,4MZnolldq7ciKKlbVDzLm5
5pKCCKE2ajJHZ9KAiaK11H,Rihanna,Talk That Talk,3743668128,1954842,2g1EakEaW7fPTZC6vBmBCn
5pKCCKE2ajJHZ9KAiaK11H,Rihanna,Talk That Talk,3743668128,1954842,1Kw1bVd07oRqcjrcjQKC8T
3WrFJ7ztbogyGnTHbHJFl2,The Beatles,Abbey Road (Remastered),3741581958,1703830,0ETFjACtuP2ADo6LFhL6HN
6VuMaDnrHyPL1p4EHjYLi7,Charlie Puth,Voicenotes,3724115685,1071753,0mZIUXje90JtHxPNzWsJNR
3TVXtAsR1Inumwj472S9r4,Drake,For All The Dogs Scary Hours Edition,3712950497,2572213,4Q7cRXio6mF2ImVUCcezPO
06HL4z0CvFAxyc27GXpf02,Taylor Swift,Red (Deluxe Edition),3703857051,809209,1KlU96Hw9nlvqpBPlSqcTV
23zg3TcAtWQy7J6upgbUnj,USHER,Confessions (20th Anniversary Edition),3697732716,2142901,2fduoq2zuBdWxhnpY9MXkq
6AgTAQt8XS6jRWi4sX7w49,Polo G,THE GOAT,3697605241,1028532,39xhYyNNDatQtgKw2KdXMz
6AgTAQt8XS6jRWi4sX7w49,Polo G,THE GOAT,3697605241,1028532,7ComFEyEe8swOjef3SE2xO
23zg3TcAtWQy7J6upgbUnj,USHER,Confessions (Expanded Edition),3697116935,2141893,1RM6MGv6bcl6NrAG8PGoZk
3TVXtAsR1Inumwj472S9r4,Drake,Dark Lane Demo Tapes,3694985606,1485948,6OQ9gBfg5EXeNAEwGSs6jK
1ZwdS5xdxEREPySFridCfh,2Pac,All Eyez On Me,3692411701,1727474,78iX7tMceN0FsnmabAtlOC
6vWDO969PvNqNYHIOW5v0m,Beyoncé,BEYONCÉ [Platinum Edition],3676096016,1197735,2UJwKSBUz6rtW4QLK74kQu
6oMuImdp5ZcFhWP0ESe6mG,Migos,Culture II,3672985982,612776,7fd7SEK25VS3gJAUgSwL6y
1vyhD5VmyZ7KMfW5gqLgo5,J Balvin,JOSE (Deluxe Edition),3670532962,925472,0FY6R5PCvGh0VmKzuCNFkx
1vyhD5VmyZ7KMfW5gqLgo5,J Balvin,JOSE (Deluxe Edition),3670532962,925472,2gWmgvSUxzX6T8i3pfRrjq
1Cs0zKBU1kc0i8ypK3B9ai,David Guetta,One More Love,3668208251,2125643,7fHeCs5cgtXYqxBPG1iK1n
1Cs0zKBU1kc0i8ypK3B9ai,David Guetta,One More Love,3668208251,2125643,5bRrEsH3Mjl8O0lpUgdIHI
5C4PDR4LnhZTbVnKWXuDKD,Morat,Balas Perdidas (Edición Especial),3667686393,1820064,1o5GGiUcnDHS9Y6OK9VBTM
3Nrfpe0tUJi4K4DXYWgMUX,BTS,Love Yourself ? 'Tear',3648306492,1315604,4NIqCxqP9o8Tp6tGLBqd8O
4UXqAaa6dQYAk18Lv7PEgX,Fall Out Boy,Believers Never Die - Greatest Hits,3639251740,1687621,2FkdqW19xrKlDfeZjWf4Gt
4YRxDV8wJFPHPTeXepOstw,Arijit Singh,Best Of Arijit Singh,3638616327,3797836,0mNU7NPXsBH6NiWilJOz3c
4YRxDV8wJFPHPTeXepOstw,Arijit Singh,Best Of Arijit Singh - Revisited,3617711870,3411060,5h2JZNs7g1Q7zua3ikDIKd
15UsOTVnJzReFVN1VCnxy4,XXXTENTACION,Revenge,3612310747,949969,3vpXJ54S3MXLyzysw8qq7c
15UsOTVnJzReFVN1VCnxy4,XXXTENTACION,Revenge,3612310747,949969,76HgNarFx5IAOhyLUoaCKu
3MZsBdqDrRTJihTHQrO6Dq,Joji,BALLADS 1,3611143648,999020,5mIImcsuqpiSXg8XvFr81I
3MZsBdqDrRTJihTHQrO6Dq,Joji,BALLADS 1,3611143648,999020,01jcLxGsOQJAhvpenvvRW6
3TVXtAsR1Inumwj472S9r4,Drake,If You're Reading This It's Too Late,3603683662,845043,0ptlfJfwGTy0Yvrk14JK1I
699OTQXzgjhIYAHMy9RyPD,Playboi Carti,Whole Lotta Red,3601042120,1874709,2QRedhP5RmKJiJ1i8VgDGR
3TVXtAsR1Inumwj472S9r4,Drake,Her Loss,3598867205,1525607,5MS3MvWHJ3lOZPLiMxzOU6
4gzpq5DPGxSnKTe4SA8HAU,Coldplay,Viva La Vida (Prospekt's March Edition),3590981203,2039715,4XTT0NcNHyvl6h9JX2AfEi
53XhwfbYqKCa1cC15pYq2q,Imagine Dragons,Smoke + Mirrors (Deluxe),3584873750,982049,6ecx4OFG0nlUMqAi9OXQER
699OTQXzgjhIYAHMy9RyPD,Playboi Carti,Die Lit,3576656262,1784656,7dAm8ShwJLFm9SaJ6Yc58O
1uNFoZAHBGtllmzznpCI3s,Justin Bieber,#tBt,3574558674,2099355,3eraV4Zdg0PJYjoMlOTuum
51Blml2LZPmy7TTiAg47vQ,U2,The Best Of 1980-1990 & B-Sides,3563140562,1494314,205bQLiKXCiUIt3HKlcBUb
3Nrfpe0tUJi4K4DXYWgMUX,BTS,The Most Beautiful Moment in Life: Young Forever,3562497332,1285208,1k5bJ8l5oL5xxVBVHjil09
2wY79sveU1sp5g7SokKOiI,Sam Smith,The Thrill Of It All,3562478810,731329,3y4eXWur67Kae82MkTynXp
5Pwc4xIPtQLFEnJriah9YJ,OneRepublic,Artificial Paradise (Super Deluxe),3561785326,2529722,3rZyOsowQOtW3BMuO4vCmh
1Mxqyy3pSjf8kZZL4QVxS0,Frank Sinatra,Ultimate Sinatra,3554920150,1533291,7gmak9ZGm10y4PtZa9SBQn
5JZ7CnR6gTvEMKX4g70Amv,Lauv,~how i'm feeling~,3552589924,731191,3ZuE680xhR1A4bCFGvL8mi
0iEtIxbK0KxaSlF7G42ZOp,Metro Boomin,NOT ALL HEROES WEAR CAPES (Deluxe),3550075155,1050558,3IO8IPjwXuzPJnoaqkwYrj
06HL4z0CvFAxyc27GXpf02,Taylor Swift,Red (Big Machine Radio Release Special),3549958601,797332,4jTYApZPMapg56gRycOn0D
06HL4z0CvFAxyc27GXpf02,Taylor Swift,Red,3544168779,796704,7daMnnffzVSbNJj8Dy75Ev
7n2wHs1TKAczGzO7Dd2rGr,Shawn Mendes,Shawn Mendes,3541404102,568062,2VP96XdMOKTXefI8Nui23s
5Pwc4xIPtQLFEnJriah9YJ,OneRepublic,Artificial Paradise (Deluxe),3541324551,2500490,4yHDaLGrPSwUfJNVUIvFgg
0hCNtLu0JehylgoiP8L4Gh,Nicki Minaj,The Pinkprint (Tenth Anniversary Edition),3533187699,953317,78H3My21k0xQ72zYFpdrEa
1vyhD5VmyZ7KMfW5gqLgo5,J Balvin,JOSE,3520084589,906008,11GmvpYnbgK0rSryPaV5BP
0hCNtLu0JehylgoiP8L4Gh,Nicki Minaj,The Pinkprint (Deluxe Edition),3517290757,921183,5qs8T6ZHSrnllnOuUk6muC
12GqGscKJx3aE4t07u7eVZ,Peso Pluma,ÉXODO,3512374675,5675810,5kvw1bAOvzJdNi4hdgfaNf
51Blml2LZPmy7TTiAg47vQ,U2,The Best Of 1980 - 1990,3510541194,1483293,0WSpHK6tinGHU4gvP8fHih
1dfeR4HaWDbWqFHLkxsg1d,Queen,The Game (Deluxe Remastered Version),3504442431,1285198,6wPXUmYJ9mOWrKlLzZ5cCa
0EmeFodog0BfCgMzAIvKQp,Shakira,El Dorado,3499564828,1437282,270o30h7cAlEhBnbuSpFZq
0EmeFodog0BfCgMzAIvKQp,Shakira,El Dorado,3499564828,1437282,6bUxh58rYTL67FS8dyTKMN
1dfeR4HaWDbWqFHLkxsg1d,Queen,The Game,3494957655,1282990,1iFw5aFJCIV4xLrvWdSdoH
1dfeR4HaWDbWqFHLkxsg1d,Queen,The Game,3494957655,1282990,4ZjZSN328yeHF8ze1ONnhW
5YGY8feqx7naU7z4HrwZM6,Miley Cyrus,Endless Summer Vacation,3492514485,1518141,5DvJgsMLbaR1HmAI6VhfcQ
3Nrfpe0tUJi4K4DXYWgMUX,BTS,You Never Walk Alone,3489392007,960433,6THpewjqJ15ORBJkh5CEYb
4YRxDV8wJFPHPTeXepOstw,Arijit Singh,Arijit Singh (All Time Hits),3481304435,2429140,4NHLAi6QtsGDbUbLl8srLB
1yxSLGMDHlW21z4YXirZDS,Black Eyed Peas,THE E.N.D. (THE ENERGY NEVER DIES) [Deluxe Version],3479856467,2303043,1dgbFU08pXJXZhGPlybdMX
1Xyo4u8uXC1ZmMpatF05PJ,The Weeknd,Dawn FM,3474361501,1633457,2nLOHgzXzwFEpl62zAgCEC
06HL4z0CvFAxyc27GXpf02,Taylor Swift,Speak Now (Deluxe Edition),3468575027,759248,5EpMjweRD573ASl7uNiHym
7dGJo4pcD2V6oG8kP0tJRR,Eminem,Music To Be Murdered By,3462950966,931690,4otkd9As6YaxxEkIjXPiZ6
1yxSLGMDHlW21z4YXirZDS,Black Eyed Peas,THE E.N.D. (THE ENERGY NEVER DIES),3455540565,2297187,3lng6RAtdksQ2q02Fk5jaB
4iHNK0tOyZPYnBU7nGAgpQ,Mariah Carey,#1 to Infinity,3449864170,1832100,6kRdK7cPgLqNfSoI7AMlyj
0ys2OFYzWYB5hRDLCsBqxt,Fuerza Regida,Pa las Baby's Y Belikeada,3442638365,3118689,3zu0hJJew2qXZNlselIQk8
4YRxDV8wJFPHPTeXepOstw,Arijit Singh,Arijit Singh Top Sad Love Hits,3438099841,2742615,0os2iPNHyo2yBFi4A8RKXB
0C8ZW7ezQVs4URX5aX7Kqx,Selena Gomez,Revival,3434565201,1249601,0U6ldwLBEMkwgfQRY4V6D2
1uNFoZAHBGtllmzznpCI3s,Justin Bieber,Changes,3434352112,866124,63iWSELt9V1kV6RSMxN7Ii
1uNFoZAHBGtllmzznpCI3s,Justin Bieber,Changes,3434352112,866124,3PE5Orjcbkojb1KuTs33nX
1uNFoZAHBGtllmzznpCI3s,Justin Bieber,Changes,3434352112,866124,5T513gBStZcClfbKCRkE9E
1uNFoZAHBGtllmzznpCI3s,Justin Bieber,Changes,3434352112,866124,1DpF83ld572jojmymv9J8P
3PhoLpVuITZKcymswpck5b,Elton John,The Lockdown Sessions,3432785863,1389325,7wHczdY0ek3FHnfVhk10om
0C8ZW7ezQVs4URX5aX7Kqx,Selena Gomez,Revival (Deluxe),3431809773,1249362,7lDBDk8OQarV5dBMu3qrdz
0C8ZW7ezQVs4URX5aX7Kqx,Selena Gomez,Revival (Deluxe),3431809773,1249362,3Kbuu2tHsIbplFUkB7a5oE
7dGJo4pcD2V6oG8kP0tJRR,Eminem,Kamikaze,3431518364,604420,3HNnxK7NgLXbDoxRZxNWiR
5Rl15oVamLq7FbSb0NNBNy,5 Seconds of Summer,Youngblood (Deluxe),3427129199,899629,2D0Hi3Jj6RFnpWDcSa0Otu
4gzpq5DPGxSnKTe4SA8HAU,Coldplay,Ghost Stories,3417730011,1737374,2G4AUqfwxcV1UdQjm2ouYr
4oUHIQIBe0LHzYfvXNW4QM,Morgan Wallen,If I Know Me,3415829850,1823138,6WKNoni6aDzCTUN1CtJJ5R
0k17h0D3J5VfsdmQ1iZtE9,Pink Floyd,The Wall,3415172744,1837567,5Dbax7G8SWrP9xyzkOvy2F
0k17h0D3J5VfsdmQ1iZtE9,Pink Floyd,The Wall,3415172744,1837567,4w68G9ohlk8eiePpr3Dd4a
4LLpKhyESsyAXpc4laK94U,Mac Miller,Swimming,3406925267,1380395,5wtE5aLX5r7jOosmPhJhhk
0fA0VVWsXO9YnASrzqfmYu,Kid Cudi,The Boy Who Flew To The Moon (Vol. 1),3394620432,1414753,19ZYOtXGdqGpeeDS9SJccD
1HY2Jd0NmPuamShAr6KMms,Lady Gaga,Born This Way (International Special Edition Version),3391672721,2248747,6LY3AerY6KNGOPsNPL63Kk
1HY2Jd0NmPuamShAr6KMms,Lady Gaga,Born This Way (Special Edition),3388148370,2247992,5maeycU97NHBgwRr2h2A4O
4gzpq5DPGxSnKTe4SA8HAU,Coldplay,Viva La Vida or Death and All His Friends,3376686765,2006457,1CEODgTmTwLyabvwd7HBty
3TVXtAsR1Inumwj472S9r4,Drake,For All The Dogs,3361344173,2164777,4czdORdCWP9umpbhFXK2fW
2RQXRUsr4IW1f3mKyKsy4B,Noah Kahan,Stick Season,3360210133,3138949,50ZenUP4O2Q5eCy2NRNvuz
3AA28KZvwAUcZuOKwyblJQ,Gorillaz,Demon Days,3359677211,2445894,0bUTHlWbkSQysoM3VsWldT
4AK6F7OLvEQ5QYCBNiQWHq,One Direction,Up All Night,3352792423,1635384,2pSH41L4EXqhGHyTjM2dA2
4AK6F7OLvEQ5QYCBNiQWHq,One Direction,Up All Night,3352792423,1635384,6cunQQ7YZisYOoiFu2ywIq
77SW9BnxLY8rJ0RciFqkHh,The Neighbourhood,Wiped Out!,3347170955,1788184,18iFxjZugvKhuNNMbLjZJF
1URnnhqYAYcrqrcwql10ft,21 Savage,i am > i was (Deluxe),3342680688,1218126,6guJZpZ52v4MrJKIH7tASl
790FomKkXshlbRYZFtlgla,KAROL G,MAÑANA SERÁ BONITO (BICHOTA SEASON),3337277986,2081079,0FqAaUEyKCyUNFE1uQPZ7i
790FomKkXshlbRYZFtlgla,KAROL G,MAÑANA SERÁ BONITO (BICHOTA SEASON),3337277986,2081079,1f2q2JQ3GFwIrWch2JLC0u
2QsynagSdAqZj3U9HgDzjD,Bob Marley & The Wailers,Exodus (Deluxe Edition),3333528866,1816942,2BGBKhA5Oo3MMg7VccWeae
2wUjUUtkb5lvLKcGKsKqsR,Alessia Cara,Know-It-All (Deluxe),3330108667,998128,2AGNF8r2y8HL85yVk2bwmS
5K4W6rqBFWDnAN6FQUkS6x,Kanye West,Watch The Throne (Deluxe),3327530910,1222194,2if1gb3t6IkhiKzrtS9Glc
5K4W6rqBFWDnAN6FQUkS6x,Kanye West,Watch The Throne (Deluxe),3327530910,1222194,4P63UgNDUcF11MnWzyvVrh
1HY2Jd0NmPuamShAr6KMms,Lady Gaga,Born This Way,3324211951,2225543,2KkMVsxymoNR7hRmBcMttd
2RdwBSPQiwcmiDo9kixcl8,Pharrell Williams,Piece By Piece - Music from the Motion Picture,3316961031,1422530,210rAUA5H4xH6S9J0aHRLE
1URnnhqYAYcrqrcwql10ft,21 Savage,SAVAGE MODE II [CHOPPED NOT SLOPPED],3309821677,1414988,263anqt2ayA25jSEXfs0i1
6vWDO969PvNqNYHIOW5v0m,Beyoncé,RENAISSANCE,3298095697,1048143,6FJxoadUE4JNVwWHghBwnb
6fOMl44jA4Sp5b9PpYCkzz,NF,The Search,3297321916,1019019,46xdC4Qcvscfs3Ai2RIHcv
31W5EY0aAly4Qieq6OFu6I,A Boogie Wit da Hoodie,Hoodie SZN,3291378618,608480,3r5hf3Cj3EMh1C2saQ8jyt
1URnnhqYAYcrqrcwql10ft,21 Savage,SAVAGE MODE II,3289503902,1411700,6wTyGUWGCilBFZ837k5aRi
1vyhD5VmyZ7KMfW5gqLgo5,J Balvin,Vibras,3288949084,809358,5kprdYds6oZb4iSldfflOT
2QsynagSdAqZj3U9HgDzjD,Bob Marley & The Wailers,Exodus,3275213234,1793342,4kztTaq5iUKFXuWj06wbRM
2QsynagSdAqZj3U9HgDzjD,Bob Marley & The Wailers,Exodus,3275213234,1793342,655KljKIXl42fiNDMKivbY
0C8ZW7ezQVs4URX5aX7Kqx,Selena Gomez,Rare (Deluxe),3273183829,1167837,5obQ9rPASQW2mLxYM8Ko6Z
1mcTU81TzQhprhouKaTkpq,Rauw Alejandro,Afrodisíaco,3273031225,1600844,3fq06DDIkadDRB9RuBb22v
1URnnhqYAYcrqrcwql10ft,21 Savage,i am > i was,3268995611,1189477,007DWn799UWvfY1wwZeENR
1SupJlEpv7RS2tPNRaHViT,Nicky Jam,Fénix,3266126973,1009482,2dBgWXp41imu2zBNv9oFxZ
1SupJlEpv7RS2tPNRaHViT,Nicky Jam,Fénix,3266126973,1009482,7HPfSjF0gFMd7y4wGToYlk
0TnOYISbd1XYRBk9myaseg,Pitbull,Global Warming: Meltdown (Deluxe Version),3265663081,2047621,2F7tejLHzTqFq2XLol9ZGy
1Cs0zKBU1kc0i8ypK3B9ai,David Guetta,Listen (Deluxe),3262196481,832841,3UEEPh5wsdhP7SKC31yvhu
0Y5tJX1MQlPlqiwlOH1tJY,Travis Scott,Rodeo,3251181477,1782239,4PWBTB6NYSKQwfo79I3prg
07YUOmWljBTXwIseAUd9TW,Sebastian Yatra,Dharma +,3246862480,1104923,2qVMXqCfIupklO1U46SqOX
2YZyLoL8N0Wb9xBt1NhZWg,Kendrick Lamar,Mr. Morale & The Big Steppers,3244848610,2069090,79ONNoS4M9tfIA1mYLBYVX
1Cs0zKBU1kc0i8ypK3B9ai,David Guetta,One Love (Deluxe),3243429767,1913716,1xGEbkqzqiCcUTBbasvShI
3nFkdlSjzX9mRTtwJOzDYB,JAY-Z,The Hits Collection Volume One (Deluxe),3241414467,1532348,0z3nweFUGrzH2UZ0pohPAn
540vIaP2JwjQb9dm3aArA4,DJ Snake,Carte Blanche (Deluxe),3241326075,731573,29bm24DTwhCunUSVYbtXFT
7CajNmpbOovFoOoasH2HaY,Calvin Harris,Funk Wav Bounces Vol.1,3239867560,878523,2HaqChIDc5go3qxVunBDK0
22bE4uQ6baNwSHPVcDxLCe,The Rolling Stones,Honk (Deluxe),3232431342,1392727,6GMdkihFQDTjdxCPvv0Xiw
5me0Irg2ANcsgc93uaYrpb,The Notorious B.I.G.,Ready to Die (The Remaster),3226464281,1307396,2HTbQ0RHwukKVXAlTmCZP2
3MZsBdqDrRTJihTHQrO6Dq,Joji,Nectar,3220245496,1209681,6gJ8VKn5PAFcCIVaf3B2uE
3MZsBdqDrRTJihTHQrO6Dq,Joji,Nectar,3220245496,1209681,65edimIChzNNK8VGn56pIK
0fA0VVWsXO9YnASrzqfmYu,Kid Cudi,Man On The Moon: The End Of Day,3212978163,1218502,1OnCqi7IuzjnrOh2ZNvJHd
4YRxDV8wJFPHPTeXepOstw,Arijit Singh,Arijit Singh: Love Songs,3204944709,3188685,6LWZ330atfYF43nk7m3pKW
5K4W6rqBFWDnAN6FQUkS6x,Kanye West,Watch The Throne,3202665008,1198192,0OcMap99vLEeGkBCfCwRwS
5K4W6rqBFWDnAN6FQUkS6x,Kanye West,Watch The Throne,3202665008,1198192,7mCeLbChyegbRwwKK5shJs
4dpARuHxo51G3z768sgnrY,Adele,19,3197452848,1764414,7D9fLDGU0A95Y0rIakBJA4
4dpARuHxo51G3z768sgnrY,Adele,19,3197452848,1764414,56dHJTQQ8lMGgBegxfYVDM
4dpARuHxo51G3z768sgnrY,Adele,19,3197452848,1764414,59ULskOkBMij4zL8pS7mi0
4dpARuHxo51G3z768sgnrY,Adele,19,3197452848,1764414,21ua000bnkOaGoLQQw89AN
4dpARuHxo51G3z768sgnrY,Adele,19,3197452848,1764414,3uftDqGs13LsE1s8nn5XSe
0L8ExT028jH3ddEcZwqJJ5,Red Hot Chili Peppers,Stadium Arcadium,3196804015,1209195,7xl50xr9NDkd3i2kBbzsNZ
20JZFwl6HVl6yg8a4H3ZqK,Panic! At The Disco,Death of a Bachelor,3193234817,915188,6twKQ0EsUJHVlAr6XBylrj
0fA0VVWsXO9YnASrzqfmYu,Kid Cudi,Man On The Moon: The End Of Day (Int'l Version),3185218382,1211719,6oPPKtAwNNlkW4wwHfQDfM
06HL4z0CvFAxyc27GXpf02,Taylor Swift,Speak Now (Taylor's Version),3179997812,2164475,5AEDGbliTTfjOB8TSm1sxt
3fMbdgg4jU18AjLCKBhRSm,Michael Jackson,Bad 25th Anniversary,3178125406,1702742,24TAupSNVWSAHL0R7n71vm
1KCSPY1glIKqW2TotWuXOR,P!nk,The Truth About Love,3176875416,1720692,2Q9oTK48eb85waX1fFJsvj
5K4W6rqBFWDnAN6FQUkS6x,Kanye West,Donda,3170379225,906684,5CnpZV3q5BcESefcB3WJmz
06HL4z0CvFAxyc27GXpf02,Taylor Swift,Speak Now,3163593597,725052,55Rk02ZSULPUfrW41zjWx9
5me0Irg2ANcsgc93uaYrpb,The Notorious B.I.G.,Ready to Die (The Remaster; 2015 Remaster),3163548052,1288472,2ymwUMeW3BySLhKNp8UQZ3
5ZS223C6JyBfXasXxrRqOk,Jhené Aiko,The Magic Hour Collection,3161859790,1778841,74mtMbzlfabjaXD9gSJKEi
0jnsk9HBra6NMjO2oANoPY,Flo Rida,Wild Ones (Deluxe),3155273119,1504058,0aGzTOetC7VdotwXeWLenJ
0jnsk9HBra6NMjO2oANoPY,Flo Rida,Wild Ones (Deluxe),3155273119,1504058,6JMWAgn3qLyNrv153nclRq
0jnsk9HBra6NMjO2oANoPY,Flo Rida,Wild Ones,3152978951,1503882,7eLwoxxWs6lfkVYJGkGNbk
0jnsk9HBra6NMjO2oANoPY,Flo Rida,Wild Ones,3152978951,1503882,0wmVf2KCcKnQbAYclahHYb
2LIk90788K0zvyj2JJVwkJ,Jack Harlow,Thats What They All Say,3151742673,565926,5g2INX6dnMIJG0xKygXwF3
699OTQXzgjhIYAHMy9RyPD,Playboi Carti,Playboi Carti,3143839687,1434309,4rJgzzfFHAVFhCSt2P4I3j
0tmwSHipWxN12fsoLcFU3B,Manuel Turizo,2000,3141585252,1394137,7ubO2LZJZFpyhiWMZkRwcH
0TnOYISbd1XYRBk9myaseg,Pitbull,Planet Pit (Deluxe Version),3139852654,2686042,4rG0MhkU6UojACJxkMHIXB
6XyY86QOPPrYVGvF9ch6wz,Linkin Park,Minutes to Midnight (Deluxe Edition),3136721813,2071107,4JtIVJRA342O0YoAchen5Q
0du5cEVh5yTK9QJze8zA0C,Bruno Mars,An Evening With Silk Sonic,3136569048,1213017,1YgekJJTEueWDaMr7BYqPk
0du5cEVh5yTK9QJze8zA0C,Bruno Mars,An Evening With Silk Sonic,3136569048,1213017,4VZ7jhV0wHpoNPCB7Vmiml
0hCNtLu0JehylgoiP8L4Gh,Nicki Minaj,The Pinkprint (Deluxe),3135271655,852118,5ooCuPIk58IwSo6DRr1JCu
3xvaSlT4xsyk6lY1ESOspO,Disney,Disney Summer Songs,3134499942,1361194,6qykGE5x584duyLVYcnojE
0X2BH1fck6amBIoJhDVmmJ,Ellie Goulding,Halcyon Days,3129099487,1086994,3KVeczHxWg5YFKb0gS62f2
45dkTj5sMRSjrmBSBeiHym,Tate McRae,THINK LATER,3126744771,3312616,0OUOx6rJXtL66AzTnP9KUE
7iK8PXO48WeuP03g8YR51W,Myke Towers,Easy Money Baby,3121677041,1483043,3dM5WCvdXdNqLE14d16GmJ
0fA0VVWsXO9YnASrzqfmYu,Kid Cudi,Man On The Moon: The End Of Day (Deluxe),3116953374,1166187,2S8AWAM0nxyFy66YnUfIs3
6XyY86QOPPrYVGvF9ch6wz,Linkin Park,Minutes to Midnight,3116525506,2034794,2tlTBLz2w52rpGCLBGyGw6
6XyY86QOPPrYVGvF9ch6wz,Linkin Park,Minutes to Midnight,3116525506,2034794,7pgs38iLfEqUtwgCRgvbND
7ltDVBr6mKbRvohxheJ9h1,ROSALÍA,MOTOMAMI +,3108726835,908832,3zbiiu3JTibw0esC7eoMXr
5YGY8feqx7naU7z4HrwZM6,Miley Cyrus,Bangerz (Deluxe Version),3107042101,1244233,3RDqXDc1bAETps54MSSOW0
1Mxqyy3pSjf8kZZL4QVxS0,Frank Sinatra,Nothing But The Best (2008 Remastered),3105209214,1629652,3i67sGIVw8EBlgfSRv3Lj2
1uNFoZAHBGtllmzznpCI3s,Justin Bieber,My World 2.0,3104538319,1942734,3BmcYMh0KYsimWL6p2gPa9
6S2OmqARrzebs0tKUEyXyp,Demi Lovato,Demi (Deluxe),3104510942,983299,7hR3M1ERZ7rGeA2VqjCTqr
1uNFoZAHBGtllmzznpCI3s,Justin Bieber,Believe (Deluxe Edition),3101736144,2122292,70f70xLCpH7wHaVvB2oZT9
4iHNK0tOyZPYnBU7nGAgpQ,Mariah Carey,Merry Christmas (Deluxe Anniversary Edition),3101208022,93670,0cS9prZ8u3fdbc7lmtCaMV
3fMbdgg4jU18AjLCKBhRSm,Michael Jackson,Bad (Remastered),3097884133,1677840,3Us57CjssWnHjTUIXBuIeH
1Xyo4u8uXC1ZmMpatF05PJ,The Weeknd,House Of Balloons (Original),3094797712,2373757,7zCODUHkfuRxsUjtuzNqbd
7Gi6gjaWy3DxyilpF1a8Is,Junior H,$AD BOYZ 4 LIFE II,3094004151,5691520,7Lv6VzSqIz1sAssK2JUskG
4MCBfE4596Uoi2O4DtmEMz,Juice WRLD,Fighting Demons (Deluxe),3093432497,1171298,1typPCwqyXMfFpvDZAyKew
52iwsT98xCoGgiGntTiR7K,Quevedo,DONDE QUIERO ESTAR,3085079562,1311778,156gxGFDxadwiIC3Bfwmj3
5y2Xq6xcjJb2jVM54GHK3t,John Legend,Love In The Future (Expanded Edition),3084498715,1127689,4OTAx9un4e6NfoHuVRiOrC
07YUOmWljBTXwIseAUd9TW,Sebastian Yatra,Dharma,3083630828,1046263,4qgRDM8Gyurf5hXV3LBmT8
540vIaP2JwjQb9dm3aArA4,DJ Snake,Carte Blanche,3083148929,711597,2MFS6WG6jnPAgvJpV3PehR
5K4W6rqBFWDnAN6FQUkS6x,Kanye West,Donda (Deluxe),3067531141,959499,2Wiyo7LzdeBCsVZiRA6vVZ
0L8ExT028jH3ddEcZwqJJ5,Red Hot Chili Peppers,By the Way (Deluxe Edition),3062907866,2016514,6deiaArbeoqp1xPEGdEKp1
2kCcBybjl3SAtIcwdWpUe3,Lil Peep,"Come Over When You're Sober, Pt. 2",3061798905,1175037,52JymrguPgkmmwLaWIusst
3PhoLpVuITZKcymswpck5b,Elton John,Love Songs,3060938457,1351211,1bnoqPJyaxMCtYuSprcBTD
3PhoLpVuITZKcymswpck5b,Elton John,Love Songs,3060938457,1351211,67TPTylGufik7kiqPkEAAp
13ubrt8QOOCPljQ2FL1Kca,A$AP Rocky,AT.LONG.LAST.A$AP,3060097714,1598159,3arNdjotCvtiiLFfjKngMc
0hCNtLu0JehylgoiP8L4Gh,Nicki Minaj,The Pinkprint,3044988357,830705,1IOHcoY4gPRECxpIhVGmuq
3WrFJ7ztbogyGnTHbHJFl2,The Beatles,Past Masters (Vols. 1 & 2 / Remastered),3041056858,1080127,3GmCXW10kLxmZrEY0JpRlw
0L8ExT028jH3ddEcZwqJJ5,Red Hot Chili Peppers,By the Way,3038735557,2010129,1jWKVgnHX8nwR551hQNx5K
738wLrAtLtCtFOLvQBXOXp,Major Lazer,Peace Is the Mission,3035888829,983741,4f1EihS6gosaHk2pGPqOeJ
738wLrAtLtCtFOLvQBXOXp,Major Lazer,Peace Is the Mission,3035888829,983741,2rqjmynngV4AmGoL1ZEuwM
718COspgdWOnwOFpJHRZHS,Luke Combs,What You See Is What You Get,3035154231,961176,0S9D5NIDp2YXhYwlvuJzqx
2YZyLoL8N0Wb9xBt1NhZWg,Kendrick Lamar,To Pimp A Butterfly,3031453021,1441716,7ycBtnsMtyVbbwTfJwRjSP
1HY2Jd0NmPuamShAr6KMms,Lady Gaga,MAYHEM,3030743524,13037159,2MHUaRi9OCyTN02SoyRRBJ
7oPftvlwr6VrsViSDV7fJY,Green Day,American Idiot (Deluxe),3019577453,1481269,5Qhn2FpGWmTjCuntF09j7g
6FBDaR13swtiWwGhX1WQsP,blink-182,Enema Of The State,3016007095,1293456,652N05EcNH1a4bIlUixQE2
0TnOYISbd1XYRBk9myaseg,Pitbull,Globalization,3010717298,1856629,4EUf4YyNjuXypWY6W5wEDm
1RyvyyTE3xzB2ZywiAwp0i,Future,FUTURE,3008464210,1006261,17FBoXK1NU2rvJBbzdzw0r
1RyvyyTE3xzB2ZywiAwp0i,Future,FUTURE,3008464210,1006261,7J79msvl9CoRrMTyfDjNms
4iHNK0tOyZPYnBU7nGAgpQ,Mariah Carey,Merry Christmas: 30th Anniversary Edition,3006079332,92236,6aouVhqJ9SkEUS2gAR0xBS
33ScadVnbm2X8kkUqOkC6Z,Don Omar,Meet The Orphans (Deluxe Version),3005311579,2393199,3LYr5yeVCDJfPsJM7b0ilh
3qm84nBOXUEQ2vnTfUTTFC,Guns N' Roses,Use Your Illusion (Super Deluxe),3005208391,1616320,1nnC02B9bhYh6IVFOoij0k
33ScadVnbm2X8kkUqOkC6Z,Don Omar,Meet The Orphans,3005052033,2393470,6mGDfbDErYIJsmSewvccWm
33ScadVnbm2X8kkUqOkC6Z,Don Omar,Meet The Orphans,3005052033,2393470,3F41BssbVvfFnh6DdDODeO
5C4PDR4LnhZTbVnKWXuDKD,Morat,Balas Perdidas,3004012024,1477642,43mAHKPa4iB2er88lxD9Q8
4iHNK0tOyZPYnBU7nGAgpQ,Mariah Carey,Merry Christmas,3001144662,91118,3pqY0b5nEKoWwSrrwMwqMK
4iHNK0tOyZPYnBU7nGAgpQ,Mariah Carey,Merry Christmas,3001144662,91118,61ulfFSmmxMhc2wCdmdMkN
7qG3b048QCHVRO5Pv1T5lw,Enrique Iglesias,FINAL (Vol.1),2999202935,829985,61a4XyIj98CGrUnKy8Hu4Z
0oSGxfWSnnOXhD2fKuz2Gy,David Bowie,Five Years (1969 - 1973),2993774537,1036989,6m9cpSfRCYltkhxl23wq0j
20JZFwl6HVl6yg8a4H3ZqK,Panic! At The Disco,Pray for the Wicked,2993114050,663600,6ApYSpXF8GxZAgBTHDzYge
3Nrfpe0tUJi4K4DXYWgMUX,BTS,MAP OF THE SOUL : PERSONA,2992787961,738007,2KqlAl1Kl5fZvbFgJ0qFB6
0iEtIxbK0KxaSlF7G42ZOp,Metro Boomin,Without Warning,2986013749,743106,0MV1yCXcNNQBfwApqAVkH0
5ZsFI1h6hIdQRw2ti0hz81,ZAYN,Mind Of Mine (Deluxe Edition),2977308677,960712,5amj9zNeZ3B2EdpBgXrOZ0
43ZHCT0cAZBISjO8DG9PnE,Elvis Presley,Platinum - A Life In Music,2974889477,1251825,0gv5aiVS1WBUZOKeb7YawE
0oSGxfWSnnOXhD2fKuz2Gy,David Bowie,A New Career in a New Town (1977 - 1982),2972643718,1097348,6DcvIymXDe8sCD1u0fzi8J
0QHgL1lAIqAw0HtD7YldmP,DJ Khaled,Grateful,2970995567,545440,3HhZbSJdhOqMSaRbEt3gtw
0QHgL1lAIqAw0HtD7YldmP,DJ Khaled,Grateful,2970995567,545440,4JBZ0QHveEpESepanNBG8A
41MozSoPIsD1dJM0CLPjZF,BLACKPINK,BORN PINK,2967482171,1058173,0kbZ4ZNRs76sSFeGUEErFM
41MozSoPIsD1dJM0CLPjZF,BLACKPINK,BORN PINK,2967482171,1058173,7jaSNQUBJbvfbZHLNFrV7P
1dfeR4HaWDbWqFHLkxsg1d,Queen,Jazz (Deluxe Remastered Version),2965909673,1167520,21HMAUrbbYSj9NiPPlGumy
73sIBHcqh3Z3NyqHKZ7FOL,Childish Gambino,"""Awaken, My Love!""",2965456771,1053341,4JCybsNZUXWrK2Jpyn12Ni
1vyhD5VmyZ7KMfW5gqLgo5,J Balvin,Colores,2961680769,1620260,2mX8ktJoWvyidWBU9U8Jis
1r4hJ1h58CWwUQe3MxPuau,Maluma,PAPI JUANCHO,2961343349,966487,0p2yf6DucEgvj8Uk8KXJJv
718COspgdWOnwOFpJHRZHS,Luke Combs,This One's for You,2957994717,1333990,1lhNch5NkOONvFhRPh8qaj
2wY79sveU1sp5g7SokKOiI,Sam Smith,DANCE,2956758814,1185790,4RwaHr4OuqNDN3jTmZCnnu
6oMuImdp5ZcFhWP0ESe6mG,Migos,Culture,2954020333,418846,4JTOxuvM2jcSqAvEZtZsOO
1i8SpTcr7yvPOmcqrbnVXY,Ozuna,Aura,2949208139,744684,0SukGZiXMtmsZoxstkBtNR
26VFTg2z8YR0cCuwLzESi2,Halsey,hopeless fountain kingdom (Live From Webster Hall),2939105372,1171990,7KNg6zJEM8HZTOzklQEjWA
3e7awlrlDSwF3iM0WBjGMp,Little Mix,Glory Days (Expanded Edition),2933079085,568243,4w49hcqZt66HZX0MJHfW0m
26VFTg2z8YR0cCuwLzESi2,Halsey,hopeless fountain kingdom (Deluxe Plus),2932342361,1168689,5ZvnIKEq0HAwDHNR8f2yIx
2LRoIwlKmHjgvigdNGBHNo,Feid,FERXXOCALIPSIS,2929264509,2391236,0lgs2Sa82lyX89nBUWyUy6
4Z8W4fKeB5YxbusRsdQVPb,Radiohead,OK Computer OKNOTOK 1997 2017,2920741489,2918506,0tzfI6NFJqcJkWb23R3lRZ
06HL4z0CvFAxyc27GXpf02,Taylor Swift,Fearless,2917349492,895255,2dqn5yOQWdyGwOpOIi9O4x
4UXqAaa6dQYAk18Lv7PEgX,Fall Out Boy,American Beauty/American Psycho,2916994485,1036993,022DrG7Wp2PSCwzuD0bSzT
5LHRHt1k9lMyONurDHEdrp,Tyga,Legendary (Deluxe Edition),2911805816,531245,1dDfjR6KqXwa6I8XmPXnxr
5f7VJjfbwm532GiveGC0ZK,Lil Baby,Drip Harder,2911596859,926127,2yXnY2NiaZk9QiJJittS81
13ubrt8QOOCPljQ2FL1Kca,A$AP Rocky,LONG.LIVE.A$AP (Deluxe Version),2909110894,2020120,6rzMufuu8sLkIizM4q9c7J
3xvaSlT4xsyk6lY1ESOspO,Disney,Vaiana (English Version/Original Motion Picture Soundtrack/Deluxe Edition),2908794366,1022281,78z8nnWbB2ytMI1ngOv4Vo
64M6ah0SkkRsnPGtGiRAbb,Bebe Rexha,Expectations,2901292264,513354,4TOkZvtqNpg5UHyGxCn0mS
64M6ah0SkkRsnPGtGiRAbb,Bebe Rexha,Expectations,2901292264,513354,3T6Xy6iJPpYmawK2LmJWFF
1uNFoZAHBGtllmzznpCI3s,Justin Bieber,Believe,2899328822,1958488,5cxMa6oLINJzmZ8lF7wWQN
1uNFoZAHBGtllmzznpCI3s,Justin Bieber,Believe,2899328822,1958488,0lDHQIiC8yW14tPeRFDtwR
4Gso3d4CscCijv0lmajZWs,Don Toliver,Heaven Or Hell,2886620374,1383672,7z4GhRfLqfSkqrj5F3Yt2B
163tK9Wjr9P9DmM0AVK7lm,Lorde,Melodrama,2879635034,1016365,2B87zXm9bOWvAJdkJBTpzF
0C0XlULifJtAgn6ZNCW2eu,The Killers,Run For Cover (Workout Mix),2874153278,1352824,1UGyHxd6vt2xIDTOJ0uqvK
4gzpq5DPGxSnKTe4SA8HAU,Coldplay,Mylo Xyloto,2872356791,1498622,2R7iJz5uaHjLEVnMkloO18
57LYzLEk2LcFghVwuWbcuS,Summer Walker,Over It,2867108342,1230781,1qgJNWnPIeK9rx7hF8JCPK
6AgTAQt8XS6jRWi4sX7w49,Polo G,Hall of Fame 2.0,2867076878,786396,2rLqUcipEjIKK9rma5OTN8
6l3HvQ5sa6mXTsMTB19rO5,J. Cole,Born Sinner (Deluxe Version),2864585036,1069709,5FP9keIJnlSCKnkdVOf623
1dfeR4HaWDbWqFHLkxsg1d,Queen,Jazz,2863394273,1135093,4mbkkOGZS6inHP2di2jaqS
4r63FhuTkUYltbVAg5TQnk,DaBaby,BLAME IT ON BABY (DELUXE),2863335250,349674,6SL49HqoUwu2hhfukBAK3Q
6jGMq4yGs7aQzuGsMgVgZR,Lil Tjay,True 2 Myself,2859415691,774118,1bCBZ8LedqwVYOLDLrRbbY
246dkjvS1zLTtiykXe5h60,Post Malone,Twelve Carat Toothache (Deluxe),2838968199,918126,50MzJhO0pMjTsfpeOmZ1so
6LuN9FCkKOj5PcnpouEgny,Khalid,Suncity,2835763057,690158,4UNwL1B7JoymNUiTFJa52B
6LuN9FCkKOj5PcnpouEgny,Khalid,Suncity,2835763057,690158,2Qxc2NJ7yPKVFRWi3llRr2
5me0Irg2ANcsgc93uaYrpb,The Notorious B.I.G.,Life After Death (25th Anniversary Super Deluxe Edition),2829924770,1282127,6gW08XWRBd2Wnszyo5ZI6l
26VFTg2z8YR0cCuwLzESi2,Halsey,BADLANDS (Live From Webster Hall),2826410870,581473,1ysohK5wUmM4hDTvGUzR0Z
0EmeFodog0BfCgMzAIvKQp,Shakira,Grandes Exitos,2823571772,2927598,3JhHRFetUgAWw376a3sk6C
4IWBUUAFIplrNtaOHcJPRM,James Arthur,YOU,2821589403,1639665,0cm9LOQUBK3JUgyoRj238z
4IWBUUAFIplrNtaOHcJPRM,James Arthur,YOU,2821589403,1639665,5RPLl7UuNqjXJ9YOmTyb8j
4IWBUUAFIplrNtaOHcJPRM,James Arthur,YOU,2821589403,1639665,6cWawCk4DohREQA42eEOe1
5me0Irg2ANcsgc93uaYrpb,The Notorious B.I.G.,Life After Death (2014 Remastered Edition),2819700272,1274716,7dRdaGSxgcBdJnrOviQRuB
13y7CgLHjMVRMDqxdx0Xdo,Gucci Mane,Trap God Classics: I Am My Only Competition,2815817760,839843,5s6zkvJNkdE5Ap3lD1WkQr
360IAlyVv4PCEVjgyMZrxK,Miguel,All I Want Is You,2814642220,1889225,493HYe7N5pleudEZRyhE7R
26VFTg2z8YR0cCuwLzESi2,Halsey,BADLANDS (Deluxe),2807096034,577443,5OZJflQcQCdZLQjtUudCin
0C8ZW7ezQVs4URX5aX7Kqx,Selena Gomez,Rare,2806428384,1022342,65L9F76DAVu2S0qeBStsiK
0C8ZW7ezQVs4URX5aX7Kqx,Selena Gomez,Rare,2806428384,1022342,3YPFaTR7WMi1Hd4NVKdCJx
22bE4uQ6baNwSHPVcDxLCe,The Rolling Stones,Singles 1965-1967,2805375640,1098481,1IeXdR2ptc5Jhxmko89CgE
02kJSzxNuaWGqwubyUba0Z,G-Eazy,When It's Dark Out (Deluxe Edition),2803160709,521819,5a4Yx5hc7VRHUBeNX56euP
1ZwdS5xdxEREPySFridCfh,2Pac,The Best of 2Pac,2799030779,1519540,5rYPqIqm7BGxWWPKT5yHQs
1ZwdS5xdxEREPySFridCfh,2Pac,The Best of 2Pac,2799030779,1519540,4Y9ISbppFbwk0r1XCLUi0I
3aQeKQSyrW4qWr35idm0cy,T-Pain,Happy Hour: The Greatest Hits,2797404722,1374187,184XWylq7ZF0Hn7da4Tr6W
02kJSzxNuaWGqwubyUba0Z,G-Eazy,When It's Dark Out,2796864832,520407,09Q3WwGYsQe5ognkvVkmCu
0X2BH1fck6amBIoJhDVmmJ,Ellie Goulding,Halcyon Nights,2796655976,957112,1gKVOJVxDTqw9IaCbKaYd4
1Mxqyy3pSjf8kZZL4QVxS0,Frank Sinatra,Concepts,2795663925,565849,0XCMp3IS7fWPwKo372vhjr
4YRxDV8wJFPHPTeXepOstw,Arijit Singh,Arijit Singh - King of Sad Hits,2792383061,2154616,2WcskJsPOs5HuFHicXlbcU
4gzpq5DPGxSnKTe4SA8HAU,Coldplay,X&Y,2792176941,1496572,4E7bV0pzG0LciBSWTszra6
1HY2Jd0NmPuamShAr6KMms,Lady Gaga,Chromatica,2791511109,674999,05c49JgPmL4Uz2ZeqRx5SP
1GxkXlMwML1oSg5eLPiAz3,Michael Bublé,The Best of Bublé,2788456940,1334956,2wwYFKCrN0MuFN2IPXUubI
26VFTg2z8YR0cCuwLzESi2,Halsey,hopeless fountain kingdom (Plus),2783613766,1151722,5gnbGc6VR6SeHCbx0DV67s
7oPftvlwr6VrsViSDV7fJY,Green Day,Dookie,2781835826,1241988,4uG8q3GPuWHQlRbswMIRS6
5cj0lLjcoR7YOSnhnX0Po5,Doja Cat,Scarlet 2 CLAUDE,2781406819,1644879,2IUoE0jqkViW6gGfqLcjG2
5cj0lLjcoR7YOSnhnX0Po5,Doja Cat,Scarlet 2 CLAUDE,2781406819,1644879,5ho4S2bnJJdF0uwT8YiQsw
6vWDO969PvNqNYHIOW5v0m,Beyoncé,4,2781033360,769857,1gIC63gC3B7o7FfpPACZQJ
6vWDO969PvNqNYHIOW5v0m,Beyoncé,4,2781033360,769857,7zCW1I02UgkVjg0UYd5rOq
23fqKkggKUBHNkbKtXEls4,Kygo,Stargazing - EP,2780506121,563514,2sPYPyDFwgi1jrRTGhoxq2
1i8SpTcr7yvPOmcqrbnVXY,Ozuna,ENOC,2776406153,746161,69iuPQsXel3luOSDNF0q2Q
28gNT5KBp7IjEOQoevXf9N,Camilo,Por Primera Vez,2775737743,797670,6xS6mQz1fQZ6eZE654J15I
4obzFoKoKRHIphyHzJ35G3,Becky G,MALA SANTA,2771481480,643000,13MHW8hoLFjX7SaVEVmj3X
0tmwSHipWxN12fsoLcFU3B,Manuel Turizo,ADN,2769405251,537946,0CUMVFalkFhZM6Xo0ErxLi
0hCNtLu0JehylgoiP8L4Gh,Nicki Minaj,Pink Friday ... Roman Reloaded (Deluxe Edition),2768457725,1359360,2D2rriWruRrRFq2AAholPp
50co4Is1HCEo8bhOyUWKpn,Young Thug,So Much Fun (Deluxe),2767793447,1243080,24jAbLMFzCTlIv3kQ94HwK
6vWDO969PvNqNYHIOW5v0m,Beyoncé,Dangerously In Love,2766613377,1567434,6oxVabMIqCMJRYN1GqR3Vf
1wRPtKGflJrBx9BmLsSwlU,Pritam,Pritam (All Time Hits),2765743769,2052546,7133iqCfZ7XCwBi5S53OTu
40ZNYROS4zLfyyBSs2PGe2,Zach Bryan,Zach Bryan,2764268928,2354819,6PbnGueEO6LGodPfvNldYf
5K4W6rqBFWDnAN6FQUkS6x,Kanye West,Yeezus,2763823921,1097248,7D2NdGvBHIavgLhmcwhluK
4Z8W4fKeB5YxbusRsdQVPb,Radiohead,OK Computer,2762977614,2807604,6dVIqQ8qmQ5GBnJ9shOYGE
5K4W6rqBFWDnAN6FQUkS6x,Kanye West,Late Registration,2753959955,1289805,5ll74bqtkcXlKE7wwkMq4g
0z4gvV4rjIZ9wHck67ucSV,Akon,Konvicted (Complete Edition),2749363301,1712589,4SAz7HhY1uBvxF6O9k1iyq
6TIYQ3jFPwQSRmorSezPxX,mgk,Tickets To My Downfall (SOLD OUT Deluxe),2749189200,617433,13lMLnHs5qsmm687oRc3VC
51Blml2LZPmy7TTiAg47vQ,U2,The Joshua Tree (Super Deluxe),2748069157,1180264,5y6wlw1LnqFnQFruMeiwGU
23fqKkggKUBHNkbKtXEls4,Kygo,Golden Hour,2735175434,717840,7tcs1X9pzFvcLOPuhCstQJ
6vXTefBL93Dj5IqAWq6OTv,French Montana,Jungle Rules,2727747321,1185153,4c2p3TdN7NcQfCXyueCNnC
5K4W6rqBFWDnAN6FQUkS6x,Kanye West,The College Dropout,2727633115,1563389,4Uv86qWpGTxf7fU7lG5X6F
246dkjvS1zLTtiykXe5h60,Post Malone,Twelve Carat Toothache,2720418423,856579,3HHNR44YbP7XogMVwzbodx
4VMYDCV2IEDYJArk749S6m,Daddy Yankee,Barrio Fino (Bonus Track Version),2708905363,1598701,7BmWnXvx1CD6vtxtBd0czc
0jnsk9HBra6NMjO2oANoPY,Flo Rida,My House,2688665074,686236,5lkNnHVlnCCCV304t89wOH
0jnsk9HBra6NMjO2oANoPY,Flo Rida,My House,2688665074,686236,1H1ivGeE2LjPjE71OITTZs
07YZf4WDAMNwqr4jfgOZ8y,Jason Derulo,Talk Dirty,2681724874,821098,4PeZu0It7qVrTG40t3HM9A
51Blml2LZPmy7TTiAg47vQ,U2,The Joshua Tree,2677889259,1157802,5vBZRYu2GLA65nfxBvG1a7
51Blml2LZPmy7TTiAg47vQ,U2,The Joshua Tree,2677889259,1157802,4mULDK6YXrFXTfSwvwm4M3
4O15NlyKLIASxsJ0PrXPfz,Lil Uzi Vert,Eternal Atake,2677337013,787272,7IyoGB8J31fvQDwGtHAq9m
00FQb4jTyendYWaN8pK0wa,Lana Del Rey,Lust For Life,2664606330,1397417,7xYiTrbTL57QO0bb4hXIKo
5Pwc4xIPtQLFEnJriah9YJ,OneRepublic,Human (Deluxe),2661074084,676994,0SrskI3mHcu5MzKeZNv2f6
3Nrfpe0tUJi4K4DXYWgMUX,BTS,Love Yourself ? 'Her',2660887269,805436,07Rq17GzCnIdWJcyVHb57G
2FXC3k01G6Gw61bmprjgqS,Hozier,Unreal Unearth: Unending,2659018642,3182560,10MWtR7jwqRTLQAvmTU7uQ
0EmeFodog0BfCgMzAIvKQp,Shakira,"Oral Fixation, Vol. 2 (Expanded Edition)",2657158212,1691028,5ppnlEoj4HdRRdRihnY3jU
0L8ExT028jH3ddEcZwqJJ5,Red Hot Chili Peppers,Blood Sugar Sex Magik (Deluxe Edition),2650907542,1058250,30Perjew8HyGkdSmqguYyg
3YQKmKGau1PzlVlkL1iodx,Twenty One Pilots,Vessel,2645534724,678701,2r2r78NE05YjyHyVbVgqFn
0GM7qgcRCORpGnfcN2tCiB,Tainy,DATA,2643626028,2132854,2X6WyzpxY70eUn3lnewB7d
3q7HBObVc0L8jNeTe5Gofh,50 Cent,The Massacre,2642717136,1438354,2pidzXTaHV4WaIJYRxKDCH
2feDdbD5araYcm6JhFHHw7,Labrinth,Euphoria (Original Score from the HBO Series),2632997712,778072,788r22Bhr3IHLTNPy8pZea
0L8ExT028jH3ddEcZwqJJ5,Red Hot Chili Peppers,Blood Sugar Sex Magik,2632925376,1052580,1DCI2yWmV4UI7Aga71yx9B
5cj0lLjcoR7YOSnhnX0Po5,Doja Cat,Scarlet,2632863726,1494235,6DmPNcfpkXBVRJsEIJY9tl
5cj0lLjcoR7YOSnhnX0Po5,Doja Cat,Scarlet,2632863726,1494235,0UO8A189MXCK0JMv7iJmib
06HL4z0CvFAxyc27GXpf02,Taylor Swift,Fearless (International Version),2632026816,776230,08CWGiv27MVQhYpuTtvx83
04gDigrS5kc9YWfZHwBETP,Maroon 5,Hands All Over (Deluxe),2625374632,1275994,2H4DCvJiZknLngsD2Yqf6k
04gDigrS5kc9YWfZHwBETP,Maroon 5,Hands All Over (Deluxe),2625374632,1275994,5kygdThrNHarL5gnO2jMOt
1z7b1Pr1rSlvWRzsW3HOrS,Russ,There's Really A Wolf,2615139695,490791,0lUL92det7mZ4DaHYmiUEC
0k17h0D3J5VfsdmQ1iZtE9,Pink Floyd,The Dark Side of the Moon,2599931937,1436848,4LH4d3cOWNNsVw41Gqt2kv
06HL4z0CvFAxyc27GXpf02,Taylor Swift,Fearless Platinum Edition,2598513113,733617,43OpbkiiIxJO8ktIB777Nn
2YZyLoL8N0Wb9xBt1NhZWg,Kendrick Lamar,GNX,2597729724,10281977,1Ss0ArMRr91m83mOgRBjSZ
2YZyLoL8N0Wb9xBt1NhZWg,Kendrick Lamar,GNX,2597729724,10281977,0hvT3yIEysuuvkK73vgdcW
3e7awlrlDSwF3iM0WBjGMp,Little Mix,Get Weird (Expanded Edition),2592357000,699317,2FnfZiFMv7bmXAIATOJDHs
4V8LLVI7PbaPR0K2TGSxFF,"Tyler, The Creator",CALL ME IF YOU GET LOST: The Estate Sale,2588581743,1514898,1GG6U2SSJPHO6XsFiBzxYv
5f7VJjfbwm532GiveGC0ZK,Lil Baby,My Turn,2584944987,1123983,1ynyQdPQiXdYJNQEDL1S3d
0elWFr7TW8piilVRYJUe4P,Natanael Cano,Nata Montana,2582979733,1550380,507VZINfvVEAyrcPbJuOVU
790FomKkXshlbRYZFtlgla,KAROL G,OCEAN,2576470242,745622,4i5b4YWuMtneUSvQPONwzK
5K4W6rqBFWDnAN6FQUkS6x,Kanye West,808s & Heartbreak,2573343295,1084951,3WFTGIO6E3Xh4paEOBY9OU
4tZwfgrHOc3mvqYlEYSvVi,Daft Punk,Random Access Memories (10th Anniversary Edition),2569313929,1075478,4mAhdh996uW5SnnFKXUmC0
74KM79TiuVKeVCqs8QtB0B,Sabrina Carpenter,emails i can't send,2567071711,2835012,5kDmlA2g9Y1YCbNo2Ufxlz
6jJ0s89eD6GaHleKKya26X,Katy Perry,One Of The Boys,2558125925,1627917,0r2BUyPTmpbfuz4rR39mLl
31TPClRtHm23RisEBtV3X7,Justin Timberlake,TROLLS (Original Motion Picture Soundtrack),2552682759,645860,65ayND23IInUPHJKsaAqe7
6S2OmqARrzebs0tKUEyXyp,Demi Lovato,Demi,2548984893,882871,6Kssm2LosQ0WyLukFZkEG5
2FXC3k01G6Gw61bmprjgqS,Hozier,Unreal Unearth: Unaired,2547355370,3049790,0OWvUsVTHFXXnGiGht96K4
1RyvyyTE3xzB2ZywiAwp0i,Future,I NEVER LIKED YOU,2545554352,1480222,6tE9Dnp2zInFij4jKssysL
1RyvyyTE3xzB2ZywiAwp0i,Future,I NEVER LIKED YOU,2545554352,1480222,6ViO9Wx6dWzeUq6DmGTaHl
5K4W6rqBFWDnAN6FQUkS6x,Kanye West,ye,2542495405,1157865,2Ek1q2haOnxVqhvVKqMvJe
6olE6TJLqED3rqDCT0FyPh,Nirvana,In Utero (Super Deluxe Edition),2538683509,1586274,14VVqBoDw1SxoNLW3Cj3mN
51Blml2LZPmy7TTiAg47vQ,U2,The Joshua Tree (Deluxe),2538108305,1108763,2t4UTpa53ALkISHhiKrEtv
4YRxDV8wJFPHPTeXepOstw,Arijit Singh,Arijit Singh Heartbreak Hits,2538037063,2037611,6L8x1JeBN5nXqZFcEVCy5N
6jJ0s89eD6GaHleKKya26X,Katy Perry,One Of The Boys (15th Anniversary Edition),2533728679,1617060,4E0vDZuTPYYySw3TcVi6H0
2uYWxilOVlUdk4oV9DvwqK,Mitski,Be the Cowboy,2528061609,1357702,42cH7mrkfljkqkxA2Ip9Xq
6LqNN22kT3074XbTVUrhzX,Kesha,Animal (Expanded Edition),2521743850,1466665,6fpLLJsDSSAlToEDW2jv4F
13ubrt8QOOCPljQ2FL1Kca,A$AP Rocky,TESTING,2514690696,991853,3MATDdrpHmQCmuOcozZjDa
0z4gvV4rjIZ9wHck67ucSV,Akon,Konvicted,2513971277,1554964,6kzoWb4UzvKYgbDfAwgaFq
0z4gvV4rjIZ9wHck67ucSV,Akon,Konvicted,2513971277,1554964,1CNdZ7YC8tK6w2n4ISqKyo
53XhwfbYqKCa1cC15pYq2q,Imagine Dragons,Smoke + Mirrors,2513770292,628997,0gmsXcmrcnxdZBrD5EyJEL
4tZwfgrHOc3mvqYlEYSvVi,Daft Punk,Random Access Memories,2510289236,1020269,4m2880jivSbbyEGAKfITCa
1r4hJ1h58CWwUQe3MxPuau,Maluma,F.A.M.E.,2509467725,569868,6MoaDh76Fsg0ogW2l7HAFx
0LcJLqbBmaGUft1e9Mm8HV,ABBA,Arrival,2506647141,1385967,1V6a99EbTTIegOhWoPxYI9
3KV3p5EY4AvKxOlhGHORLg,Jeremih,Late Nights: The Album,2505691165,742990,7DMyQuDPe8xzjC0UDSDa96
3TVXtAsR1Inumwj472S9r4,Drake,"Honestly, Nevermind",2502258482,1302274,3cf4iSSKd8ffTncbtKljXw
0hCNtLu0JehylgoiP8L4Gh,Nicki Minaj,Queen,2498031779,438180,2acDkDTWdNFie1HjcFa4Ny
0hCNtLu0JehylgoiP8L4Gh,Nicki Minaj,Queen,2498031779,438180,2CpCvD6ZrMmiydad6IVEPU
0hCNtLu0JehylgoiP8L4Gh,Nicki Minaj,Queen,2498031779,438180,5SSpz2RyyEhLt5FDymT4Ph
04gDigrS5kc9YWfZHwBETP,Maroon 5,Hands All Over,2495041992,1255341,7strNUlU6xZqlVWBNUdOYv
3IYUhFvPQItj6xySrBmZkd,Creedence Clearwater Revival,Willy And The Poor Boys (Expanded Edition),2492118949,924371,31q47gQszFt0CddSyMksgO
3YQKmKGau1PzlVlkL1iodx,Twenty One Pilots,Trench,2490949749,832600,621cXqrTSSJi1WqDMSLmbL
3IYUhFvPQItj6xySrBmZkd,Creedence Clearwater Revival,Willy And The Poor Boys,2484215758,920726,5hW8vgOySUKEglHdGmNALK
1dfeR4HaWDbWqFHLkxsg1d,Queen,News Of The World (Deluxe Remastered Version),2484075670,837608,6Di4m5k1BtMJ0R44bWNutu
6olE6TJLqED3rqDCT0FyPh,Nirvana,In Utero (Deluxe Edition),2482731428,1563192,6ohX7moZZnF1FwYrli1OJ6
1dfeR4HaWDbWqFHLkxsg1d,Queen,News of the World,2479282299,836666,4UyCb7lKdDqj4sSvAEh8w9
06HL4z0CvFAxyc27GXpf02,Taylor Swift,Fearless (Big Machine Radio Release Special),2476012282,717593,3EzFY9Rg0PpbADMth746zi
4gzpq5DPGxSnKTe4SA8HAU,Coldplay,Music Of The Spheres,2473369621,1043928,06mXfvDsRZNfnsGZvX2zpb
3MZsBdqDrRTJihTHQrO6Dq,Joji,SMITHEREENS,2472043265,1199221,39VuC5rYQHAnR6xQwm1WDk
3Nrfpe0tUJi4K4DXYWgMUX,BTS,Wings,2471270444,613503,1vhNGBTFoaSTLbHjPGFIlF
02kJSzxNuaWGqwubyUba0Z,G-Eazy,The Beautiful & Damned (Deluxe Edition),2469115570,794939,3MH4gUVIghBW3W6Jr3aWh9
1mcTU81TzQhprhouKaTkpq,Rauw Alejandro,SATURNO,2467029220,1950855,5AcRssiG0Zqu3lqYW7hMoM
02kJSzxNuaWGqwubyUba0Z,G-Eazy,The Beautiful & Damned,2465215180,794024,1VAc77UvK5wj8ZSWCo3V2b
1vCWHaC5f2uS3yhpwWbIA6,Avicii,The Days / Nights,2463493709,974947,0h2knr6qpiAq0tV5ri5JMF
1vCWHaC5f2uS3yhpwWbIA6,Avicii,The Days / Nights,2463493709,974947,1WXM7DYQRT7QX8AKBJRfK9
6wWVKhxIU2cEi0K81v7HvP,Rammstein,Made In Germany 1995 - 2011 (Special Edition),2458489034,1384167,1fvjGXSNoSPsT7Wtl6BESO
55Aa2cqylxrFIXC767Z865,Lil Wayne,Tha Carter IV (Complete Edition),2455091814,1799184,0pFydyko4Iw450abXlDPpp
0hCNtLu0JehylgoiP8L4Gh,Nicki Minaj,Pink Friday ... Roman Reloaded (Deluxe),2454032909,1108552,6fABwONLawdFjkDpLx41j8
73sIBHcqh3Z3NyqHKZ7FOL,Childish Gambino,Because the Internet,2449113572,793907,5h0KYWMZIg8xT6eRGYkNMh
40ZNYROS4zLfyyBSs2PGe2,Zach Bryan,American Heartbreak,2449090151,1980330,7IouDrXPdAZwT1NzVV3vef
7Ln80lUS6He07XvHI8qqHH,Arctic Monkeys,"Whatever People Say I Am, That's What I'm Not",2447841809,893284,50Zz8CkIhATKUlQMbHO3k1
3xvaSlT4xsyk6lY1ESOspO,Disney,Disney Love Songs,2447103942,1252743,1ClNru8BFtdeF3L10UmfhK
6AgTAQt8XS6jRWi4sX7w49,Polo G,Die A Legend,2442211017,564991,26ztFK3E69j5THJQdyxC5w
4YRxDV8wJFPHPTeXepOstw,Arijit Singh,Arijit Singh Broken Strings,2435474878,2474190,6jk3ucx33D7CLURgcfVFOT
1GxkXlMwML1oSg5eLPiAz3,Michael Bublé,The Essential Michael Bublé,2428583408,1199832,1jaa44Iw2iHhon2TRLLLoz
2kCcBybjl3SAtIcwdWpUe3,Lil Peep,"Come Over When You're Sober, Pt. 1",2428566015,538154,70LJ28NE9LV93xF2z6PiyN
6TIYQ3jFPwQSRmorSezPxX,mgk,Tickets To My Downfall,2426856652,553043,57lgFncHBYu5E3igZnuCJK
7dGJo4pcD2V6oG8kP0tJRR,Eminem,Relapse: Refill,2426387783,824339,7MZzYkbHL9Tk3O6WeD4Z0Z
4YRxDV8wJFPHPTeXepOstw,Arijit Singh,Yours Truly Arijit,2425474985,2092660,3tzrtZvTODgW7tDew5E7nb
1anyVhU62p31KFi8MEzkbf,Chance the Rapper,Coloring Book,2424475962,215707,71QyofYesSsRMwFOTafnhB
329e4yvIujISKGKz1BZZbO,Farruko,La 167,2421844486,544410,0T6QxdJZwYrXPHd829SnqK
3qm84nBOXUEQ2vnTfUTTFC,Guns N' Roses,Use Your Illusion II (Deluxe Edition),2419353826,1334754,22BtZeG6Kq2VvQVlZCgCAG
540vIaP2JwjQb9dm3aArA4,DJ Snake,Lean On (Remixes),2418471961,862176,4Ysc9TiGwL1AZWLyo6otmy
540vIaP2JwjQb9dm3aArA4,DJ Snake,Lean On (Remixes),2418471961,862176,5HLA49wTL5it6uAKXpZgAb
6olE6TJLqED3rqDCT0FyPh,Nirvana,In Utero (30th Anniversary Super Deluxe),2417454650,1542678,68uIz7DtgDoPUFTKxdzL9t
3qm84nBOXUEQ2vnTfUTTFC,Guns N' Roses,Use Your Illusion II,2417315600,1332364,00eiw4KOJZ7eC3NBEpmH4C
4YRxDV8wJFPHPTeXepOstw,Arijit Singh,Loveholic Arijit Singh,2403854910,2302624,7patNeMdCSnjhX082Uv3yg
5me0Irg2ANcsgc93uaYrpb,The Notorious B.I.G.,Life After Death (2014 Remaster),2399686660,1096759,6uMVAiciTpTyrQn5QJDPJM
5YGY8feqx7naU7z4HrwZM6,Miley Cyrus,The Time Of Our Lives,2399267615,1022439,64aKkqxc3Ur2LYIKeS5osS
4q3ewBCX7sLwd24euuV69X,Bad Bunny,LAS QUE NO IBAN A SALIR,2390884509,630122,4gvQO5mEuhbMSrLIuwXkmz
3WrFJ7ztbogyGnTHbHJFl2,The Beatles,The Beatles,2389486702,1052276,1WMVvswNzB9i2UMh9svso5
5lwmRuXgjX8xIwlnauTZIP,Romeo Santos,Golden,2385889519,1212202,6bm9EpUNvQ9xMglBJGRmgS
5lwmRuXgjX8xIwlnauTZIP,Romeo Santos,Golden,2385889519,1212202,5pSk3c3wVwnb2arb6ohCPU
1vyhD5VmyZ7KMfW5gqLgo5,J Balvin,Energía,2381776703,861757,4cGc9Eeb3Gjff2Aq5ILLEf
1vyhD5VmyZ7KMfW5gqLgo5,J Balvin,Energía,2381776703,861757,76mNc50Njn9XlFMMYvh1G3
69GGBxA162lTqCwzJG5jLp,The Chainsmokers,World War Joy,2371561177,314569,01GR4NL5O5CZM51k0aejKD
7bXgB6jMjp9ATFy66eO08Z,Chris Brown,Indigo,2366516994,700042,1BfLzaTFI5qKsAAk0Ae6aV
7bXgB6jMjp9ATFy66eO08Z,Chris Brown,Indigo,2366516994,700042,7H23XdhKb4H4mSCRd6gpwU
4YRxDV8wJFPHPTeXepOstw,Arijit Singh,Love Forever With Arijit Singh,2366489511,2287549,5Wm1nhxZqx7i0Hp6ZBqe9T
711MCceyCBcFnzjGY4Q7Un,AC/DC,Highway to Hell,2363382055,1217459,10v912xgTZbjAtYfyKWJCS
6S2OmqARrzebs0tKUEyXyp,Demi Lovato,Tell Me You Love Me (Deluxe),2361450998,293267,3wtzx00sWy8JmQbYXmBa6S
57LYzLEk2LcFghVwuWbcuS,Summer Walker,Over It (Complete Set),2350473184,1045751,7xILMK2dqawf30xGvHQvQC
1vyhD5VmyZ7KMfW5gqLgo5,J Balvin,Energía Lado B,2347111304,849774,79447qgPdAlZVX0Xx4Fzfv
1RyvyyTE3xzB2ZywiAwp0i,Future,High Off Life,2346999671,749740,4bNPOFOzxGhF5jhfIK6lit
1yxSLGMDHlW21z4YXirZDS,Black Eyed Peas,TRANSLATION,2346303802,731285,0uxvuY8Ek2ojzHrWTg2PDc
31TPClRtHm23RisEBtV3X7,Justin Timberlake,FutureSex/LoveSounds Deluxe Edition,2344385110,1778229,0tcExuDWMQdBbwSpqN8Ku2
7jy3rLJdDQY21OgRLCZ9sD,Foo Fighters,The Colour And The Shape,2344128112,1153893,30ly6F6Xl0TKmyBCU50Khv
2jku7tDXc6XoB6MO2hFuqg,Tory Lanez,Alone at Prom (Deluxe),2333998825,2072999,6HwNzBItWtIVYPXda2VFoJ
2jku7tDXc6XoB6MO2hFuqg,Tory Lanez,Alone at Prom (Deluxe),2333998825,2072999,3ZMpNkV6dz01h0U1WeiB8f
4YRxDV8wJFPHPTeXepOstw,Arijit Singh,Non Stop Arijit Singh Hits,2332584286,2911318,4xeWDuTiI7eEyMiQAtVBp3
4r63FhuTkUYltbVAg5TQnk,DaBaby,BLAME IT ON BABY,2325956953,290736,623PL2MBg50Br5dLXC9E9e
3tlXnStJ1fFhdScmQeLpuG,Brent Faiyaz,WASTELAND,2315030500,1303252,0PHMNbcgHfzSUALlfk7wGg
1wZtkThiXbVNtj6hee6dz9,Wisin,Juntos Otra Vez,2314628186,1785142,2zlrwEhyQvCZJH4zfAwasJ
6nVcHLIgY5pE2YCl8ubca1,JHAYCO,Famouz Reloaded,2312446085,914396,7gDjowB5fv1LkntmDVv0jT
7qG3b048QCHVRO5Pv1T5lw,Enrique Iglesias,SEX AND LOVE (Deluxe),2311731326,1311038,2kZkiVn1m00XcgaWlLb2LD
3WrFJ7ztbogyGnTHbHJFl2,The Beatles,The Beatles (Remastered),2303148328,1034085,1klALx0u4AavZNEvC4LrTL
3qm84nBOXUEQ2vnTfUTTFC,Guns N' Roses,Use Your Illusion I,2301408147,1172225,0CxPbTRARqKUYighiEY9Sz
6l3HvQ5sa6mXTsMTB19rO5,J. Cole,Revenge Of The Dreamers III: Director's Cut,2300701174,615003,5PerfGh9Smd6XjwkxpmL4V
4Z8W4fKeB5YxbusRsdQVPb,Radiohead,Pablo Honey,2299355869,1768833,3gBVdu4a1MMJVMy6vwPEb8
7bXgB6jMjp9ATFy66eO08Z,Chris Brown,Heartbreak On A Full Moon Deluxe Edition: Cuffing Season - 12 Days Of Christmas,2295641391,510642,2W9Vq2BMrjiK6qGmJ5va7z
74XFHRwlV6OrjEM0A2NCMF,Paramore,Paramore (Deluxe Edition),2291981600,1310278,7J2hXOVq8FZ367dTczV7oH
1r4hJ1h58CWwUQe3MxPuau,Maluma,"Pretty Boy, Dirty Boy",2291800544,1716741,3PomvFR694SrCSZzDWMWV7
0oSGxfWSnnOXhD2fKuz2Gy,David Bowie,The Best of David Bowie 1980 / 1987,2290574908,856797,2FUCvmW24RbDwxyFaXm7Lt
4iHNK0tOyZPYnBU7nGAgpQ,Mariah Carey,#1's,2286600892,1141434,3usQV8KT7DxGnw2e4xCfV7
6olE6TJLqED3rqDCT0FyPh,Nirvana,In Utero,2277320901,1454821,7wOOA7l306K8HfBKfPoafr
6S2OmqARrzebs0tKUEyXyp,Demi Lovato,Confident (Deluxe Edition),2275806581,683912,3HV3ecmJJ2GmHM93vVVKXF
6VuMaDnrHyPL1p4EHjYLi7,Charlie Puth,CHARLIE,2273917561,594878,5Jk4Eg7pxYhDrWJCVVzmMt
6VuMaDnrHyPL1p4EHjYLi7,Charlie Puth,CHARLIE,2273917561,594878,2LTqBgZUH4EkDcj8hdkNjK
6VuMaDnrHyPL1p4EHjYLi7,Charlie Puth,CHARLIE,2273917561,594878,1Rgl5JQCH8hG9CdbEIQKV3
6jGMq4yGs7aQzuGsMgVgZR,Lil Tjay,Destined 2 Win,2271401846,607503,3MEKpJ7wSSp6Z661ThjrUJ
2LRoIwlKmHjgvigdNGBHNo,Feid,INTER SHIBUYA (FERXXO EDITION),2269627134,1097835,0kI46dzlikgAVpJ6LdkbJE
22bE4uQ6baNwSHPVcDxLCe,The Rolling Stones,The Rolling Stones Singles Box Set (1971-2006) [Sampler],2265471766,982931,6In2W0PN0sp3DjhjmbRuQ5
1RyvyyTE3xzB2ZywiAwp0i,Future,WE DON'T TRUST YOU,2260539969,2722991,4iqbFIdGOTzXeDtt9owjQn
6AgTAQt8XS6jRWi4sX7w49,Polo G,Hall of Fame,2260380285,626638,7KSf6p0G0mZd7j60etVTwT
0LcJLqbBmaGUft1e9Mm8HV,ABBA,Voulez-Vous,2260066808,1303751,7iLuHJkrb9KHPkMgddYigh
5C4PDR4LnhZTbVnKWXuDKD,Morat,Sobre El Amor Y Sus Efectos Secundarios... Y Unas Cuantas Cosas Más (Edición Especial),2254227317,891347,7EHPmV9Jm3PIc0SK90ISIR
6S2OmqARrzebs0tKUEyXyp,Demi Lovato,Confident,2250977973,682287,56yYgfX6M5FlpETfyZSHkn
1SupJlEpv7RS2tPNRaHViT,Nicky Jam,Intimo,2250202446,468311,1CYQlkKE5Q0khU6eMwVAVt
711MCceyCBcFnzjGY4Q7Un,AC/DC,Who Made Who,2247535692,1143523,07EFoHHspqSwsmkbnWaB4A
0eDvMgVFoNV3TpwtrVCoTj,Pop Smoke,Faith (Deluxe),2244806505,610497,1n5t4LXCTAmiJmyMtbBxVU
0eDvMgVFoNV3TpwtrVCoTj,Pop Smoke,Faith (Deluxe),2244806505,610497,2N539CVAkXd9Jk722m1i6D
6l3HvQ5sa6mXTsMTB19rO5,J. Cole,Cole World: The Sideline Story,2244631217,946584,0fhmJYVhW0e4i33pCLPA5i
69GGBxA162lTqCwzJG5jLp,The Chainsmokers,Sick Boy,2237144834,324219,6ZvDJs17O3woQirttKRYCG
73sIBHcqh3Z3NyqHKZ7FOL,Childish Gambino,Camp (Deluxe Edition),2232286106,1696162,6y08a862sRi9ILcYGkLljn
7vk5e3vY1uw9plTHJAMwjN,Alan Walker,Faded,2229448793,689403,5HMjpBO0v78ayq5lreAyDd
4GNC7GD6oZMSxPGyXy4MNB,Lewis Capaldi,Before You Go EP,2227156817,751544,1AGHTcqnvCoksoL6UGAxFa
4r63FhuTkUYltbVAg5TQnk,DaBaby,KIRK,2227064454,376952,1NsTSXjVNE7XmZ8PmyW0wl
0hEurMDQu99nJRq8pTxO14,John Mayer,Continuum,2225584544,828692,1Xsprdt1q9rOzTic7b9zYM
5f7VJjfbwm532GiveGC0ZK,Lil Baby,Harder Than Ever,2224806563,694295,7yf9ZJyHRbp8sHtpDKfPpt
28gNT5KBp7IjEOQoevXf9N,Camilo,Mis Manos,2222892421,919402,1PuH88Md0tzB8UrnBfboJA
4tZwfgrHOc3mvqYlEYSvVi,Daft Punk,Discovery,2221037995,1299857,2noRn2Aes5aoNVsU6iWThc
0Q8NcsJwoCbZOHHW63su5S,Mora,MICRODOSIS,2220000270,1025009,0QLDQG7Jx78rEUDW03IhHC
2R21vXR83lH98kGeO99Y66,Anuel AA,Real Hasta la Muerte,2219068632,998579,5pQwQRnQOuKrbVUVnGMEN4
1vCWHaC5f2uS3yhpwWbIA6,Avicii,AV?CI (01),2218445811,686259,1m3mf7xkXIwssVriaaTjOS
2FXC3k01G6Gw61bmprjgqS,Hozier,"Wasteland, Baby! (Special Edition)",2216878393,1358062,4qpvDzPCm5PLNLNINaEWM5
1r4hJ1h58CWwUQe3MxPuau,Maluma,Don Juan,2213120800,1095664,3Fk8yQvPlCHgwR2pNhEIRA
3t5xRXzsuZmMDkQzgOX35S,Robin Schulz,Sugar,2212229197,545755,5XyJzEROSmup2TcWmVjTIt
6l3HvQ5sa6mXTsMTB19rO5,J. Cole,4 Your Eyez Only,2211612214,629350,3CCnGldVQ90c26aFATC1PW
7bXgB6jMjp9ATFy66eO08Z,Chris Brown,Heartbreak on a Full Moon,2208781834,498868,3zak0kNLcOY5vFcB3Ipskp
05fG473iIaoy82BF1aGhL8,Slipknot,Vol. 3: The Subliminal Verses,2206272883,1448131,4ZDBQSIDIZRUBOG2OHcN3T
3mIj9lX2MWuHmhNCA7LSCW,The 1975,"I like it when you sleep, for you are so beautiful yet so unaware of it",2197996887,571021,1JFmNyVPdBF1ECvv4fhpW4
5Rl15oVamLq7FbSb0NNBNy,5 Seconds of Summer,5 Seconds Of Summer,2196088988,675213,6GKIr03B2yvdP0TkWiGJVV
7qG3b048QCHVRO5Pv1T5lw,Enrique Iglesias,SEX AND LOVE (Deluxe Edition),2195618874,1270911,3egRoultzC0Q1RtbDjFXLP
4Z8W4fKeB5YxbusRsdQVPb,Radiohead,Creep EP,2191578750,1673821,1w1LIhUSQLKew0dYwiVX2q
20sxb77xiYeusSH8cVdatc,Meek Mill,Championships,2191245684,404544,6UYZEYjpN1DYRW0kqFy9ZE
329e4yvIujISKGKz1BZZbO,Farruko,Gangalee,2190663191,375229,1PgFsarDcIwCvLX32DpcxB
74XFHRwlV6OrjEM0A2NCMF,Paramore,Paramore,2183632737,1278683,4sgYpkIASM1jVlNC8Wp9oF
7qG3b048QCHVRO5Pv1T5lw,Enrique Iglesias,SEX AND LOVE,2182106838,1290944,6T43fY5DvRbqNGhu16RPtH
7qG3b048QCHVRO5Pv1T5lw,Enrique Iglesias,SEX AND LOVE,2182106838,1290944,078Dqpeg1UwDkT6KXxNmIA
3nFkdlSjzX9mRTtwJOzDYB,JAY-Z,The Blueprint 3,2177381603,1163624,2CUT0104gySOIvqwtXeFsX
74XFHRwlV6OrjEM0A2NCMF,Paramore,Brand New Eyes,2176530049,1843812,27UqZoE1kV6sIV6uQcI28A
4LLpKhyESsyAXpc4laK94U,Mac Miller,Circles (Deluxe),2169311759,885801,1YZ3k65Mqw3G8FzYlW1mmp
0jnsk9HBra6NMjO2oANoPY,Flo Rida,R.O.O.T.S. (Route of Overcoming the Struggle),2169184460,1263547,6K3oilzgGEIiflU7G3i4lK
0jnsk9HBra6NMjO2oANoPY,Flo Rida,R.O.O.T.S. (Route of Overcoming the Struggle),2169184460,1263547,2vBLKFrI1rZqB7VtGxcsR5
7vk5e3vY1uw9plTHJAMwjN,Alan Walker,World Of Walker,2168574605,727104,3KrkQ77DF9OUB0aOzKFYOF
6l3HvQ5sa6mXTsMTB19rO5,J. Cole,The Off-Season,2160225123,629754,4JAvwK4APPArjIsOdGoJXX
4YRxDV8wJFPHPTeXepOstw,Arijit Singh,Long Drive (Bollywood Mix),2159829234,2663547,1hlbiG3q18W4Jd923StCif
0hCNtLu0JehylgoiP8L4Gh,Nicki Minaj,Pink Friday ... Roman Reloaded,2155029635,917409,6OfCOPtcPuhlAovGJ52uZO
3p7PcrEHaaKLJnPUGOtRlT,Henrique & Juliano,Manifesto Musical (Ao Vivo),2152404810,585985,44apM3pC4x6oLt5ULbtV3j
4xRYI6VqpkE3UwrDrAZL8L,Logic,Everybody,2151812040,287335,1HiN2YXZcc3EjmVZ4WjfBk
4xRYI6VqpkE3UwrDrAZL8L,Logic,Everybody,2151812040,287335,6hJ3zWCre9oDMWcU7rNQWJ
3Nrfpe0tUJi4K4DXYWgMUX,BTS,Dynamite (DayTime Version),2149490463,499454,1Yo63a5AzPMyHiYMKYIrld
711MCceyCBcFnzjGY4Q7Un,AC/DC,The Razors Edge,2148878864,1287311,4vu7F6h90Br1ZtYYaqfITy
3IYUhFvPQItj6xySrBmZkd,Creedence Clearwater Revival,Pendulum (Expanded Edition),2148857534,1033148,372cMadhAGlNuDnc8TssqF
3IYUhFvPQItj6xySrBmZkd,Creedence Clearwater Revival,Pendulum,2145404203,1032519,3tbpe74iBR23O8uiQlLrXC
74KM79TiuVKeVCqs8QtB0B,Sabrina Carpenter,Espresso EP,2140435705,3399722,2yIhXdfQKrzp7ENGxxI92c
07YZf4WDAMNwqr4jfgOZ8y,Jason Derulo,Tattoos,2139039704,726830,1OdcBxCNY52OXH0r4odXqP
21E3waRsmPlU7jZsS13rcj,Ne-Yo,Year Of The Gentleman,2138718976,1321491,6dC6J5qkPcJ1iGshEN5MpX
2tIP7SsRs7vjIcLrU85W8J,The Kid LAROI,THE FIRST TIME (DELUXE VERSION),2135282216,2565035,30H0cGghxhBJ93v4h28XEt
2wY79sveU1sp5g7SokKOiI,Sam Smith,Gloria (Special Edition),2132437137,622712,5BNUgsVK7qqfFnV046qHfW
73sIBHcqh3Z3NyqHKZ7FOL,Childish Gambino,Camp,2131418756,1675557,01MRGgNbfWrE291tQjw9ta
64M6ah0SkkRsnPGtGiRAbb,Bebe Rexha,Bebe,2125047322,1057909,59zVzm5imosI0J0j1UpFEs
64M6ah0SkkRsnPGtGiRAbb,Bebe Rexha,Bebe,2125047322,1057909,0FWLTTcCKsd3b1PiW9GTEN
0hCNtLu0JehylgoiP8L4Gh,Nicki Minaj,Pink Friday (Complete Edition),2121575683,886102,7aADdYLiK1z7GlMFr0UIZw
4YRxDV8wJFPHPTeXepOstw,Arijit Singh,The Arijit Singh Collection Vol.2,2121516290,2668759,0JWpJ4hPD4WX0FO6c5sz8s
2wY79sveU1sp5g7SokKOiI,Sam Smith,Gloria,2120006682,616306,3Uq1jNGnD412ZvCb6j2DKV
46SHBwWsqBkxI7EeeBEQG7,Kodak Black,Project Baby 2: All Grown Up (Deluxe Edition),2118791181,759043,0D2kFxAO1YPAuxAtP23g0p
0QHgL1lAIqAw0HtD7YldmP,DJ Khaled,KHALED KHALED,2116653462,487609,5kE2OAuUYGBqqzscqgBXXf
0hCNtLu0JehylgoiP8L4Gh,Nicki Minaj,Pink Friday (Deluxe Edition),2113667042,883485,4cIAp0fnyPfICPqELp7LSH
55Aa2cqylxrFIXC767Z865,Lil Wayne,Tha Carter III,2112109697,1163282,5BGzOpea6At0Nd7tYtYZOP
55Aa2cqylxrFIXC767Z865,Lil Wayne,Tha Carter III,2112109697,1163282,6dSAHNbY4qs6a6ShBFQUAw
55Aa2cqylxrFIXC767Z865,Lil Wayne,Tha Carter III,2112109697,1163282,1Do3y8IAcbYOToYQJnGwSO
0X2BH1fck6amBIoJhDVmmJ,Ellie Goulding,Brightest Blue,2110296218,477038,44va7sFuK8IGzrj0BIX8kK
0X2BH1fck6amBIoJhDVmmJ,Ellie Goulding,Brightest Blue,2110296218,477038,7hCfgsycCFH4bBjEfUwh3S
0X2BH1fck6amBIoJhDVmmJ,Ellie Goulding,Brightest Blue,2110296218,477038,5EnCmhahbIADlTDZJUqzYh
45dkTj5sMRSjrmBSBeiHym,Tate McRae,TOO YOUNG TO BE SAD,2106742327,1027826,1BaHo66NCQNx6ku0hPn9bR
0oOet2f43PA68X5RxKobEy,Shreya Ghoshal,Shreya Unplugged,2106450427,2415106,2BamEYQikshxMzTxHYxCNc
3Nrfpe0tUJi4K4DXYWgMUX,BTS,Dynamite (NightTime Version),2106330851,495486,7cvsViO3Tg4w5ixs5Aq7mS
1U1el3k54VvEUzo3ybLPlM,Kali Uchis,Sin Miedo (del Amor y Otros Demonios) ? [Deluxe Version],2097368798,1087422,64SrjXrYNfYvQcccFmYEHu
1dfeR4HaWDbWqFHLkxsg1d,Queen,The Works (Deluxe Remastered Version),2094054588,690841,7oHaj9jkWHByziQsqGAb8V
50co4Is1HCEo8bhOyUWKpn,Young Thug,So Much Fun,2091904866,988165,1bnHPO4dKK7IjvgrtVBcQh
4V8LLVI7PbaPR0K2TGSxFF,"Tyler, The Creator",CALL ME IF YOU GET LOST,2087709267,1105949,45ba6QAtNrdv6Ke4MFOKk9
26VFTg2z8YR0cCuwLzESi2,Halsey,BADLANDS,2087319821,401159,5U5rt98q8Jqx4lP3RdqYfO
1Cs0zKBU1kc0i8ypK3B9ai,David Guetta,I'm Good (Blue) [Remixes],2076638982,1021089,2FoK9zElswjfRAYxDfspRd
1RyvyyTE3xzB2ZywiAwp0i,Future,What A Time To Be Alive,2074849469,408264,1ozpmkWcCHwsQ4QTnxOOdT
1RyvyyTE3xzB2ZywiAwp0i,Future,What A Time To Be Alive,2074849469,408264,3Qa0qW4ged1J4HGeLXbFsC
63yrD80RY3RNEM2YDpUpO8,Melanie Martinez,K-12,2074081538,679723,1KerGJUScYGffP3Mjmjz8c
3mIj9lX2MWuHmhNCA7LSCW,The 1975,The 1975,2071889336,579436,33ZqJmmqFE8Z7Ak1Lxbnfb
246dkjvS1zLTtiykXe5h60,Post Malone,F-1 Trillion: Long Bed,2069170007,3791608,4f2G7uAWqzpOPwEfCDV87A
55Aa2cqylxrFIXC767Z865,Lil Wayne,Tha Carter III (MTV Bonus Version),2069069634,1139479,4fRZNOawjx1uzGLN3VhAZ4
43ZHCT0cAZBISjO8DG9PnE,Elvis Presley,Elvis' Golden Records,2067770021,761461,0C3t1htEDTFKcg7F2rNbek
0XwVARXT135rw8lyw1EeWP,Christian Nodal,Me Dejé Llevar,2066311430,757967,2XHw4PFHT6srg7dxA3yrKv
6Xgp2XMz1fhVYe7i6yNAax,Trippie Redd,LIFE'S A TRIP,2062538835,862233,13rZDYWdAeJumf6UYYBdcL
4LLpKhyESsyAXpc4laK94U,Mac Miller,Circles,2056126153,846600,1jn7r3jVqImGZNX6cMb4Lv
4LLpKhyESsyAXpc4laK94U,Mac Miller,Circles,2056126153,846600,5sY6UIQ32GqwMLAfSNEaXb
3AA28KZvwAUcZuOKwyblJQ,Gorillaz,Plastic Beach (Deluxe),2055970468,1460175,4T95uimM0PQNgAkcyLTym0
3AA28KZvwAUcZuOKwyblJQ,Gorillaz,Plastic Beach,2055906817,1459578,2dIGnmEIy1WZIcZCFSj6i8
7iK8PXO48WeuP03g8YR51W,Myke Towers,LVEU: VIVE LA TUYA...NO LA MIA,2055848688,1100807,1ZVJTCW5rxpHKNgsNL91J2
66CXWjxzNUsdJxJ2JdwvnR,Ariana Grande,Yours Truly (Tenth Anniversary Edition),2054810207,904545,2VSBGJ8bUuNgmOYXHIQagM
2FXC3k01G6Gw61bmprjgqS,Hozier,"Wasteland, Baby!",2054611069,1263406,2c7gFThUYyo2t6ogAgIYNw
08GQAI4eElDnROBrJRGE0X,Fleetwood Mac,Tango In the Night (Deluxe Edition),2052113422,1195396,4AsXQ17Arq1cUVoa9dKJ3F
0c173mlxpT3dSFRgMO8XPh,Big Sean,Dark Sky Paradise (Deluxe),2050611657,538513,4Nlbt2EuXedr6UqaeXEI4c
57LYzLEk2LcFghVwuWbcuS,Summer Walker,Last Day Of Summer,2049284559,937663,4hTM8jZ8DCCqglmZUDMSPz
23zg3TcAtWQy7J6upgbUnj,USHER,Raymond v Raymond (Expanded Edition),2042853320,1784603,6A1F3Fkq5dYeYYNkXflcTX
46SHBwWsqBkxI7EeeBEQG7,Kodak Black,Dying to Live,2038399446,551683,5n1GSzC1Reao29ScnpLYqp
1r4hJ1h58CWwUQe3MxPuau,Maluma,0.465972222,2034993383,371898,0tL8CzbfmF5poGm9puqALR
1r4hJ1h58CWwUQe3MxPuau,Maluma,0.465972222,2034993383,371898,3YIUNL7qFE8NP3X3zaYSND
1r4hJ1h58CWwUQe3MxPuau,Maluma,0.465972222,2034993383,371898,0CvhgTLytPcvNQ8IpMHRwL
1QAJqy2dA3ihHBFIHRphZj,Cigarettes After Sex,Cry,2034109608,2423277,63yRRBtLX8eqbOLD6f0y9U
4UXqAaa6dQYAk18Lv7PEgX,Fall Out Boy,From Under The Cork Tree Limited Tour Edition,2031766414,884642,2AX9B6Af32in4KbKtX1r4q
6Xgp2XMz1fhVYe7i6yNAax,Trippie Redd,A Love Letter To You 4 (Deluxe),2031404323,475071,6Qb3toNhi0XwcZG43ksJX9
5LHRHt1k9lMyONurDHEdrp,Tyga,Legendary,2030352550,403231,6hHIX3lfGKnZ2ji41YZMVV
5LHRHt1k9lMyONurDHEdrp,Tyga,Legendary,2030352550,403231,4Qp0INJYYCPCOnUpOREZnb
1dfeR4HaWDbWqFHLkxsg1d,Queen,Hot Space (Deluxe Remastered Version),2029960047,962581,0xc5IpJM39eEEYSKDrm5kf
3Isy6kedDrgPYoTS1dazA9,Sean Paul,Mad Love The Prequel,2028238423,830374,5xrOcCoO3jkXRjHQjfESM6
1dfeR4HaWDbWqFHLkxsg1d,Queen,Hot Space,2026022266,961320,4IdoZg7qwE1VAfeqrBRuhC
66ihevNkSYNzRAl44dx6jJ,Carin Leon,Colmillo De Leche,2020758082,1577303,6TsExCpZJTDj7Fd0ez2knv
5lwmRuXgjX8xIwlnauTZIP,Romeo Santos,Fórmula Vol. 1 (Deluxe Edition),2019116186,1332884,6a3RDPcFamZvFCi8VeXWkK
6S2OmqARrzebs0tKUEyXyp,Demi Lovato,Tell Me You Love Me,2018824186,235052,5Mu891tmjTbt64meovPSuf
4UXqAaa6dQYAk18Lv7PEgX,Fall Out Boy,From Under The Cork Tree,2015581045,876117,5nkUSlIhtoJZMOUlB0sNCp
0c173mlxpT3dSFRgMO8XPh,Big Sean,UKNOWBIGSEAN,2015040235,357498,0HkHlHN7kS1QaVVSV0M6Q6
1U1el3k54VvEUzo3ybLPlM,Kali Uchis,Isolation,2014021442,1115708,4EPQtdq6vvwxuYeQTrwDVY
5C4PDR4LnhZTbVnKWXuDKD,Morat,Sobre El Amor Y Sus Efectos Secundarios,2013780577,846224,50eHcXc4qede9mUKCYOuoz
4UXqAaa6dQYAk18Lv7PEgX,Fall Out Boy,Save Rock And Roll,2013560763,696146,0EVJX4RlYKuApsAN5CaDa3
4UXqAaa6dQYAk18Lv7PEgX,Fall Out Boy,Save Rock And Roll,2013560763,696146,5jKMfS57mHTHzlSFGfPFxU
5WUlDfRSoLAfcVSX1WnrxN,Sia,Everyday Is Christmas (Snowman Deluxe Edition),2012351416,279025,49kFmuCyxzpbtVfnpLcOP1
2QsynagSdAqZj3U9HgDzjD,Bob Marley & The Wailers,Uprising,2009276149,1205627,04QiXxiR5nnn1Q4id8a0OA
2QsynagSdAqZj3U9HgDzjD,Bob Marley & The Wailers,Uprising,2009276149,1205627,321q9p7PELvzcFAWxml7VX
66CXWjxzNUsdJxJ2JdwvnR,Ariana Grande,Yours Truly,2004733649,864890,6czdbbMtGbAkZ6ud2OMTcg
66CXWjxzNUsdJxJ2JdwvnR,Ariana Grande,Yours Truly,2004733649,864890,5xSvNPstcxHtR4ap2vvN8A
0eDvMgVFoNV3TpwtrVCoTj,Pop Smoke,Meet The Woo (Deluxe Version),1998028271,526054,22py1IeIi51c0GBYEHQTsI
4LLpKhyESsyAXpc4laK94U,Mac Miller,K.I.D.S. (Deluxe),1997229307,1467328,6TFm9KGW7Lbxrl2Zsg4X9R
0XwVARXT135rw8lyw1EeWP,Christian Nodal,Ahora,1996701182,733974,4BvD9caT3ZohqNQFcR8dVD
0XwVARXT135rw8lyw1EeWP,Christian Nodal,Ahora,1996701182,733974,6zgCsYTyMyvBLqcv51KLXS
08GQAI4eElDnROBrJRGE0X,Fleetwood Mac,Tango in the Night (2017 Remaster),1996553693,1185202,7CWZNdANL2ZYQs3JfdxoM5
74XFHRwlV6OrjEM0A2NCMF,Paramore,Riot!,1992562051,1130262,71rziY9eLo1tA2dBMxrwhc
74XFHRwlV6OrjEM0A2NCMF,Paramore,Riot!,1992562051,1130262,3UoOO8m0oxxvUHXUKf3qcZ
33ScadVnbm2X8kkUqOkC6Z,Don Omar,House Party Jams,1984371274,1426413,3BRZHiNQiv0t7x6kVuzFwq
0c173mlxpT3dSFRgMO8XPh,Big Sean,Dark Sky Paradise,1982848255,530297,1j2x7FJXTgUT0X5hZ8TDXE
1l7ZsJRRS8wlW3WfJfPfNS,Christina Aguilera,Keeps Gettin' Better: A Decade of Hits,1981585768,930142,2019iQx5MmA6byqYqdK7zS
6nVcHLIgY5pE2YCl8ubca1,JHAYCO,Famouz,1979851879,825177,2a2LGFK2TeN4fAKm1ZOc1I
20JZFwl6HVl6yg8a4H3ZqK,Panic! At The Disco,A Fever You Can't Sweat Out,1979501889,749174,01hp4DvayKlnqUQrmk0vvz
7bXgB6jMjp9ATFy66eO08Z,Chris Brown,F.A.M.E. (Expanded Edition),1977983602,956661,6df0qvkMXoyHGt9J8cujZb
33ScadVnbm2X8kkUqOkC6Z,Don Omar,King Of Kings (Armageddon Edition),1977088423,1667615,5P7eeivoVmpnalOUtwzj4h
2nszmSgqreHSdJA3zWPyrW,Luis Miguel,Mis Boleros Favoritos,1971646918,954624,0KxKUvK8sDRyvmGN8uMdx2
246dkjvS1zLTtiykXe5h60,Post Malone,F-1 Trillion,1971444064,3603721,4BbsHmXEghoPPevQjPnHXx
4YRxDV8wJFPHPTeXepOstw,Arijit Singh,The Arijit Singh Collection,1969407630,2456948,1QOwvBk3LNWAaEvARxPDNd
1RyvyyTE3xzB2ZywiAwp0i,Future,DS2 (Deluxe),1966556688,811057,0fUy6IdLHDpGNwavIlhEsl
0eDvMgVFoNV3TpwtrVCoTj,Pop Smoke,Meet The Woo,1966108399,519528,6d1vGZsr6Uy3h9IigBpPAf
3JhNCzhSMTxs9WLGJJxWOY,Macklemore,GEMINI,1965422163,593688,49MUlMUQPKius7Bd2ZYyoF
3JhNCzhSMTxs9WLGJJxWOY,Macklemore,GEMINI,1965422163,593688,72qA6s4fjF8Y2VX1UDMfp2
0k17h0D3J5VfsdmQ1iZtE9,Pink Floyd,A Collection Of Great Dance Songs,1964715963,1236172,2YRKb8nnxH7FFe9Vwtd0Ql
6l3HvQ5sa6mXTsMTB19rO5,J. Cole,KOD,1964563082,305577,4Wv5UAieM1LDEYVq5WmqDd
4LLpKhyESsyAXpc4laK94U,Mac Miller,The Divine Feminine,1964354152,876472,6f6tko6NWoH00cyFOl4VYQ
2cFrymmkijnjDg9SS92EPM,blackbear,everything means nothing,1959229833,287641,4UxlLk460BnmQlRV3WiORh
2jku7tDXc6XoB6MO2hFuqg,Tory Lanez,Alone At Prom,1957759456,1712836,5Gm2XKBgnlzd6qTi7LE1z2
5Rl15oVamLq7FbSb0NNBNy,5 Seconds of Summer,CALM,1952538434,855714,46K4raQPIGem3N031upNj9
0XwVARXT135rw8lyw1EeWP,Christian Nodal,AYAYAY! (Súper Deluxe),1952376753,468637,1OlyomFZOv4Lx22rs4lBMw
26dSoYclwsYLMAKD3tpOr4,Britney Spears,In The Zone,1946451861,1026579,0z7pVBGOD7HCIB7S8eLkLI
5Pwc4xIPtQLFEnJriah9YJ,OneRepublic,Dreaming Out Loud (Deluxe),1945146043,993746,1J7OJuxxZ0qqLnzAFFregQ
5Pwc4xIPtQLFEnJriah9YJ,OneRepublic,Top Gun: Maverick (Music From The Motion Picture),1944514883,1006551,3tjIKRAPBy5Qu4z8F5HmBz
6vWDO969PvNqNYHIOW5v0m,Beyoncé,B'Day Deluxe Edition,1935983319,955921,0Zd10MKN5j9KwUST0TdBBB
6vWDO969PvNqNYHIOW5v0m,Beyoncé,B'Day Deluxe Edition,1935983319,955921,0JLv6iVbeiy4Dh2eIw6FKI
4LLpKhyESsyAXpc4laK94U,Mac Miller,K.I.D.S.,1935437909,1429119,1jzqEyjugAp9iLtRsj9LZg
5INjqkS1o8h1imAzPqGZBb,Tame Impala,The Slow Rush,1932732053,1363827,31qVWUdRrlb8thMvts0yYL
1U1el3k54VvEUzo3ybLPlM,Kali Uchis,Sin Miedo (del Amor y Otros Demonios) ?,1929988078,986824,00wSTrFxoSzA7eeS1UxHgd
77ziqFxp5gaInVrF2lj4ht,Sech,Sueños,1928547374,400868,3TgOrQ3p23Af8zSsxK8fdX
4YRxDV8wJFPHPTeXepOstw,Arijit Singh,Dil Jhoom With Arijit Singh,1927255637,2424061,0RGri1OR1Q1bk4KfebKL1r
1wZtkThiXbVNtj6hee6dz9,Wisin,La Historia De El Dúo (Vol.1),1927243750,1701159,0LHnOx2oLegPCawcuxRF7j
5Pwc4xIPtQLFEnJriah9YJ,OneRepublic,Dreaming Out Loud,1924731752,990824,2KSpGeDoNjqCKg6HL8LAyI
6M2wZ9GZgrQXHCFfjv46we,Dua Lipa,Radical Optimism,1924180352,3073021,1Mo92916G2mmG7ajpmSVrc
4V8LLVI7PbaPR0K2TGSxFF,"Tyler, The Creator",CHROMAKOPIA,1923349920,5125430,0U28P0QVB1QRxpqp5IHOlH
33ScadVnbm2X8kkUqOkC6Z,Don Omar,King Of Kings 10th Anniversary (Remastered),1922836222,1446807,1jvfABr5t081rCAjajFQey
00FQb4jTyendYWaN8pK0wa,Lana Del Rey,Honeymoon,1921379911,1705938,2DpEBrjCur1ythIZ10gJWw
3PhoLpVuITZKcymswpck5b,Elton John,Goodbye Yellow Brick Road (40th Anniversary Celebration / Super Deluxe),1920516768,732456,5u5AXYtYIxnIs4S7K3xHAN
5WUlDfRSoLAfcVSX1WnrxN,Sia,Everyday Is Christmas (Deluxe Edition),1919023549,259587,2vcGYJcPfXUmCdcXXqqukg
6LuN9FCkKOj5PcnpouEgny,Khalid,FRIENDS KEEP SECRETS,1918495786,626738,7dQ734EW0iLvQfF6vBFNiZ
1URnnhqYAYcrqrcwql10ft,21 Savage,Issa Album,1911501580,260861,4skCiJhVVSKrDOBtoFbsxU
5cj0lLjcoR7YOSnhnX0Po5,Doja Cat,Amala (Deluxe Version),1907662531,983182,3wOMqxNHgkga91RBC7BaZU
1yxSLGMDHlW21z4YXirZDS,Black Eyed Peas,Elephunk (Expanded Edition),1905282300,1061647,78CmZBgMOz93zoQwqxqZSy
1URnnhqYAYcrqrcwql10ft,21 Savage,american dream,1904551414,1753975,2RRYaYHY7fIIdvFlvgb5vq
1yxSLGMDHlW21z4YXirZDS,Black Eyed Peas,Elephunk,1902479411,1059718,3eqkfT9f1XyM8GME1gVDrD
31TPClRtHm23RisEBtV3X7,Justin Timberlake,FutureSex/LoveSounds,1901167701,1285951,2scB1uhcCI1TSf6b9TCZK3
6wWVKhxIU2cEi0K81v7HvP,Rammstein,Mutter,1896060599,1299159,7ikuEzL6xeAgu6yT6YVLy7
0XwVARXT135rw8lyw1EeWP,Christian Nodal,Dime Cómo Quieres...,1894425220,603290,2245VPU0pU9neCxDVGXE2I
7bXgB6jMjp9ATFy66eO08Z,Chris Brown,X (Expanded Edition),1894011778,815249,3LByoNjO4gbuX5D0u26LDY
6Xgp2XMz1fhVYe7i6yNAax,Trippie Redd,A Love Letter To You 4,1892800847,455886,5nDqjtvRwDYElIflvoNDdE
5WUlDfRSoLAfcVSX1WnrxN,Sia,"LABRINTH, SIA & DIPLO PRESENT... LSD",1891859979,387490,0ujHQ5WCLuKJQXOqXpGtpf
55Aa2cqylxrFIXC767Z865,Lil Wayne,Tha Carter V (Deluxe),1889468770,678685,4ljsev5vUnwB2BUFAMvwwy
3b8QkneNDz4JHKKKlLgYZg,Florida Georgia Line,Here's To The Good Times...This Is How We Roll,1889166871,403199,0uqAyKT7oMZDFMyteJOJWI
4YRxDV8wJFPHPTeXepOstw,Arijit Singh,The Arijit Singh Collection Vol.3,1888644845,2770904,63OVAw3XKXePV928emHvUa
0L8ExT028jH3ddEcZwqJJ5,Red Hot Chili Peppers,What Hits!?,1887138778,774680,2tPDuNTakdxcbfhHSi7Rc6
66CXWjxzNUsdJxJ2JdwvnR,Ariana Grande,Christmas Kisses,1885734097,66000,5MfeQZrrNfMqcaq03U9qOr
2RdwBSPQiwcmiDo9kixcl8,Pharrell Williams,G I R L,1884493866,627050,0lrmy4pJINsFzycJvttX2W
31W5EY0aAly4Qieq6OFu6I,A Boogie Wit da Hoodie,Artist,1879944173,615680,2OQEAqShAl6SodrGhmYZ4Z
7n2wHs1TKAczGzO7Dd2rGr,Shawn Mendes,Wonder (Deluxe),1878922926,514060,2sDPTkswUWDLtZYiOzubTe
5eAWCfyUhZtHHtBdNk56l1,System Of A Down,Mezmerize,1870409588,1058696,0cn6MHyx4YuZauaB7Pb66o
5K4W6rqBFWDnAN6FQUkS6x,Kanye West,VULTURES 1,1866815297,1487058,4DOsPwJtokv6HEifZ6t5j6
718COspgdWOnwOFpJHRZHS,Luke Combs,Gettin' Old,1866459933,1789649,5Uly85dJHHDfHQCsyUQ8gw
2wY79sveU1sp5g7SokKOiI,Sam Smith,Unholy (feat. Kim Petras),1859216846,547102,0gX9tkL5njRax8ymWcXARi
2wY79sveU1sp5g7SokKOiI,Sam Smith,Unholy (feat. Kim Petras),1859216846,547102,6EI8M5cf3Qf8HcAd7V4lAN
15UsOTVnJzReFVN1VCnxy4,XXXTENTACION,SKINS,1853441667,597453,1qsQOC4Jn0fnaUZLAbs4dz
02kJSzxNuaWGqwubyUba0Z,G-Eazy,These Things Happen,1852977899,864377,6wDc63NhKy2PyXdbhkRmrl
6jJ0s89eD6GaHleKKya26X,Katy Perry,Smile,1852147406,605988,47zMF6LrXQ8odi6Xv1unC0
6jJ0s89eD6GaHleKKya26X,Katy Perry,Smile,1852147406,605988,38hfmutL8qSnflpigbMoLw
6jJ0s89eD6GaHleKKya26X,Katy Perry,Smile,1852147406,605988,7j7HmSHKK9cp1jmPgqVNjX
7n2wHs1TKAczGzO7Dd2rGr,Shawn Mendes,Wonder (Holiday Deluxe),1841417190,506305,01haNCctw4EUPl8xUHVhdl
5fMUXHkw8R8eOP2RNVYEZX,Diplo,Skrillex and Diplo present Jack Ü,1838066023,414415,6bfkwBrGYKJFk6Z4QVyjxd
31TPClRtHm23RisEBtV3X7,Justin Timberlake,Justified,1831271618,1204933,6QPkyl04rXwTGlGlcYaRoW
6MDME20pz9RveH9rEXvrOM,Clean Bandit,New Eyes,1829930945,748817,0dNt3MfPrvj6mHmajSuahw
2LIk90788K0zvyj2JJVwkJ,Jack Harlow,Come Home The Kids Miss You,1822317820,594380,2eE8BVirX9VF8Di9hD90iw
2kCcBybjl3SAtIcwdWpUe3,Lil Peep,EVERYBODY'S EVERYTHING,1821754499,696108,1r1Xt6oUnY3VMYbQb1U7CO
3WGpXCj9YhhfX11TToZcXP,Troye Sivan,Blue Neighbourhood (Deluxe),1819208306,246752,5ouTDazE4LF9bVJPx1nlgW
6vWDO969PvNqNYHIOW5v0m,Beyoncé,COWBOY CARTER,1818246758,1531692,6BzxX6zkDsYKFJ04ziU5xQ
55Aa2cqylxrFIXC767Z865,Lil Wayne,Tha Carter V,1805372195,660624,50yFYgKdwJANZ5O9MIbMkg
7ltDVBr6mKbRvohxheJ9h1,ROSALÍA,MOTOMAMI,1803161427,552551,6jbtHi5R0jMXoliU2OS0lo
1HY2Jd0NmPuamShAr6KMms,Lady Gaga,Joanne (Deluxe),1801463112,409662,2ZUwFxlWo0gwTsvZ6L4Meh
2uYWxilOVlUdk4oV9DvwqK,Mitski,The Land Is Inhospitable and So Are We,1798886840,1369278,2Cn1d2KgbkAqbZCJ1RzdkA
51Blml2LZPmy7TTiAg47vQ,U2,The Best Of 1990-2000 & B-Sides,1796861939,691054,1DQhmRWLpAGyYOU3HPZDoW
22bE4uQ6baNwSHPVcDxLCe,The Rolling Stones,Singles 1968-1971,1795758508,622541,7xZouUPtoLMxXcRwgWi5BO
137W8MRPWKqSmrBGDBFSop,Wiz Khalifa,Mac and Devin Go to High School (Music from and Inspired by the Movie),1793133788,546410,0lRlbYQMtETkabg9fNSqAl
1Xyo4u8uXC1ZmMpatF05PJ,The Weeknd,Hurry Up Tomorrow,1792983741,8745069,3OxfaVgvTxUTy7276t7SPU
31TPClRtHm23RisEBtV3X7,Justin Timberlake,The 20/20 Experience (Deluxe Version),1792158485,917730,0O82niJ0NpcptYRxogeEZu
3t5xRXzsuZmMDkQzgOX35S,Robin Schulz,Prayer,1791741552,593401,1SrvubPy1Dg2BWJyTMcmgr
2QsynagSdAqZj3U9HgDzjD,Bob Marley & The Wailers,B Is For Bob,1791412199,1109592,7skxAMJF6nQH5OAs8GoHSJ
3tlXnStJ1fFhdScmQeLpuG,Brent Faiyaz,Fuck The World,1789837324,850101,3vi20DRHkqv4HyVg9Rt9wC
4obzFoKoKRHIphyHzJ35G3,Becky G,ESQUEMAS,1788037773,446193,7eC4wtMG1I2Jtk4FDWbkKC
0EmeFodog0BfCgMzAIvKQp,Shakira,Donde Estan Los Ladrones,1785935241,1829853,5hcKSTqKOLuzJgYIQileAe
0hCNtLu0JehylgoiP8L4Gh,Nicki Minaj,Pink Friday 2 (Gag City PLUTO Edition),1784724325,735025,2lbQSK3qnWtWVYwjZiyvbM
51Blml2LZPmy7TTiAg47vQ,U2,The Best Of 1990-2000,1784425392,686665,5I099NUhbRrXaxnxQagElv
0hCNtLu0JehylgoiP8L4Gh,Nicki Minaj,Queen (Deluxe),1784176704,349651,6zA5X3CQ5rgLKhTobyV5Id
4nDoRrQiYLoBzwC5BhVJzF,Camila Cabello,Familia,1781874864,506420,5Nn3fX7CuJo7tbibtqASmf
4O15NlyKLIASxsJ0PrXPfz,Lil Uzi Vert,Lil Uzi Vert vs. The World,1778121170,319485,7mgdTKTCdfnLoa1HXHvLYM
3p7PcrEHaaKLJnPUGOtRlT,Henrique & Juliano,Ao Vivo No Ibirapuera,1773116064,850698,5ExfGmxdqydd3vgdLdRR8f
4YRxDV8wJFPHPTeXepOstw,Arijit Singh,Ultimate Love Songs - Arijit Singh,1772566485,1816023,1WwkojG9sjMSrFVz4D51W0
0hCNtLu0JehylgoiP8L4Gh,Nicki Minaj,Pink Friday 2 (Gag City Deluxe),1771344657,727256,5eA2VJ0yeiU4kXz1zvuMro
1vCWHaC5f2uS3yhpwWbIA6,Avicii,TIM,1761819853,409288,6Ad1E9vl75ZB3Ir87zwXIJ
7dGJo4pcD2V6oG8kP0tJRR,Eminem,The Slim Shady LP (Expanded Edition),1760644025,569885,10nO3EJJDMm6j6d2uK3Jah
7n2wHs1TKAczGzO7Dd2rGr,Shawn Mendes,Wonder,1758837560,500815,3Lp4JKk2ZgNkybMRS3eZR5
7n2wHs1TKAczGzO7Dd2rGr,Shawn Mendes,Wonder,1758837560,500815,7vif3nVzXURIrjGjHeHytB
2HPaUgqeutzr3jx5a9WyDV,PARTYNEXTDOOR,PARTYNEXTDOOR,1758740262,1419589,1q4B7r3dzzwkarZ1B9bk9e
2HPaUgqeutzr3jx5a9WyDV,PARTYNEXTDOOR,PARTYNEXTDOOR,1758740262,1419589,3HAkHqZtXoyEH0Whnamswu
3p7PcrEHaaKLJnPUGOtRlT,Henrique & Juliano,O Céu Explica Tudo (Ao Vivo),1756776816,1503729,6UuPk9eKMZBEr0HizvV2Wy
6olE6TJLqED3rqDCT0FyPh,Nirvana,MTV Unplugged In New York (25th Anniversary),1756456917,763645,1tsNAUQqofHrnlezRK8D5R
3MZsBdqDrRTJihTHQrO6Dq,Joji,In Tongues (Deluxe),1755341640,477175,6ZksrxRWlJ7ExylPyJwfLJ
25uiPmTg16RbhZWAqwLBy5,Charli xcx,BRAT,1754317555,2980937,2lIZef4lzdvZkiiCzvPKj7
0hCNtLu0JehylgoiP8L4Gh,Nicki Minaj,Pink Friday 2,1753994156,718839,2bYCNZfxZrTUv1CHXkz2d2
6olE6TJLqED3rqDCT0FyPh,Nirvana,MTV Unplugged In New York,1748576828,762103,1To7kv722A8SpZF789MZy7
46SHBwWsqBkxI7EeeBEQG7,Kodak Black,Project Baby 2: All Grown Up,1746890032,699178,51wp3EOOp2mBIjhZjR7W0i
64M6ah0SkkRsnPGtGiRAbb,Bebe Rexha,All Your Fault: Pt. 2,1744865537,307498,6t5D6LEgHxqUVOxJItkzfb
07YZf4WDAMNwqr4jfgOZ8y,Jason Derulo,Everything Is 4,1744714860,380358,59eUYETmE1zi31ESb3SUkI
3WrFJ7ztbogyGnTHbHJFl2,The Beatles,Help! (Remastered),1729775604,626782,0PT5m6hwPRrpBwIHVnvbFX
5C4PDR4LnhZTbVnKWXuDKD,Morat,¿A Dónde Vamos?,1727241388,953431,01R2vYq9iDhn4ZXtM5dd7i
14zUHaJZo1mnYtn6IBRaRP,Justin Quiles,La Última Promesa,1724092637,287660,4AHHM76jyqUiC1HRd37ZQQ
181bsRPaVXVlUKXrxwZfHK,Megan Thee Stallion,Good News,1722091423,369851,0KjckH1EE6HRRurMIXSc0r
1RyvyyTE3xzB2ZywiAwp0i,Future,HNDRXX,1721747325,985991,7K6OykPbezfgKgBufihn6X
0Y5tJX1MQlPlqiwlOH1tJY,Travis Scott,JACKBOYS,1717758064,555797,1Sf8GsXG32t0jNrX11xqWx
163tK9Wjr9P9DmM0AVK7lm,Lorde,The Love Club EP,1717375534,464526,0zUEZI3Z9kZuPoyoWakf75
1uNFoZAHBGtllmzznpCI3s,Justin Bieber,Journals,1713571916,2071415,1rknZw4cyL9NInAqSwc8AA
7dGJo4pcD2V6oG8kP0tJRR,Eminem,The Slim Shady LP,1712664335,556080,0vE6mttRTBXRe9rKghyr1l
4Z8W4fKeB5YxbusRsdQVPb,Radiohead,The Bends,1711549255,1594550,35UJLpClj5EDrhpNIi4DFg
64KEffDW9EtZ1y2vBYgq8T,Marshmello,Sugar Papi,1704842785,1076304,4KNN5lVMc1EREJFlbppJqH
1yxSLGMDHlW21z4YXirZDS,Black Eyed Peas,Invasion Of I Gotta Feeling - Megamix E.P.,1703201141,961911,3LgdeSYqDKt8YYpPquCshi
0c173mlxpT3dSFRgMO8XPh,Big Sean,I Decided.,1700550544,117317,0XAIjjN5qxViVS0Y5fYkar
3p7PcrEHaaKLJnPUGOtRlT,Henrique & Juliano,Manifesto Musical (Ao Vivo / Vol. 2),1700443462,444360,6eFCjN8eB6OOs4zn5cd1KX
7iK8PXO48WeuP03g8YR51W,Myke Towers,LA VIDA ES UNA,1692214660,803432,3puAvurwvtvi1rodndIPW8
0tmwSHipWxN12fsoLcFU3B,Manuel Turizo,Dopamina,1690575559,397396,2yYl7Q3GOoBjznGy0Rsc2f
6XyY86QOPPrYVGvF9ch6wz,Linkin Park,LIVING THINGS,1690070576,903909,4XHIjbhjRmqWlosjj5rqSI
2ye2Wgw4gimLv2eAKyk1NB,Metallica,Master of Puppets (Remastered Deluxe Box Set),1687625201,838175,7CGhx630DIjdJqaBDVKc5j
3IYUhFvPQItj6xySrBmZkd,Creedence Clearwater Revival,Cosmo's Factory (Expanded Edition),1686478458,703217,4GLxEXWI3JiRKp6H7bfTIK
137W8MRPWKqSmrBGDBFSop,Wiz Khalifa,Rolling Papers,1683066586,596881,6ZOXiVL8rmk2ATHJiFJhiD
1yxSLGMDHlW21z4YXirZDS,Black Eyed Peas,Monkey Business,1681175370,966651,6VsJamdhvYKcnpwHAKULI0
07YZf4WDAMNwqr4jfgOZ8y,Jason Derulo,Jason Derulo (10th Anniversary Deluxe),1675726827,723513,1mbNqu5D67Ry2N9aJFMxTj
3IYUhFvPQItj6xySrBmZkd,Creedence Clearwater Revival,Cosmo's Factory,1675719901,701982,5w2X5ZmdE4u0XGkOU7BiLG
1uNFoZAHBGtllmzznpCI3s,Justin Bieber,Under The Mistletoe (Deluxe Edition),1675287259,80279,63MKT9hwmiMFFdFp5SdB1p
7oPftvlwr6VrsViSDV7fJY,Green Day,Dookie (30th Anniversary Deluxe Edition),1674708801,768636,47l8TkJCLzHaekHImz1e9g
0LcJLqbBmaGUft1e9Mm8HV,ABBA,Super Trouper,1674530685,1273456,3ZdkT5buYFi1WQaB0XNNtf
5eAWCfyUhZtHHtBdNk56l1,System Of A Down,Hypnotize,1674254208,1041886,3QxX3NbWyLlLG6lP1xveL3
07YZf4WDAMNwqr4jfgOZ8y,Jason Derulo,Jason Derulo (Deluxe Audio),1673767666,723067,773TVtjVxXvD6DFHsWFJGN
07YZf4WDAMNwqr4jfgOZ8y,Jason Derulo,Jason Derulo,1671880866,722178,0aVJmVAeEx78nAA1rAKYf7
2hlmm7s2ICUX0LVIhVFlZQ,Gunna,WUNNA (Deluxe),1671018727,1143836,6FfYIKA59pCFs2d1FB79Pq
137W8MRPWKqSmrBGDBFSop,Wiz Khalifa,Rolling Papers (Deluxe 10 Year Anniversary Edition),1670413851,594655,22rKa9MG4cHIRxvL1Vbs0q
3p7PcrEHaaKLJnPUGOtRlT,Henrique & Juliano,To Be (Ao Vivo),1665608156,1279304,7BnVrKWFfVy42V2Ozg7Ri6
08GQAI4eElDnROBrJRGE0X,Fleetwood Mac,Fleetwood Mac (Deluxe Edition),1664437269,846769,0OQxaj2MqTb9nEtoTPfN4P
00FQb4jTyendYWaN8pK0wa,Lana Del Rey,Did you know that there's a tunnel under Ocean Blvd,1662829872,1575467,5HOHne1wzItQlIYmLXLYfZ
2QsynagSdAqZj3U9HgDzjD,Bob Marley & The Wailers,Kaya - Deluxe Edition,1662642459,877764,2MnN6FfnhDf4Zk5g0dIAJv
43ZHCT0cAZBISjO8DG9PnE,Elvis Presley,From Nashville To Memphis - The Essential 60s Masters I,1658377840,622282,2NQk9PwXk5xL8UPOdEvBVr
2ye2Wgw4gimLv2eAKyk1NB,Metallica,Master Of Puppets (Remastered),1658177298,829077,5gzLOflH95LkKYE6XSXE9k
1yR65psqiazQpeM79CcGh8,Marília Mendonça,"Todos Os Cantos, Vol. 1 (Ao Vivo)",1657990417,362688,4HpiwfnQvs867JNWeLy1vr
2nszmSgqreHSdJA3zWPyrW,Luis Miguel,Busca Una Mujer,1656117294,724590,6JSqwckfTYWbJj4R1fdOOo
08GQAI4eElDnROBrJRGE0X,Fleetwood Mac,Fleetwood Mac (2017 Remaster),1654502229,843781,6jTUmLtY779ZNYsyugOq2q
05fG473iIaoy82BF1aGhL8,Slipknot,All Hope Is Gone,1651927274,835011,0hFWapnP7orzXCMwNU5DuA
1McMsnEElThX1knmY4oliG,Olivia Rodrigo,Best of High School Musical: The Musical: The Series,1651196837,826381,2Kl59l5SsBqr7cWPXrm4og
246dkjvS1zLTtiykXe5h60,Post Malone,AUSTIN (Bonus),1650691956,856974,1F9LY06gadScF4g3g3BrDC
15UsOTVnJzReFVN1VCnxy4,XXXTENTACION,Bad Vibes Forever,1650408844,642765,3hn46RDrEmoi4XhLjgdNjZ
66CXWjxzNUsdJxJ2JdwvnR,Ariana Grande,Christmas & Chill,1649213600,71128,6yi7FjzeCHGVJJAdWRYAmk
5eAWCfyUhZtHHtBdNk56l1,System Of A Down,Chop Suey!,1648209105,1047715,4PRYj7Apw5PmfcIeY4Zkf7
4O15NlyKLIASxsJ0PrXPfz,Lil Uzi Vert,Pink Tape,1641685366,666469,2ua5bFkZLZl1lIgKWtYZIz
0XwVARXT135rw8lyw1EeWP,Christian Nodal,AYAYAY! (Deluxe),1638859529,384087,6JsZWQ0iaOn0GbirYWqwCi
22bE4uQ6baNwSHPVcDxLCe,The Rolling Stones,Aftermath,1636751791,692968,72qrnM4yUNMDDlWiqKc8iY
6FBDaR13swtiWwGhX1WQsP,blink-182,blink-182,1636079589,751121,4hBTxv4QRPePXCFcEI7Vjp
6FBDaR13swtiWwGhX1WQsP,blink-182,blink-182,1636079589,751121,6DMUAqxiFfLdqXv0vqcrQA
246dkjvS1zLTtiykXe5h60,Post Malone,AUSTIN,1631095647,847595,6r1lh7fHMB499vGKtIyJLy
1RyvyyTE3xzB2ZywiAwp0i,Future,EVOL,1630597746,963533,3jJKDKdlwRS584zUlHV2Ly
7dGJo4pcD2V6oG8kP0tJRR,Eminem,Relapse [Deluxe],1629206981,512516,6HXlnhMr40FP2qBTnKXRbA
4UXqAaa6dQYAk18Lv7PEgX,Fall Out Boy,Infinity On High,1628104155,783108,0hHopYqXhuvYSHtVyrcb1g
2QsynagSdAqZj3U9HgDzjD,Bob Marley & The Wailers,Kaya,1627329740,875363,13dXX35pYjr8FqRla40K2a
5fMUXHkw8R8eOP2RNVYEZX,Diplo,Diplo Presents Thomas Wesley: Chapter 2 - Swamp Savant,1627134286,488375,7ELhUQl1bjPyYHtRt7S5vg
5fMUXHkw8R8eOP2RNVYEZX,Diplo,Diplo Presents Thomas Wesley: Chapter 2 - Swamp Savant,1627134286,488375,4T2TQZ3hlWAsCe9PXK3uM9
08GQAI4eElDnROBrJRGE0X,Fleetwood Mac,Fleetwood Mac,1625140443,831366,5VIQ3VaAoRKOEpJ0fewdvo
08GQAI4eElDnROBrJRGE0X,Fleetwood Mac,Fleetwood Mac,1625140443,831366,45i41n53udGyswkJ9uR8pB
6XyY86QOPPrYVGvF9ch6wz,Linkin Park,One More Light,1624323066,510371,5Eevxp2BCbWq25ZdiXRwYd
20wkVLutqVOYrc0kxFs7rA,Daniel Caesar,NEVER ENOUGH (Bonus Version),1620774180,3070514,0qGQrHicD7qXuz5VMlDuCe
6jJ0s89eD6GaHleKKya26X,Katy Perry,Witness (Deluxe),1620368294,382646,0UlbGi4oAth8s6rwaGSU8Z
3mIj9lX2MWuHmhNCA7LSCW,The 1975,A Brief Inquiry Into Online Relationships,1619374794,512308,6PWXKiakqhI17mTYM4y6oY
31W5EY0aAly4Qieq6OFu6I,A Boogie Wit da Hoodie,Artist 2.0 (Deluxe),1616869714,350557,4v0IxMbMN975IfxFHzgK9d
3fMbdgg4jU18AjLCKBhRSm,Michael Jackson,Off the Wall,1612239355,1033564,2ZytN2cY4Zjrr9ukb2rqTP
31W5EY0aAly4Qieq6OFu6I,A Boogie Wit da Hoodie,The Bigger Artist,1609321983,336833,3HHp5I6Q6SEyU5bkvoCtnV
0EmeFodog0BfCgMzAIvKQp,Shakira,Laundry Service: Washed and Dried (Expanded Edition),1608999723,1021694,6WaruQqgJzSlSzZz2YdUku
487N2T9nIPEHrlTZLL3SQs,Zé Neto & Cristiano,Esquece o Mundo Lá Fora (Ao Vivo) - Deluxe,1608389451,506389,0wQ5Sn6RU4yL6WpeiWSaBN
2hlmm7s2ICUX0LVIhVFlZQ,Gunna,DS4EVER,1607894926,947001,02uWB8Kekadkl3yGBoOOcx
3PhoLpVuITZKcymswpck5b,Elton John,Too Low For Zero,1607499727,813197,0OmYuz9hwn1XoqmDaU0yJ7
26dSoYclwsYLMAKD3tpOr4,Britney Spears,Circus (Deluxe Version),1605488343,1060907,2tve5DGwub1TtbX1khPX5j
33ScadVnbm2X8kkUqOkC6Z,Don Omar,King Of Kings,1603395014,1350388,5LbfmeWh5cvLpR1Nfvdch5
33ScadVnbm2X8kkUqOkC6Z,Don Omar,King Of Kings,1603395014,1350388,7ohQzjkogkl3m3N0oecs4h
05fG473iIaoy82BF1aGhL8,Slipknot,All Hope Is Gone (10th Anniversary),1600656253,814092,2ISXjEm0D4chvU2IDNvUqk
3IYUhFvPQItj6xySrBmZkd,Creedence Clearwater Revival,Green River (Expanded Edition),1599501854,641519,0i9mOB6mPGqwVvtJEXiwPG
06HL4z0CvFAxyc27GXpf02,Taylor Swift,Taylor Swift,1599267000,659781,7mzrIsaAjnXihW3InKjlC3
3Isy6kedDrgPYoTS1dazA9,Sean Paul,Dutty Rock (20th Anniversary),1598659916,841283,1aYcfMrpGIuPNZhDWMJcnV
55Aa2cqylxrFIXC767Z865,Lil Wayne,I Am Not A Human Being II (Deluxe),1593165440,1166680,6Pqlfg42Sc3ElNuyt5NUiK
5XJDexmWFLWOkjOEjOVX3e,Eladio Carrion,Sauce Boyz 2,1591960662,891630,4JaYe7HIddzNaF3rUgJzHI
05fG473iIaoy82BF1aGhL8,Slipknot,Slipknot (10th Anniversary Edition),1587835538,1099091,2dL9Q5AtIv4Rw1L6lKcIUc
4GNC7GD6oZMSxPGyXy4MNB,Lewis Capaldi,Bloom - EP,1586524870,412507,4pMjMMg1aXGkTRxWkUOXy7
7dGJo4pcD2V6oG8kP0tJRR,Eminem,Relapse,1582441190,493426,7h2OEj0ifXb3UdgvTmCqfY
1KCSPY1glIKqW2TotWuXOR,P!nk,Beautiful Trauma,1581456018,314350,7hwhuEQT4Fp5bzwLlYZtiz
3DiDSECUqqY1AuBP8qtaIa,Alicia Keys,The Diary Of Alicia Keys 20,1581211235,942252,52pl5ANwTRORPcPj6vlzA8
3IYUhFvPQItj6xySrBmZkd,Creedence Clearwater Revival,Green River (Remastered 1985),1580300172,637754,4RokNOgd6jNlFeWPNYFwkS
1yR65psqiazQpeM79CcGh8,Marília Mendonça,Marília Mendonça - Perfil (Ao Vivo),1580049024,755016,6JFSCrp4FNZhVZmrDpEZi5
21E3waRsmPlU7jZsS13rcj,Ne-Yo,Year Of The Gentleman (Bonus Track Edition),1579978297,1006789,6dTn9vJSxVTIGm4Cu5dH4x
0EmeFodog0BfCgMzAIvKQp,Shakira,"Fijación Oral, Vol. 1",1578030086,1446684,3zHPYwiMJqa3hTBgk695Ae
07YUOmWljBTXwIseAUd9TW,Sebastian Yatra,FANTASÍA,1576634544,553500,0zkiG9LJAyskDhlKTr8Ma4
07YUOmWljBTXwIseAUd9TW,Sebastian Yatra,FANTASÍA,1576634544,553500,5Zyj0zwOksGYLbLAZOaC31
07YUOmWljBTXwIseAUd9TW,Sebastian Yatra,FANTASÍA,1576634544,553500,5Zyj0zwOksGYLbLAZOaC31
0fA0VVWsXO9YnASrzqfmYu,Kid Cudi,Man On The Moon II: The Legend Of Mr. Rager,1574211669,576104,08eM9GRdr5BCCHNqS3Wwud
1VPmR4DJC1PlOtd0IADAO0,$uicideboy$,Stop Staring At the Shadows,1573775674,718320,7rKmLxCFlmtIxGpX4HYgs4
3DiDSECUqqY1AuBP8qtaIa,Alicia Keys,The Diary Of Alicia Keys,1570036905,934307,6TqRKHLjDu5QZuC8u5Woij
2ye2Wgw4gimLv2eAKyk1NB,Metallica,Ride The Lightning (Deluxe / Remastered),1569226292,848077,4K5E5mWQbECn9aThu6Xnkx
77ziqFxp5gaInVrF2lj4ht,Sech,The Academy,1569191172,484922,1faqBAWocW4ZOe0OFjudGw
3AA28KZvwAUcZuOKwyblJQ,Gorillaz,Gorillaz,1568845596,974486,4tUxQkrduOE8sfgwJ5BI2F
6Xgp2XMz1fhVYe7i6yNAax,Trippie Redd,A Love Letter To You 3,1568779014,279373,1fFwMXuTJ8J3KXo14Vvsna
5Pwc4xIPtQLFEnJriah9YJ,OneRepublic,Waking Up (Deluxe),1568196397,745888,6EuKoCk8R63UfuPLa9qr7U
6JL8zeS1NmiOftqZTRgdTz,Meghan Trainor,Thank You (Deluxe Version),1565183084,443968,08eweM0IZoZPCCxODbrMoL
6wWVKhxIU2cEi0K81v7HvP,Rammstein,Rammstein,1563653289,779321,1LoyJQVHPLHE3fCCS8Juek
2C6i0I5RiGzDKN9IAF8reh,Banda MS de Sergio Lizárraga,Que Bendición,1563092237,688924,5VL90afs1EsezktD44XMIN
26dSoYclwsYLMAKD3tpOr4,Britney Spears,...Baby One More Time (Digital Deluxe Version),1561752925,931648,3WNxdumkSMGMJRhEgK80qx
0X2BH1fck6amBIoJhDVmmJ,Ellie Goulding,Halcyon (Deluxe Version),1559035533,559376,2Y7n3jwZIsfi4m5udDY2vg
5Pwc4xIPtQLFEnJriah9YJ,OneRepublic,Waking Up,1557652492,745230,2pLAOZiilrhOrTQNqrF8qr
0X2BH1fck6amBIoJhDVmmJ,Ellie Goulding,Halcyon,1556269298,558210,4754Cgv1sdfwTpdVX83xAC
7dGJo4pcD2V6oG8kP0tJRR,Eminem,The Death of Slim Shady (Coup De Grâce),1552226636,1675512,3kjHLu1pL7tdY88GFwEkl6
4VMYDCV2IEDYJArk749S6m,Daddy Yankee,Prestige,1547652540,978312,6Hu1DObY1WeKWxHfeaOcFg
4VMYDCV2IEDYJArk749S6m,Daddy Yankee,Prestige,1547652540,978312,2I4tV7CMavQflSlHJ52RX1
4VMYDCV2IEDYJArk749S6m,Daddy Yankee,Prestige,1547652540,978312,5zzLuBOdXEVzFbAh3lDjEa
6TIYQ3jFPwQSRmorSezPxX,mgk,Hotel Diablo: Floor 13 Edition,1546900759,388901,0qy27pEGeF1grFdsnK27w4
4VMYDCV2IEDYJArk749S6m,Daddy Yankee,Modo Big Boss,1546611817,1018953,6fAC6IWnQGrrqllskH5Tae
55Aa2cqylxrFIXC767Z865,Lil Wayne,I Am Not A Human Being II,1545800219,1158381,2EZ3h6cM5eC65qSHCghdIZ
7Gi6gjaWy3DxyilpF1a8Is,Junior H,Mi Vida En Un Cigarro 2,1544323458,1503247,3ind4Ir3JMazCITxWQajDb
4VMYDCV2IEDYJArk749S6m,Daddy Yankee,Muve Sessions: Prestige,1542648204,975979,6EHVngrtT0klxOIPSX8olL
0Q8NcsJwoCbZOHHW63su5S,Mora,Primer Dia de Clases,1542342303,814708,5r8T7S23cVDSd7a045h4N5
5XJDexmWFLWOkjOEjOVX3e,Eladio Carrion,Sauce Boyz Care Package,1541712063,629728,2xx0ajBaOvCKDgGCgEHNIA
5Pwc4xIPtQLFEnJriah9YJ,OneRepublic,Waking Up (International Deluxe Version),1541563119,742834,3oRJOBqBr4bnHqRDw1uEIP
33ScadVnbm2X8kkUqOkC6Z,Don Omar,The Last Don,1540395621,1164466,4vOvr0tdZWoIGjnHe9jLqz
0z4gvV4rjIZ9wHck67ucSV,Akon,Trouble (20th Anniversary Edition),1539284962,1115115,4VMedo8R4GGqMXqv94Jtwq
2hlmm7s2ICUX0LVIhVFlZQ,Gunna,a Gift & a Curse,1534508042,880974,5qmZefgh78fN3jsyPPlvuw
2hlmm7s2ICUX0LVIhVFlZQ,Gunna,a Gift & a Curse,1534508042,880974,4nTqaqVko7cIlMSkfXI9oF
4xRYI6VqpkE3UwrDrAZL8L,Logic,Bobby Tarantino II,1532988848,148303,4F87p1aiFwHeU4uu65MaPV
6TIYQ3jFPwQSRmorSezPxX,mgk,bloom (Deluxe),1532907938,274315,6i34bwPf5FpNf0nh7sIXhv
6vWDO969PvNqNYHIOW5v0m,Beyoncé,B'Day,1532888318,728284,77eZ5eMEh3U0KWricrbevO
6vWDO969PvNqNYHIOW5v0m,Beyoncé,B'Day,1532888318,728284,12tx9VsfzycouyP119XTjJ
6vWDO969PvNqNYHIOW5v0m,Beyoncé,Lemonade,1532864897,658755,7dK54iZuOxXFarGhXwEXfF
0z4gvV4rjIZ9wHck67ucSV,Akon,Trouble Deluxe Edition,1531279284,1110408,77eKpEVxmSr1RhqMlirlTF
1mcTU81TzQhprhouKaTkpq,Rauw Alejandro,Cosa Nuestra,1529483778,6524560,0aX0UXrHG2ceYIxTQcqJdA
1RyvyyTE3xzB2ZywiAwp0i,Future,Future & Juice WRLD Present... WRLD ON DRUGS,1527968539,314449,6P9PZjWXoCRF5b66BafPKY
1U1el3k54VvEUzo3ybLPlM,Kali Uchis,Red Moon In Venus,1527818059,1188840,5OZ44LaqZbpP3m9B3oT8br
2feDdbD5araYcm6JhFHHw7,Labrinth,Imagination & the Misfit Kid,1522462058,745871,0FSsRH1jeZqKbGcHwq3UO0
2feDdbD5araYcm6JhFHHw7,Labrinth,Imagination & the Misfit Kid,1522462058,745871,0zjbNtfnMLmt2q50E3wDx8
0ys2OFYzWYB5hRDLCsBqxt,Fuerza Regida,Pa Que Hablen,1520725635,826260,7idxAlo8GuUKWV7RhOlptp
3WrFJ7ztbogyGnTHbHJFl2,The Beatles,Let It Be (Remastered),1516701570,641450,0jTGHV5xqHPvEcwL8f6YU5
3PhoLpVuITZKcymswpck5b,Elton John,Goodbye Yellow Brick Road (Remastered),1514874051,717830,5WupqgR68HfuHt3BMJtgun
3xvaSlT4xsyk6lY1ESOspO,Disney,High School Musical: The Musical: The Series (Original Soundtrack),1512125171,718552,4GgojLZOPRu8MdUVmjNRSI
21E3waRsmPlU7jZsS13rcj,Ne-Yo,In My Own Words (Deluxe 15th Anniversary Edition),1509122272,710758,4uQ89DNW3sb8WxzmlI7jP1
4Gso3d4CscCijv0lmajZWs,Don Toliver,HARDSTONE PSYCHO,1508662795,3006517,0Kzb3u6kMnOJOZXYFSk33F
4Gso3d4CscCijv0lmajZWs,Don Toliver,HARDSTONE PSYCHO,1508662795,3006517,55S2SOsWCYekWJtJ8LwVqV
1uNFoZAHBGtllmzznpCI3s,Justin Bieber,Under The Mistletoe,1506091327,71560,0sH0tKZWzQlRVGv9rcwYEp
4LLpKhyESsyAXpc4laK94U,Mac Miller,GO:OD AM,1505005244,612519,2Tyx5dLhHYkx6zeAdVaTzN
3WrFJ7ztbogyGnTHbHJFl2,The Beatles,Rubber Soul (Remastered 2009),1504504790,684520,50o7kf2wLwVmOTVYJOTplm
6TIYQ3jFPwQSRmorSezPxX,mgk,Hotel Diablo,1503960976,343565,0bJIHF1Or1YBLFBMwv53K2
7wlFDEWiM5OoIAt8RSli8b,YoungBoy Never Broke Again,AI YoungBoy 2,1503692478,682489,1nzUj7VkiaytMmf2KrhK2L
0hEurMDQu99nJRq8pTxO14,John Mayer,Sob Rock,1503341413,422284,2JmfwvRDitJlTUoLCkp61z
5f7VJjfbwm532GiveGC0ZK,Lil Baby,Street Gossip,1502864795,687068,4iF44RCCybJtkBkMoqrLW2
5f7VJjfbwm532GiveGC0ZK,Lil Baby,Street Gossip,1502864795,687068,7KU3KTqHi7NptnBwDMDhQW
2C6i0I5RiGzDKN9IAF8reh,Banda MS de Sergio Lizárraga,No Me Pidas Perdón,1499528823,746691,1Iq9u0VsxfFDoLmX5bLTVL
3TVXtAsR1Inumwj472S9r4,Drake,Thank Me Later,1498437074,979583,6jlrjFR9mJV3jd1IPSplXU
3Nrfpe0tUJi4K4DXYWgMUX,BTS,"Butter (Hotter, Sweeter, Cooler)",1494877935,286050,0PBQ3Cp6NG8WX0G9KQVNMP
6Te49r3A6f5BiIgBRxH7FH,Ninho,Destin,1494107010,723624,14p5CVdJCMRcgvICDAGS7k
1dfeR4HaWDbWqFHLkxsg1d,Queen,A Day At The Races,1492377714,560810,4kmYoWtWvAIS43KwGuRb50
2kCcBybjl3SAtIcwdWpUe3,Lil Peep,crybaby,1491585074,704582,2tLt6wYVuseWCe6IwDSlTm
0hCNtLu0JehylgoiP8L4Gh,Nicki Minaj,Sweet Talker (Deluxe Version),1487820310,500408,2rDIivxBafNKpgRqlzIRSb
20wkVLutqVOYrc0kxFs7rA,Daniel Caesar,NEVER ENOUGH,1480564799,2851190,7ivbFszr1TbVadj89BIy1y
2ye2Wgw4gimLv2eAKyk1NB,Metallica,Ride The Lightning (Remastered),1478170922,811692,1nTvIQEXvygqSIqc2vuwAz
6FBDaR13swtiWwGhX1WQsP,blink-182,Take Off Your Pants And Jacket,1466940764,656526,3nHpBmW5wJXGeC3ojBkpey
0KPX4Ucy9dk82uj4GpKesn,Dalex,Climaxxx,1463191170,410397,6stPNzjz40FWTiwlOR98Lp
5cj0lLjcoR7YOSnhnX0Po5,Doja Cat,Demons + Paint The Town Red,1461343901,702258,6nFN6jMhxevXL4Y7tuivv9
1URnnhqYAYcrqrcwql10ft,21 Savage,Savage Mode,1460066568,232711,4I3EcXD4e3KcEoDJfFEZ5b
3fMbdgg4jU18AjLCKBhRSm,Michael Jackson,Scream,1459713270,651698,2X8UOIkZQdcz2Hi5Ynt2uk
4YRxDV8wJFPHPTeXepOstw,Arijit Singh,"Yours Truly Arijit, Vol. 2",1458489234,1147948,7rZrFvyGiP9wYkXWlF76gH
1vyhD5VmyZ7KMfW5gqLgo5,J Balvin,La Familia B Sides,1458355924,748534,4loQMkHOAbqVdyb59KBbsp
05fG473iIaoy82BF1aGhL8,Slipknot,Slipknot,1456115985,1035659,5lOFvOWAdy9G6p44noRILU
55Aa2cqylxrFIXC767Z865,Lil Wayne,Tha Carter III [Edited (MTV Bonus Version)],1453732842,771108,7GNr4PXYVHMJyOWkCqZDVp
6XyY86QOPPrYVGvF9ch6wz,Linkin Park,Collision Course (Deluxe Version),1451055318,521978,5NH94cATqx5fjBE794xZLy
7qG3b048QCHVRO5Pv1T5lw,Enrique Iglesias,Euphoria,1447927298,779609,32bR4LcEc1PvJEhaKoo4ZN
7qG3b048QCHVRO5Pv1T5lw,Enrique Iglesias,Euphoria,1447927298,779609,3oP0LPKsjcdocYsRGCMpkn
7qG3b048QCHVRO5Pv1T5lw,Enrique Iglesias,Euphoria,1447927298,779609,5JNhQFH8HMKQWP4SITzdoc
13y7CgLHjMVRMDqxdx0Xdo,Gucci Mane,Evil Genius,1446064157,480076,5xqQtdlJUY7Fg4BMp13LrX
1KCSPY1glIKqW2TotWuXOR,P!nk,Funhouse,1445662256,573623,3qfa80DgDetuac3GtIPQZx
1KCSPY1glIKqW2TotWuXOR,P!nk,Funhouse (Deluxe Version),1444060639,573175,7xA4yujjiiATLqcG8QC2Ix
4Z8W4fKeB5YxbusRsdQVPb,Radiohead,In Rainbows,1443670548,1716609,5vkqYmiPBYLaalcmjujWxK
1KCSPY1glIKqW2TotWuXOR,P!nk,Funhouse (Expanded Edition),1441683143,573482,1LOJfNDxQhbpssKx7oM7at
4Gso3d4CscCijv0lmajZWs,Don Toliver,B4 The Storm,1441545641,323580,4Y5lQYgpDrkyru90jltD5a
4Gso3d4CscCijv0lmajZWs,Don Toliver,B4 The Storm,1441545641,323580,7bPIbMw7lgncHBoFfzjQRj
0k17h0D3J5VfsdmQ1iZtE9,Pink Floyd,Wish You Were Here,1440688376,966569,0bCAjiUamIFqKJsekOYuRw
4GNC7GD6oZMSxPGyXy4MNB,Lewis Capaldi,Bruises EP,1440205276,382249,3bAq5agU2IUDfDuO4w50aR
3PhoLpVuITZKcymswpck5b,Elton John,Honky Chateau,1435991084,650939,2ei2X6ghPnw7YRwQtAH075
3PhoLpVuITZKcymswpck5b,Elton John,Honky Château (50th Anniversary Edition),1434845369,650321,30ey65p5ZWsi82MsferipB
43ZHCT0cAZBISjO8DG9PnE,Elvis Presley,Elvis Presley: The Searcher (The Original Soundtrack) [Deluxe],1430431018,457844,2ZxjVJSCfp2JYiN2Vrd7k6
21E3waRsmPlU7jZsS13rcj,Ne-Yo,In My Own Words,1430119119,693686,6gkwOLmk0ALMOjWs5WhAEr
3IYUhFvPQItj6xySrBmZkd,Creedence Clearwater Revival,Bad Moon Rising: Shadows on the Bayou,1425204044,543592,2V2mP6RDwqTHW5mX2K4GXc
3TVXtAsR1Inumwj472S9r4,Drake,So Far Gone,1422385952,743646,1LShhEEKRT5MNPcO7jtYHh
3p7PcrEHaaKLJnPUGOtRlT,Henrique & Juliano,Manifesto Musical (Ao Vivo / Vol. 1),1422159719,351382,3qL1ZV5aLsA2U0lVdIadau
3p7PcrEHaaKLJnPUGOtRlT,Henrique & Juliano,Manifesto Musical (Ao Vivo / Vol. 1),1422159719,351382,34C5pWtJWvLUfKoIZTNrug
4r63FhuTkUYltbVAg5TQnk,DaBaby,Baby On Baby,1420112598,144834,0O1PJ0t69iTO5yWrIeIga0
2qxJFvFYMEDqd7ui6kSAcq,Zedd,Clarity (Deluxe),1416617874,579623,4xak0izXQHOMV9Wu1mDAAy
3WrFJ7ztbogyGnTHbHJFl2,The Beatles,Please Please Me (Remastered),1412592623,593207,3KzAvEXcqJKBF97HrXwlgf
21451j1KhjAiaYKflxBjr1,Zion & Lennox,Motivan2,1411794898,236635,22lEQJ7khtB2yvsq84FDQb
2C6i0I5RiGzDKN9IAF8reh,Banda MS de Sergio Lizárraga,Sólo Hits (20 Éxitos),1408572904,796964,0H84MmPUGDOZx7hS7ec5Bb
5fMUXHkw8R8eOP2RNVYEZX,Diplo,Diplo Presents Thomas Wesley: Chapter 1 - Snake Oil (Deluxe),1401150512,331591,6QkaLeuxTaYibek4fhwpmF
2hlmm7s2ICUX0LVIhVFlZQ,Gunna,WUNNA,1400875650,843569,0gA0nZrZ55PLUp7ARfrICu
0QHgL1lAIqAw0HtD7YldmP,DJ Khaled,Father Of Asahd,1398998827,193409,1YgX8BWKleDlDeCOFklRfz
2cFrymmkijnjDg9SS92EPM,blackbear,digital druglord,1397248839,160076,0a8WSH44kA5hR4MQ6LyFDB
0z4gvV4rjIZ9wHck67ucSV,Akon,Freedom,1396697476,1043897,1Z5oeufZDMMzL8ZlWTZrQg
0z4gvV4rjIZ9wHck67ucSV,Akon,Freedom,1396697476,1043897,3Aw8a13WJi24hkjRRtMp9n
26dSoYclwsYLMAKD3tpOr4,Britney Spears,Oops!... I Did It Again,1396526183,747956,5PmgtkodFl2Om3hMXONDll
3e7awlrlDSwF3iM0WBjGMp,Little Mix,LM5 (Deluxe),1394100592,177971,7Ho8gAx4haSxv1eFLQwvTj
3e7awlrlDSwF3iM0WBjGMp,Little Mix,LM5 (Expanded Edition),1393875005,177947,2IEbMNUOG5RnbwvzGMAf8Q
33ScadVnbm2X8kkUqOkC6Z,Don Omar,The Last Don Live,1392967155,964654,0hFZpkgYSp761ZOM2EOZWQ
69GGBxA162lTqCwzJG5jLp,The Chainsmokers,Bouquet,1390176306,657715,5uJqpJth89JzqPFt6vEzwF
3t5xRXzsuZmMDkQzgOX35S,Robin Schulz,IIII,1389818449,230494,2QC9gnxGo0MnJ98mLTOf6c
1mYsTxnqsietFxj1OgoGbG,A.R. Rahman,A.R. Rahman All Time Favourites,1387331180,1171830,5sMovvp4SR99laIsnzfwJE
6wWVKhxIU2cEi0K81v7HvP,Rammstein,Sehnsucht (Anniversary Edition - Remastered),1386334195,792584,6hh5ax5BomINXGoi4q7FDP
2tIP7SsRs7vjIcLrU85W8J,The Kid LAROI,THE FIRST TIME,1386126711,1786420,63IolVUykZCHMlu2zu9jHS
46SHBwWsqBkxI7EeeBEQG7,Kodak Black,Painting Pictures,1384218961,484428,5mG8oNkNKM2my7t9ywra96
3aQeKQSyrW4qWr35idm0cy,T-Pain,Epiphany (Expanded Edition),1383473900,758690,6CrSEKCF4TYrbSIitegb3h
0L8ExT028jH3ddEcZwqJJ5,Red Hot Chili Peppers,The Getaway,1383084084,619375,43otFXrY0bgaq5fB3GrZj6
6wWVKhxIU2cEi0K81v7HvP,Rammstein,Sehnsucht,1381105206,789863,0C9p8YMtbdOkcXPPlEmZvY
0hEurMDQu99nJRq8pTxO14,John Mayer,The Search for Everything,1379969881,347678,0jZFu2tihRJ65iYAo0oOtP
6TIYQ3jFPwQSRmorSezPxX,mgk,bloom,1378660565,255726,3MYJYd73u0SatCnRVvRJ3M
6TIYQ3jFPwQSRmorSezPxX,mgk,bloom,1378660565,255726,3yWRq9Dd2UO5xyqxTjLDmp
5ZS223C6JyBfXasXxrRqOk,Jhené Aiko,Trip,1377829787,578640,7CAAClnSiXdMibPT1oyl4k
6Xgp2XMz1fhVYe7i6yNAax,Trippie Redd,Trip At Knight,1376729200,420351,6SpT5TOPIInmmwLyCcCAXX
5K4W6rqBFWDnAN6FQUkS6x,Kanye West,JESUS IS KING,1376339491,586076,0FgZKfoU2Br5sHOfvZKTI9
718COspgdWOnwOFpJHRZHS,Luke Combs,Growin' Up,1374688820,685055,1m9DVgV0kEBiVZ4ElhJEte
5fMUXHkw8R8eOP2RNVYEZX,Diplo,Diplo Presents Thomas Wesley: Chapter 1 - Snake Oil,1374497239,325586,24EiVoJXLPY9a6a7AqZNDg
5fMUXHkw8R8eOP2RNVYEZX,Diplo,Diplo Presents Thomas Wesley: Chapter 1 - Snake Oil,1374497239,325586,2Om5VEKaBd4Afht33ToQGD
4O15NlyKLIASxsJ0PrXPfz,Lil Uzi Vert,The Perfect LUV Tape,1374322997,270690,6LX75kNicFqjjiAOeZgN67
3b8QkneNDz4JHKKKlLgYZg,Florida Georgia Line,Here's To The Good Times,1372727443,282777,5MH765pytbQasmDxXArTah
74KM79TiuVKeVCqs8QtB0B,Sabrina Carpenter,Please Please Please,1372096523,2106029,0IAo42WYRRTgBtaRUCSMK1
4IWBUUAFIplrNtaOHcJPRM,James Arthur,James Arthur (Deluxe),1371682562,562970,029WUoBjWc7Js1QiPH3mw0
5C4PDR4LnhZTbVnKWXuDKD,Morat,SI AYER FUERA HOY,1370902018,839391,1BUb9ayIoyy6T3iwMscDts
5XJDexmWFLWOkjOEjOVX3e,Eladio Carrion,Sauce Boyz,1366877910,568427,2JwUsV3QP7FMWx1Fzt6dHQ
790FomKkXshlbRYZFtlgla,KAROL G,Unstoppable,1366837711,429301,12nlJpvrOd7tTOaCxB1UeR
0jnsk9HBra6NMjO2oANoPY,Flo Rida,Mail on Sunday,1361217783,649072,5j1wrOAOm5KFd17pPiSvle
7bXgB6jMjp9ATFy66eO08Z,Chris Brown,Chris Brown (Expanded Edition),1352199502,989301,49gaz5rhWWgqCw61M9700v
4tZwfgrHOc3mvqYlEYSvVi,Daft Punk,"Musique, Vol. 1",1352020293,606770,4a0p1M12f7VaZWdoNSdEK4
50co4Is1HCEo8bhOyUWKpn,Young Thug,JEFFERY,1351072814,313658,7EpUpNUkkEGnaCvkcn1j4H
0TnOYISbd1XYRBk9myaseg,Pitbull,Pitbull Starring In Rebelution,1347723069,1002668,4RaAjieYFIZRF8uh6GY43r
0TnOYISbd1XYRBk9myaseg,Pitbull,Pitbull Starring In Rebelution,1347723069,1002668,00zN65JStpVnpJn9ckMsQI
0oSGxfWSnnOXhD2fKuz2Gy,David Bowie,The Rise and Fall of Ziggy Stardust and the Spiders from Mars (2012 Remaster),1343423651,527152,48D1hRORqJq52qsnUYZX56
6nVcHLIgY5pE2YCl8ubca1,JHAYCO,Timelezz,1343088314,610605,3AwzfcsXeljU7JkG5GQn8Y
20JZFwl6HVl6yg8a4H3ZqK,Panic! At The Disco,"Too Weird to Live, Too Rare to Die!",1342708588,237119,1hxraaWEf3wFnJxADf8Dge
1i8SpTcr7yvPOmcqrbnVXY,Ozuna,OzuTochi,1342173646,579955,1kjfMVBNhsDeRyAu9zbLfF
26dSoYclwsYLMAKD3tpOr4,Britney Spears,Blackout,1338482501,1125607,55ZLjifyJc6wpZ07D2DcLV
26dSoYclwsYLMAKD3tpOr4,Britney Spears,Blackout,1338482501,1125607,1ePkYcH5ZQCb1b4tQeiEDj
26dSoYclwsYLMAKD3tpOr4,Britney Spears,Blackout,1338482501,1125607,4uPjXNAV5ElagRiBsc4JR5
0C0XlULifJtAgn6ZNCW2eu,The Killers,Sam's Town,1337957755,597820,4o3RJndRhHxkieQzQGhmbw
4YRxDV8wJFPHPTeXepOstw,Arijit Singh,Love Dose Arijit Singh,1335303642,1330129,5aRPSAhsXgpXhxRF8q1aLI
1zNqQNIdeOUZHb8zbZRFMX,Swae Lee,SR3MM,1333308422,138557,4vLYreWxd2ptOAzPwTyBI3
2LRoIwlKmHjgvigdNGBHNo,Feid,"MOR, No Le Temas a La Oscuridad",1333167290,1055481,16ScBmKm5WA3RwvTqiQlJd
3DiDSECUqqY1AuBP8qtaIa,Alicia Keys,If I Ain't Got You (Remixes),1332464412,787735,09Hv0TDIjHuPFymQjOTmsX
3DiDSECUqqY1AuBP8qtaIa,Alicia Keys,If I Ain't Got You EP,1332414524,787555,1gAM7M4rBwEbSPeAQR2nx1
45dkTj5sMRSjrmBSBeiHym,Tate McRae,i used to think i could fly,1332183368,921115,5fhTetHew6Eph6HfQ9O5gJ
1mcTU81TzQhprhouKaTkpq,Rauw Alejandro,PLAYA SATURNO,1330705867,1004668,6E7Awtyx6opYTbPXx6ApzB
3xvaSlT4xsyk6lY1ESOspO,Disney,"Disney Summer Songs , Vol. 2",1330420547,525920,4AORimNOUL0YaMx9jYx2G8
0vR2qb8m9WHeZ5ByCbimq2,Reik,Des/Amor,1329647631,510795,6Tap30zqzXj22sVKoy1GUj
2ye2Wgw4gimLv2eAKyk1NB,Metallica,...And Justice for All (Remastered Deluxe Box Set),1328636425,654819,2XbWaerVk9fjhEiGSrd6TF
2YZyLoL8N0Wb9xBt1NhZWg,Kendrick Lamar,Section.80,1325416474,608478,1bkN9nIkkCnXeG4yitVS1J
3fMbdgg4jU18AjLCKBhRSm,Michael Jackson,Dangerous,1323784557,762746,2zD0vIQjiaFbumnbjWC6WY
3fMbdgg4jU18AjLCKBhRSm,Michael Jackson,Dangerous,1323784557,762746,0oX4SealMgNXrvRDhqqOKg
3fMbdgg4jU18AjLCKBhRSm,Michael Jackson,Dangerous,1323784557,762746,3hUdA89rVD4ZFBC2a4XMJN
5pKCCKE2ajJHZ9KAiaK11H,Rihanna,Rated R,1322439044,639934,7uGmyYwDFJbSc1xs4hkEs2
2nszmSgqreHSdJA3zWPyrW,Luis Miguel,Romances,1322418669,632947,5bCqJHjSlxroHQdR8i8Qvo
1GxkXlMwML1oSg5eLPiAz3,Michael Bublé,It's Time,1322239903,642247,1f9vWKabhNPNQnHLleExSh
2dIgFjalVxs4ThymZ67YCE,Stray Kids,IN LIFE,1319719926,621983,0aERWcI2KYSCM4biUihB9X
711MCceyCBcFnzjGY4Q7Un,AC/DC,High Voltage,1318383928,619513,19AUoKWRAaQYrggVvdQnqq
5INjqkS1o8h1imAzPqGZBb,Tame Impala,Lonerism,1318101588,485748,3C2MFZ2iHotUQOSBzdSvM7
2uYWxilOVlUdk4oV9DvwqK,Mitski,Bury Me At Makeout Creek,1317497344,773999,3I2KkX13lHXuYqfBjSOopo
1i8SpTcr7yvPOmcqrbnVXY,Ozuna,Nibiru,1308493062,193474,7f6r6ijWtMJ0QYydwuCYvH
4zCH9qm4R2DADamUHMCa6O,Anirudh Ravichander,Best of Anirudh Ravichander (Tamil),1301605922,884014,4PMVBKIe8o2iixsVkGDMBG
1HY2Jd0NmPuamShAr6KMms,Lady Gaga,ARTPOP,1300378784,677209,2eRJUtI7nXrQ5uYQ7tzTo9
137W8MRPWKqSmrBGDBFSop,Wiz Khalifa,Blacc Hollywood (Deluxe),1296330768,191779,2pl9PVgr8QFKRGY0HY69GI
3Nrfpe0tUJi4K4DXYWgMUX,BTS,The Most Beautiful Moment in Life Pt.2,1294685737,502561,2ds8iT4wkaN1Q1gZe1qcOD
4xRYI6VqpkE3UwrDrAZL8L,Logic,Confessions of a Dangerous Mind,1293883287,165905,0XLwImzaZEtqHE4NHAepDz
05fG473iIaoy82BF1aGhL8,Slipknot,.5: The Gray Chapter (Special Edition),1293744680,613747,0ApKaazNHf0gzjAYZauexq
3hcs9uc56yIGFCSy9leWe7,Lil Durk,7220 (Deluxe),1293115063,593112,2rGN0kLth4hNmyMffDTlpX
487N2T9nIPEHrlTZLL3SQs,Zé Neto & Cristiano,Escolhas (Ao Vivo),1292537034,409890,0tBnLmuDb9EtemunXfCMeD
0z4gvV4rjIZ9wHck67ucSV,Akon,Trouble,1292312478,879689,5lVhDQnJYSknv2vLRX9ifV
77ziqFxp5gaInVrF2lj4ht,Sech,1 of 1,1291682682,188664,3D1NZYi3GsenO5uWDFrRI6
77ziqFxp5gaInVrF2lj4ht,Sech,1 of 1,1291682682,188664,6nrflCSqW4aAy4ZZ1PGp7I
3Isy6kedDrgPYoTS1dazA9,Sean Paul,The Trinity,1289650938,1084553,32Bu3ETQhR1PFCj3ndDlYf
3Isy6kedDrgPYoTS1dazA9,Sean Paul,The Trinity,1289650938,1084553,5dllg7LmHBB2pOSzr9aOg0
7iK8PXO48WeuP03g8YR51W,Myke Towers,Platonicos,1289108697,439169,5sEpXan86hEcM8eZSAoWhw
3b8QkneNDz4JHKKKlLgYZg,Florida Georgia Line,Dig Your Roots,1287838828,185850,09KOjaflTBRE28GVvXqkYC
1Mxqyy3pSjf8kZZL4QVxS0,Frank Sinatra,A Jolly Christmas From Frank Sinatra,1285261367,24834,0ny6mZMBrYSO0s8HAKbcVq
3t5xRXzsuZmMDkQzgOX35S,Robin Schulz,Uncovered,1285229614,132824,4iu0toRdSjyU0qIdKTWMoY
7CajNmpbOovFoOoasH2HaY,Calvin Harris,Feel So Close,1284319127,966141,0rLL9dBAcu3vg3oyqZsrKy
74XFHRwlV6OrjEM0A2NCMF,Paramore,After Laughter,1282389670,1085923,1c9Sx7XdXuMptGyfCB6hHs
4VMYDCV2IEDYJArk749S6m,Daddy Yankee,Talento de Barrio,1280690492,814255,6R0fIFcUqDgQMyYdRWZJje
7wlFDEWiM5OoIAt8RSli8b,YoungBoy Never Broke Again,Until Death Call My Name (Reloaded),1280278795,447138,1xFoRn9DxZXwPjEdGnw800
2LIk90788K0zvyj2JJVwkJ,Jack Harlow,Sweet Action,1278969233,205588,7AaqMMiYMvnMB3RcS8u3EY
0C8ZW7ezQVs4URX5aX7Kqx,Selena Gomez,For You,1276152212,510735,3dviBwFcDYCcpXUbeacrIl
0C8ZW7ezQVs4URX5aX7Kqx,Selena Gomez,For You,1276152212,510735,78GeZ5IA1KSbI0MiR4bAhH
2cFrymmkijnjDg9SS92EPM,blackbear,deadroses,1274778327,299387,1TkwzY3l4LqAfrQwBAx45Q
3DiDSECUqqY1AuBP8qtaIa,Alicia Keys,As I Am (Expanded Edition),1274544856,623464,6KlxyxhXEDo1LdheFulN7h
3TVXtAsR1Inumwj472S9r4,Drake,Care Package,1269746750,816456,7dqpveMVcWgbzqYrOdkFTD
3Nrfpe0tUJi4K4DXYWgMUX,BTS,The Most Beautiful Moment in Life Pt.1,1268754009,430028,0mEeCuKJQ8Xh9tQ5dMm89X
1yR65psqiazQpeM79CcGh8,Marília Mendonça,Festa das Patroas 35%,1268132388,287613,5S0cTPPACcLQxZPe2X88bQ
1yR65psqiazQpeM79CcGh8,Marília Mendonça,Festa das Patroas 35%,1268132388,287613,50wAyDdWCMpPnG3lzWUChj
4Gso3d4CscCijv0lmajZWs,Don Toliver,Love Sick (Deluxe),1265027967,2453428,2Q2TRdT994vTzGE3Grmmht
4V8LLVI7PbaPR0K2TGSxFF,"Tyler, The Creator",Wolf + Instrumentals,1264305009,939032,4jEKedq9rWPV9OXuMkrZCa
23fqKkggKUBHNkbKtXEls4,Kygo,Kids in Love,1262437263,216827,47oyrKaeobswT4T8zyaxdM
4VMYDCV2IEDYJArk749S6m,Daddy Yankee,LEGENDADDY,1261452810,292384,3rlJCPz7s7bTifG57wjFpt
2nszmSgqreHSdJA3zWPyrW,Luis Miguel,Soy Como Quiero Ser,1260350998,515979,2dJCC5WZDKqQbXmUJeLe9Z
20sxb77xiYeusSH8cVdatc,Meek Mill,Dreams Worth More Than Money,1259017124,292087,2O3OKOYCub892PUGprsaQo
43ZHCT0cAZBISjO8DG9PnE,Elvis Presley,MEMPHIS,1255863439,379143,27naxukVSz1Z1OWCXjwSky
4iHNK0tOyZPYnBU7nGAgpQ,Mariah Carey,Daydream,1253534434,615333,1ibYM4abQtSVQFQWvDSo4J
4V8LLVI7PbaPR0K2TGSxFF,"Tyler, The Creator",Wolf,1252599287,906105,40QTqOBBxCEIQlLNdSjFQB
4V8LLVI7PbaPR0K2TGSxFF,"Tyler, The Creator",Wolf,1252599287,906105,24E5CwiXFw2baPZWFgJ8GJ
0EmeFodog0BfCgMzAIvKQp,Shakira,Pies Descalzos,1250495135,1245900,3HLngzP9wVd8p3SMDQgyd9
2wY79sveU1sp5g7SokKOiI,Sam Smith,Settle (Special Edition),1250457280,707182,7bdjtx1RTkWoSoOaIl7a8E
2wY79sveU1sp5g7SokKOiI,Sam Smith,Settle (Special Edition),1250457280,707182,6fay9e7IPkcaelB70hd7v3
43ZHCT0cAZBISjO8DG9PnE,Elvis Presley,Walk a Mile in My Shoes: The Essential '70s Masters,1249981240,636491,5mzwE7oF97fP2vxdtgf6HH
5XJDexmWFLWOkjOEjOVX3e,Eladio Carrion,3MEN2 KBRN,1249692020,659144,6BGN5CVd7koJApotl5Bj8u
7hJcb9fa4alzcOq3EaNPoG,Snoop Dogg,Doggystyle (30th Anniversary Edition),1248401983,501333,2QioUoh1jheynkUHP4XsCN
6Xgp2XMz1fhVYe7i6yNAax,Trippie Redd,A Love Letter To You,1248055353,259085,4bJCgEvJNMhIxmufeJlFB9
7hJcb9fa4alzcOq3EaNPoG,Snoop Dogg,Doggystyle,1247276668,500271,5IFOummNcGXY3qCBWRchqP
3qm84nBOXUEQ2vnTfUTTFC,Guns N' Roses,Use Your Illusion I (Deluxe Edition),1244455407,669113,33HYdYXXadqsdZ1NsYmS6o
17lzZA2AlOHwCwFALHttmp,2 Chainz,Pretty Girls Like Trap Music,1242507677,131157,5vvvo79z68vWj9yimoygfS
2C6i0I5RiGzDKN9IAF8reh,Banda MS de Sergio Lizárraga,La Mejor Versión De Mí,1240935953,652997,6UV1wTga3v0p7rXwxxbUL1
2hlmm7s2ICUX0LVIhVFlZQ,Gunna,One of Wun,1240163137,2363436,7g0PJ7VbsOkYTECUFkyNPN
5cj0lLjcoR7YOSnhnX0Po5,Doja Cat,Amala,1239620574,780879,54tInqO543zy0Y5F2VsUQI
0Q8NcsJwoCbZOHHW63su5S,Mora,PARAÍSO,1237779601,604146,1EQhyUrK5hLJU3Ymau6ZRp
0Q8NcsJwoCbZOHHW63su5S,Mora,PARAÍSO,1237779601,604146,7b3PrkHcWx17AQwlI2M1Uc
2HPaUgqeutzr3jx5a9WyDV,PARTYNEXTDOOR,PARTYNEXTDOOR TWO,1234549138,1294250,1xwhNJCfTwuRia7Cpo7IbJ
2HPaUgqeutzr3jx5a9WyDV,PARTYNEXTDOOR,PARTYNEXTDOOR TWO,1234549138,1294250,52SPzTxOUOS996NCHoGN0r
3p7PcrEHaaKLJnPUGOtRlT,Henrique & Juliano,Novas Histórias (Ao Vivo / Deluxe),1232310456,838453,4w6tGkFdnJUxrYGpbCEhot
360IAlyVv4PCEVjgyMZrxK,Miguel,War & Leisure,1232131042,317309,05LEST8E8mkEIl2LRfUkcI
0EmeFodog0BfCgMzAIvKQp,Shakira,Sale el Sol,1228045985,937288,3gR578qnw47M30LVBTjrlW
4Ga1P7PMIsmqEZqhYZQgDo,Lil Tecca,We Love You Tecca 2 (Deluxe),1227887368,737457,2ybRB5pXB2XCjLbvRQMrw9
487N2T9nIPEHrlTZLL3SQs,Zé Neto & Cristiano,"Escolhas, Vol. 2 (Ao Vivo)",1226308335,373810,3a6T0jJ6mF4KpBYvKH5o7Z
1yxSLGMDHlW21z4YXirZDS,Black Eyed Peas,The Beginning (Deluxe),1226125208,805960,0BkpKcHw606at6Y2cp8kdE
6TIYQ3jFPwQSRmorSezPxX,mgk,mainstream sellout (life in pink deluxe),1224082222,464681,5mj5NblnMMm5G3n1cugGH7
2RQXRUsr4IW1f3mKyKsy4B,Noah Kahan,Busyhead,1218753180,745458,3DNQrMjvVGiueVrj1qquJd
1uNFoZAHBGtllmzznpCI3s,Justin Bieber,My World,1218459240,793507,1rG5TDs3jYh6OU753I54CI
1uNFoZAHBGtllmzznpCI3s,Justin Bieber,My World,1218459240,793507,2XpLbDgssTyK3AmeQlfUL3
7bXgB6jMjp9ATFy66eO08Z,Chris Brown,Exclusive (Expanded Edition),1218036663,1048268,6p5pW2WwgVECsOhrXPAyhI
3YQKmKGau1PzlVlkL1iodx,Twenty One Pilots,Scaled And Icy (Livestream Version),1216206647,533248,1B61NzknoGqafMfKLY7QtZ
1GxkXlMwML1oSg5eLPiAz3,Michael Bublé,To Be Loved,1215515002,467973,4Yf5LJfqpjgl1a4TBiCi07
1GxkXlMwML1oSg5eLPiAz3,Michael Bublé,To Be Loved,1215515002,467973,0ULfRWHlBOfxe1wYrQFzNv
3JhNCzhSMTxs9WLGJJxWOY,Macklemore,Toast to Our Differences (Deluxe Edition),1214123255,300678,0ORqx9M6ak7kqDwYUBwvdK
1yxSLGMDHlW21z4YXirZDS,Black Eyed Peas,The Beginning,1213959196,802702,1sBA4WniS6cBvvSDAsCgrV
1yxSLGMDHlW21z4YXirZDS,Black Eyed Peas,The Beginning,1213959196,802702,3IpexNXiKbezuY526S4Jvy
1Mxqyy3pSjf8kZZL4QVxS0,Frank Sinatra,Platinum,1213690842,378391,6QQYtQ7qZ6TXU2iskQXh9A
1Mxqyy3pSjf8kZZL4QVxS0,Frank Sinatra,Platinum,1213690842,378391,7CDx7wRXHEOVPREC1CiYXj
4GNC7GD6oZMSxPGyXy4MNB,Lewis Capaldi,Broken By Desire To Be Heavenly Sent (Extended Edition),1212123511,813666,4mOX4ESm6Hy0UlzgWZ2t3Q
00FQb4jTyendYWaN8pK0wa,Lana Del Rey,Paradise,1212120034,521413,1Q87e3clmqscTVS9l5648V
00FQb4jTyendYWaN8pK0wa,Lana Del Rey,Paradise,1212120034,521413,6obOtGQ9VkQEg8q73peY7d
23zg3TcAtWQy7J6upgbUnj,USHER,Versus,1210182848,971338,6bnDvfVdO3LarvcpWEzmeD
1Mxqyy3pSjf8kZZL4QVxS0,Frank Sinatra,Sinatra 80th: All The Best,1209721939,375324,5loTE013A6bWbNM0kuET1r
7oPftvlwr6VrsViSDV7fJY,Green Day,21st Century Breakdown,1208175028,784208,1AHZd3C3S8m8fFrhFxyk79
0oSGxfWSnnOXhD2fKuz2Gy,David Bowie,Loving the Alien (1983 - 1988),1207571597,422168,3UXvwZWxpfUZbb30ccYark
6XyY86QOPPrYVGvF9ch6wz,Linkin Park,From Zero,1205514776,3295099,4R6FV9NSzhPihHR0h4pI93
3fMbdgg4jU18AjLCKBhRSm,Michael Jackson,XSCAPE,1204138212,768534,7pomP86PUhoJpY3fsC0WDQ
6fOMl44jA4Sp5b9PpYCkzz,NF,Therapy Session,1201175100,243761,75fT8UQEDnekHNhRnbdpNI
7jy3rLJdDQY21OgRLCZ9sD,Foo Fighters,"Echoes, Silence, Patience & Grace",1197337997,439505,3ilXDEG0xiajK8AbqboeJz
28gNT5KBp7IjEOQoevXf9N,Camilo,Para Aventuras y Curiosidades,1196186295,533623,01yYW0rRRwlEZx1dMmc5ff
3AA28KZvwAUcZuOKwyblJQ,Gorillaz,Humanz (Deluxe),1194621960,577668,0NvirtaDCaZU5PAW1O5FDE
58lV9VcRSjABbAbfWS6skp,Bon Jovi,Crush,1192551722,628407,4zhSWdHOuYGS7EoJiY6PaE
58lV9VcRSjABbAbfWS6skp,Bon Jovi,Crush,1192551722,628407,7GP4MgXqq3JNMmY5yslvky
58lV9VcRSjABbAbfWS6skp,Bon Jovi,Crush,1192551722,628407,0Q9SljCrM0CL0bR23MuP69
7qG3b048QCHVRO5Pv1T5lw,Enrique Iglesias,Euphoria (Intl 14 track version),1191197342,690350,4ay2UiczD51OhYsj8A5qYw
137W8MRPWKqSmrBGDBFSop,Wiz Khalifa,Blacc Hollywood,1190172398,180302,4D4jfkWjQXM4VFO6n8wrnc
1dfeR4HaWDbWqFHLkxsg1d,Queen,Sheer Heart Attack,1189679417,395814,5CooX2xg5YibepSfjbRFNT
3mIj9lX2MWuHmhNCA7LSCW,The 1975,Being Funny In A Foreign Language,1188599631,1395067,6dVCpQ7oGJD1oYs2fv1t5M
6vXTefBL93Dj5IqAWq6OTv,French Montana,MONTANA,1187331177,99936,1jJdkoOAj3Uk6Tbv3S4fsa
2kCcBybjl3SAtIcwdWpUe3,Lil Peep,HELLBOY,1186620966,538127,2XCSTHVFG50wCnWPnkerRh
7iK8PXO48WeuP03g8YR51W,Myke Towers,Para Mi Ex,1186268984,421510,4ht3ZwHsmWhrrR8LcKd62u
1wZtkThiXbVNtj6hee6dz9,Wisin,Pa'l Mundo,1182035947,819865,0mfiGkVJST0ysEVznu2aZP
1wZtkThiXbVNtj6hee6dz9,Wisin,Pa'l Mundo,1182035947,819865,3TheioK614VC2aRMhfKS6h
5f7VJjfbwm532GiveGC0ZK,Lil Baby,It's Only Me,1179109328,545475,0FYvMdfTfYJxnJnKs1wDb0
2jku7tDXc6XoB6MO2hFuqg,Tory Lanez,I Told You,1178827189,492785,5tBOCi2TekXZ1IbrmlBZO4
6LqNN22kT3074XbTVUrhzX,Kesha,Warrior (Expanded Edition),1176182714,634372,5ZQB1ZQ2Yx9YT3nZlR2Pgu
3DiDSECUqqY1AuBP8qtaIa,Alicia Keys,No One (Remixes),1175613420,589152,7cfKCPxLeKxSxePtCxckv6
6JL8zeS1NmiOftqZTRgdTz,Meghan Trainor,Takin' It Back (Deluxe),1175521839,412630,6IK5i5sR0uxIcM0rV8HThX
2dIgFjalVxs4ThymZ67YCE,Stray Kids,NOEASY,1171066993,585131,558tpdCejjVQNFAumRAeQj
0hEurMDQu99nJRq8pTxO14,John Mayer,Where the Light Is: John Mayer Live In Los Angeles,1170733647,234624,4Dgxy95K9BWkDUvQPTaYBb
2LRoIwlKmHjgvigdNGBHNo,Feid,FERXXO (VOL 1: M.O.R),1167744200,630865,3js3vnaiDDghVu9ADH93Q5
7bXgB6jMjp9ATFy66eO08Z,Chris Brown,11:11 (Deluxe),1166292290,1873844,5onhEG8O3aKdg9b4lIdkNz
4SsVbpTthjScTS7U2hmr1X,Arcángel,Historias de un Capricornio,1164826721,303554,0CPLMVp7rMi3BkzAMve96K
31W5EY0aAly4Qieq6OFu6I,A Boogie Wit da Hoodie,Artist 2.0,1164379576,195987,0cZAE6guibfcYmTZD7hiae
4AK6F7OLvEQ5QYCBNiQWHq,One Direction,Acoustic - EP,1163724812,602425,5VX4SyOXpLW7d0jBGW6AP2
4V8LLVI7PbaPR0K2TGSxFF,"Tyler, The Creator",Goblin,1163112920,928337,5dbCm8qaCdWnNdVyi3urUO
1yR65psqiazQpeM79CcGh8,Marília Mendonça,Marília Mendonça - Ao Vivo,1160144939,621221,0qy6yZjgoZ2cGGk9joy8E4
0du5cEVh5yTK9QJze8zA0C,Bruno Mars,The Twilight Saga: Breaking Dawn - Part 1 (Original Motion Picture Soundtrack),1158845575,1045141,1iGIqDBXm5HpTqHCvdc4QP
4iHNK0tOyZPYnBU7nGAgpQ,Mariah Carey,The Emancipation Of Mimi (Ultra Platinum Edition),1158697950,672716,7MMpjM0wynysTbhpvKjHrm
1wRPtKGflJrBx9BmLsSwlU,Pritam,Yeh Jawaani Hai Deewani,1158188596,1473747,2Lxoc72vRTGdQfMvj7Ovi1
4iHNK0tOyZPYnBU7nGAgpQ,Mariah Carey,The Emancipation of Mimi,1158101259,672151,43iBTEWECK7hSnE0p6GgNo
4iHNK0tOyZPYnBU7nGAgpQ,Mariah Carey,The Emancipation of Mimi,1158101259,672151,6ek7Y68IlB6CoFkkc2gEQb
5f7VJjfbwm532GiveGC0ZK,Lil Baby,Too Hard,1152585469,475118,750APP0eKVlcgOxaZnBnVt
1Xyo4u8uXC1ZmMpatF05PJ,The Weeknd,After Hours (Remixes),1149891406,366879,1ZJIMQ7fTy5Aw7InjQtvnO
45dkTj5sMRSjrmBSBeiHym,Tate McRae,So Close To What,1149640106,10713272,3w32SV56JvtJXsrYtThwzP
45dkTj5sMRSjrmBSBeiHym,Tate McRae,So Close To What,1149640106,10713272,6KaEpgeZQF6ZVVAmSoZUrb
7oPftvlwr6VrsViSDV7fJY,Green Day,Nimrod,1145832973,628886,3x2uer6Xh0d5rF8toWpRDA
3hcs9uc56yIGFCSy9leWe7,Lil Durk,7220 (Reloaded),1145635912,515513,1ImQBMrMvxZZqwTnFSRvhT
3hcs9uc56yIGFCSy9leWe7,Lil Durk,7220 (Reloaded),1145635912,515513,42q2L3R0LUPv3tM1Mabvyl
4xRYI6VqpkE3UwrDrAZL8L,Logic,Under Pressure (Deluxe),1144604535,136482,1Mk7Lei0Ra3hawezqmad5V
1elUiq4X7pxej6FRlrEzjM,Jorge & Mateus,Como. Sempre Feito. Nunca (ao Vivo),1143286057,524394,4TcZpyEt3wrOtMdK0gknMz
7oPftvlwr6VrsViSDV7fJY,Green Day,Nimrod (25th Anniversary Edition),1143058322,626526,4R802IhlcVX7z3m7xyp7zC
2uYWxilOVlUdk4oV9DvwqK,Mitski,Puberty 2,1142785997,1000995,4Coa8Eb9SzjrkwWEom963Q
5ZS223C6JyBfXasXxrRqOk,Jhené Aiko,Chilombo (Deluxe),1142567493,330596,1JsySWOa2RchsBB2N4313v
0fA0VVWsXO9YnASrzqfmYu,Kid Cudi,Man On The Moon III: The Chosen,1141449963,198981,64nbgEEIcY4g1ElVLONJ0w
5YGY8feqx7naU7z4HrwZM6,Miley Cyrus,Younger Now,1140673389,206220,5xG9gJcs9ut3qDWezHUlsX
0C8ZW7ezQVs4URX5aX7Kqx,Selena Gomez,13 Reasons Why (Season 2),1140586660,309534,4RpgjxgSxcRwGNuWnImneN
4GNC7GD6oZMSxPGyXy4MNB,Lewis Capaldi,Broken By Desire To Be Heavenly Sent,1139490214,716866,0ECSyPejfD7oL95dD3jgoi
2LRoIwlKmHjgvigdNGBHNo,Feid,SIXDO,1136821959,562839,31L7J7AO993tSBxAunoeoa
1bfl0AU8SqmLkElptOprhC,Jul,Soy Lo Que Quiero... Indispensable,1136357471,759940,12Vmxx0YovPMBtp3tOig1j
5pKCCKE2ajJHZ9KAiaK11H,Rihanna,Music Of The Sun,1134423258,641547,4FyGpObwABjn0o8Tdp7AZz
3WrFJ7ztbogyGnTHbHJFl2,The Beatles,Revolver (Remastered),1132997916,419747,3PRoXYsngSwjEQWR5PsHWR
1bfl0AU8SqmLkElptOprhC,Jul,Soy Lo Que Quiero... Indispensable (Edición Especial),1132440241,758394,4kWF9XKqqLONgYtUQ4alvb
757aE44tKEUQEqRuT6GnEB,Roddy Ricch,Feed Tha Streets II,1132216360,266421,1jlIU9p7PChTK3AeqNpnsX
7MiDcPa6UiV3In7lIM71IN,Gusttavo Lima,Buteco in Boston (Ao Vivo),1131771253,165125,1AebCIKwFh7upRidnha8yo
7bXgB6jMjp9ATFy66eO08Z,Chris Brown,Fan of A Fan The Album (Expanded Edition),1131667725,386963,4neocSMt40stXKK2B8Sy2G
2HPaUgqeutzr3jx5a9WyDV,PARTYNEXTDOOR,PARTYMOBILE (Chopped Not Slopped),1131092362,305763,7954tDYraStpAFjS8SdPfo
1l7ZsJRRS8wlW3WfJfPfNS,Christina Aguilera,Is There Anybody Out There?,1130381903,203625,1yOcLa4euMk9sV7rRJ89Dl
2HPaUgqeutzr3jx5a9WyDV,PARTYNEXTDOOR,PARTYMOBILE,1128590549,303600,3XlxfDJEXSDdMFWh1hsg16
2HPaUgqeutzr3jx5a9WyDV,PARTYNEXTDOOR,PARTYMOBILE,1128590549,303600,7z20vHCSgu68lplj1Q976a
5ZS223C6JyBfXasXxrRqOk,Jhené Aiko,Chilombo,1128551842,327395,5jlE1zlhT3mEWw0mRpN920
43ZHCT0cAZBISjO8DG9PnE,Elvis Presley,Blue Hawaii,1126004550,565121,7xe8VI48TxUpU1IIo0RfGi
4Ga1P7PMIsmqEZqhYZQgDo,Lil Tecca,We Love You Tecca 2,1124889116,690521,7nTvm6EgmFWPLMLxj6aksS
4Z8W4fKeB5YxbusRsdQVPb,Radiohead,KID A MNESIA,1124195382,925504,6ofEQubaL265rIW6WnCU8y
4SsVbpTthjScTS7U2hmr1X,Arcángel,Sr. Santos,1122371441,388717,2AvuFDqTlnxvYhyVaLU6NY
40ZNYROS4zLfyyBSs2PGe2,Zach Bryan,Summertime Blues,1119187264,979690,2qPki6xBkJ1Mbra43t7hnA
40ZNYROS4zLfyyBSs2PGe2,Zach Bryan,Summertime Blues,1119187264,979690,5k7tvONUJjP2aTxI6BBCo0
5pKCCKE2ajJHZ9KAiaK11H,Rihanna,A Girl Like Me,1118616823,653463,2JdjS6jjOml7nt7Yjo0nnh
5pKCCKE2ajJHZ9KAiaK11H,Rihanna,A Girl Like Me,1118616823,653463,5pvFhFt1nzE8sCbm1wjNRv
3hcs9uc56yIGFCSy9leWe7,Lil Durk,7220,1116303156,502420,0vRN2oePynCSTspdY9NDsM
6vWDO969PvNqNYHIOW5v0m,Beyoncé,HOMECOMING: THE LIVE ALBUM,1116291431,264469,35S1JCj5paIfElT2GODl6x
4Ga1P7PMIsmqEZqhYZQgDo,Lil Tecca,TEC (Bonus),1115015281,1304175,0pVQ3KO4jjqdeWJUrrkkWp
2HPaUgqeutzr3jx5a9WyDV,PARTYNEXTDOOR,PARTYNEXTDOOR 3 (P3),1112451017,386251,2veXxRriGPw4fFBZQNNMfQ
2HPaUgqeutzr3jx5a9WyDV,PARTYNEXTDOOR,PARTYNEXTDOOR 3 (P3),1112451017,386251,7wuiHCscUN4WZV4jdLEFHt
0Y5tJX1MQlPlqiwlOH1tJY,Travis Scott,"Huncho Jack, Jack Huncho",1109642327,224093,6FED8aeieEnUWwQqAO9zT1
6oMuImdp5ZcFhWP0ESe6mG,Migos,Culture III (Deluxe),1109635952,451707,2actLFtpiiBZm1z0TUzMx2
63yrD80RY3RNEM2YDpUpO8,Melanie Martinez,PORTALS (Deluxe),1107853548,563972,6lbrHERXve89hrxuCpsJOg
43ZHCT0cAZBISjO8DG9PnE,Elvis Presley,The Best of The '68 Comeback Special (Live),1107643649,503809,1vaQwUom5fWnLNJDcabU01
3p7PcrEHaaKLJnPUGOtRlT,Henrique & Juliano,Novas Histórias (Ao Vivo),1106104149,752789,4pUsKJjeqLi99MZbRKD03U
3PhoLpVuITZKcymswpck5b,Elton John,Elton John,1104646371,426517,69P9Ro0W286yLFgYwrGVN0
3PhoLpVuITZKcymswpck5b,Elton John,Elton John,1104646371,426517,0C2grVR8DnJnL8rg7OP6Zm
3p7PcrEHaaKLJnPUGOtRlT,Henrique & Juliano,To Be (Ao Vivo Em Brasília),1104301512,701073,4KanzzLcDoiraz456AUvEl
77SW9BnxLY8rJ0RciFqkHh,The Neighbourhood,Chip Chrome & The Mono-Tones (Deluxe),1101565702,719044,2JyArayVlT6t3MVWLLdSwZ
738wLrAtLtCtFOLvQBXOXp,Major Lazer,Que Calor,1101555449,310707,2TGVp98ZbzdhCaqBN82jss
7Gi6gjaWy3DxyilpF1a8Is,Junior H,Cruisin' with Junior H,1099365282,683186,0HANqWtJABVpAWVrQzE2XM
0Q8NcsJwoCbZOHHW63su5S,Mora,ESTRELLA,1096907767,693327,0SoJvPHbKVhvmVJOp3kzp3
7wlFDEWiM5OoIAt8RSli8b,YoungBoy Never Broke Again,Top,1096722084,423136,6MbQdX6OomgQhZU6QCqMKW
1dfeR4HaWDbWqFHLkxsg1d,Queen,The Works,1095745474,456361,2YcZlfU3fVThUasW4hHI24
5ZS223C6JyBfXasXxrRqOk,Jhené Aiko,Sail Out,1094467686,688901,73TNMu44lT0m1h1Nn6Bfiq
0LcJLqbBmaGUft1e9Mm8HV,ABBA,Abba,1093950461,604701,1kM6xcSYO5ASJaWgygznL7
5YGY8feqx7naU7z4HrwZM6,Miley Cyrus,Late Night Feelings,1093132347,507766,6vdLdzihSWxV8FgWU2GSvA
3WGpXCj9YhhfX11TToZcXP,Troye Sivan,Something To Give Each Other,1092573196,931188,5UcGyEltve5psjxSRsHx8E
0EmeFodog0BfCgMzAIvKQp,Shakira,Shakira. (Expanded Edition),1091105107,515794,2gOSZzsO8EZJvtdmVOVtJE
1VPmR4DJC1PlOtd0IADAO0,$uicideboy$,My Liver Will Handle What My Heart Can't,1088611776,399496,2VrpzWjnsiELWKXOJAFhme
1bfl0AU8SqmLkElptOprhC,Jul,PRESENTE,1088595001,1301147,0JoUcdNtc8iAKHGFj7Ppf9
5Pwc4xIPtQLFEnJriah9YJ,OneRepublic,Oh My My (Deluxe),1088510965,223236,6p01JdkB7ry8iAf4IuC1Lv
2ye2Wgw4gimLv2eAKyk1NB,Metallica,"Garage, Inc.",1088396609,488722,5b7HQ04lPT7eGJQ7fmVsjC
6oMuImdp5ZcFhWP0ESe6mG,Migos,Culture III,1087488614,442608,3uyOwJu4r3yroAkFywNFM3
13y7CgLHjMVRMDqxdx0Xdo,Gucci Mane,Mr. Davis,1086649934,170670,2aTOwGU66ocsf8IQpOI0XZ
1KCSPY1glIKqW2TotWuXOR,P!nk,Hurts 2B Human,1086107903,155109,0hgt3tZlHEGukN56ueTGcL
1KCSPY1glIKqW2TotWuXOR,P!nk,Hurts 2B Human,1086107903,155109,6JKkXVEljQJ1wKbRG5MywC
3tlXnStJ1fFhdScmQeLpuG,Brent Faiyaz,Larger Than Life,1085520779,1418843,26rTTXIEtEeSTan28AiLaV
1VPmR4DJC1PlOtd0IADAO0,$uicideboy$,"Sing Me a Lullaby, My Sweet Temptation",1085304960,889807,3elJRIffdqvypuxoDND2Q3
7iK8PXO48WeuP03g8YR51W,Myke Towers,LA PANTERA NEGRA (DELUXE),1084047395,1802954,3pkIK8SI5mcUUjb9jNjx4H
2LRoIwlKmHjgvigdNGBHNo,Feid,INTER SHIBUYA - LA MAFIA,1082934950,560554,4hUQ4FB9GD5oDmw3XHIr0G
0hCNtLu0JehylgoiP8L4Gh,Nicki Minaj,Pink Friday,1082758770,461456,3LJhoYn4nnHmvPRO3ppbsl
1l7ZsJRRS8wlW3WfJfPfNS,Christina Aguilera,Stripped - 20th Anniversary Edition,1082636831,336183,7lCwZB97kT2240mSxZQjaw
3WrFJ7ztbogyGnTHbHJFl2,The Beatles,Magical Mystery Tour (Remastered),1081197239,385124,2BtE7qm1qzM80p9vLSiXkj
1yR65psqiazQpeM79CcGh8,Marília Mendonça,Realidade - Ao Vivo Em Manaus,1080898855,370102,5EOY7EuE83D9oSeT9eR9ry
5Pwc4xIPtQLFEnJriah9YJ,OneRepublic,Oh My My,1079926077,221786,30Ni9qg2MBeeZXybsMOQ7m
0XwVARXT135rw8lyw1EeWP,Christian Nodal,Forajido EP 1,1078725840,471255,7I8Jkv7b1hFt0Pc1eePHTR
1l7ZsJRRS8wlW3WfJfPfNS,Christina Aguilera,Stripped,1078491214,334922,0uzoKrr1YgLd6yhNQEmu9f
1l7ZsJRRS8wlW3WfJfPfNS,Christina Aguilera,Stripped,1078491214,334922,2USigX9DhGuAini71XZEEK
5fMUXHkw8R8eOP2RNVYEZX,Diplo,Music Is The Weapon (Reloaded),1077354479,265532,3xvUlOBBbOf1Y1O0OT1Qcu
5fMUXHkw8R8eOP2RNVYEZX,Diplo,Music Is The Weapon (Reloaded),1077354479,265532,76zSNlOGCAxTln5yG4pfih
137W8MRPWKqSmrBGDBFSop,Wiz Khalifa,Rolling Papers 2,1071457247,128602,0YFou4SbS16F4GhSADLDfz
6JL8zeS1NmiOftqZTRgdTz,Meghan Trainor,Takin' It Back,1071180517,383967,4LVa9bljQRvLYpWr8qyaXs
15UsOTVnJzReFVN1VCnxy4,XXXTENTACION,"XXXTENTACION Presents: Members Only, Vol. 3",1069316824,187078,7ifkO4gppMVf0HNy7JJDHn
6fOMl44jA4Sp5b9PpYCkzz,NF,Mansion,1068660984,269642,3Qq4kVfHPrs8xPKIYKmctl
43ZHCT0cAZBISjO8DG9PnE,Elvis Presley,Elvis 2nd To None,1068263546,450679,0p8PgHjOZJ6MrbHUXQ8ENM
0vR2qb8m9WHeZ5ByCbimq2,Reik,Reik,1067868257,820484,2X17BMIMWhZDWHL0UR1LBS
3xvaSlT4xsyk6lY1ESOspO,Disney,The Little Mermaid Special Edition,1064592142,371332,4aAwvCRNJIqiUGVEjieWv6
2IMZYfNi21MGqxopj9fWx8,Rels B,Flakk Daniel's Lp,1064087232,497281,3Bzyfh9ZBRx6lnniuOuMvX
4YRxDV8wJFPHPTeXepOstw,Arijit Singh,Arijit Singh - Ultimate Love Songs,1063965391,932317,252YtNVYFu7GlS6DQ3HUZ1
0eHQ9o50hj6ZDNBt6Ys1sD,Yandel,Resistencia,1059297522,274792,5xefnzEqKIWnmTWYFzekGZ
0hEurMDQu99nJRq8pTxO14,John Mayer,Room For Squares,1059212125,272656,3yHOaiXecTJVUdn7mApZ48
3Nrfpe0tUJi4K4DXYWgMUX,BTS,Skool Luv Affair (Special Addition),1056026952,413517,0pX41mddl0CZXxpxkQ7347
4VMYDCV2IEDYJArk749S6m,Daddy Yankee,Épico,1055207399,317415,46xbsFOp9g1WqTidQEs7YT
1VPmR4DJC1PlOtd0IADAO0,$uicideboy$,Long Term Effects of SUFFERING,1054126703,587417,3dgsCZMswt6TWbsKcMgoO2
0A0FS04o6zMoto8OKPsDwY,YG,My Krazy Life (Deluxe),1053324756,258690,3EqODYPkWXDfEZnXKwqf8P
6olE6TJLqED3rqDCT0FyPh,Nirvana,Bleach (Deluxe Edition),1053141027,632596,0CqchZDaOxckvjnKKfJh1w
1zNqDE7qDGCsyzJwohVaoX,Anne-Marie,SUPER UNHEALTHY (VOICENOTE EDITION),1052555713,569245,1Rg5nINY7UhvXIYjyuaFmZ
2nszmSgqreHSdJA3zWPyrW,Luis Miguel,Segundo Romance,1051110858,558823,2e6Hp6xaTbUDVzcGLNTHm0
4DdkRBBYG6Yk9Ka8tdJ9BW,Offset,FATHER OF 4,1047518523,215666,6bPpXqJRpjwy0hLyUGtzYc
5lwmRuXgjX8xIwlnauTZIP,Romeo Santos,"Fórmula, Vol. 3",1046894434,594921,3kGn13mW34Ookfj6yiY8BF
6icQOAFXDZKsumw3YXyusw,Lil Yachty,Lil Boat 3.5,1045910107,646120,6ufaA5YvSGK3E9KnRFYvvo
4YRxDV8wJFPHPTeXepOstw,Arijit Singh,Love Wali Feeling: Valentine Special,1044029876,924672,5496jkVOCMdOCej9uCmoYV
3p7PcrEHaaKLJnPUGOtRlT,Henrique & Juliano,Menos É Mais (Ao Vivo),1037780054,662239,6iGvvnauoKKjkutnB2b7lB
4YRxDV8wJFPHPTeXepOstw,Arijit Singh,Groove With Arijit Singh,1035663762,1063538,7kSY0fqrPep5vcwOb1juye
4YRxDV8wJFPHPTeXepOstw,Arijit Singh,Arijit Singh - Sad Love Songs,1033208462,902107,7nwUTtRTuz7ZvJAIJRkF9p
2FXC3k01G6Gw61bmprjgqS,Hozier,From Eden EP,1033139253,796166,0FubRTC6GUFPUg4y2Xuxs0
0elWFr7TW8piilVRYJUe4P,Natanael Cano,A Mis 20,1031331019,828494,4TATXEH2tnZVTqlyURoWUR
22bE4uQ6baNwSHPVcDxLCe,The Rolling Stones,Let It Bleed,1029790944,392769,4l4u9e9jSbotSXNjYfOugy
2R21vXR83lH98kGeO99Y66,Anuel AA,LLNM2,1028349188,619632,6DJslQtfD7mGFGZpfiyrVf
7n2Ycct7Beij7Dj7meI4X0,TWICE,Formula of Love: O+T=<3,1026399453,297534,5052Ip89wdW8EGdpjEpNeq
6VuMaDnrHyPL1p4EHjYLi7,Charlie Puth,Some Type of Love,1022701407,215126,5t4A7Loq1pKRFlkBOs1O2O
1wRPtKGflJrBx9BmLsSwlU,Pritam,Best of Romance: Atif Aslam & Pritam,1022058681,1090370,3vDIjYB1eatEoGlVoZWUFs
2hlmm7s2ICUX0LVIhVFlZQ,Gunna,Drip or Drown 2,1021822780,368619,1oUzjom2A9xtyRM1SdOAGj
51Blml2LZPmy7TTiAg47vQ,U2,All That You Can't Leave Behind,1021607195,400144,7gskILm9UyDvFlmmAoqn2g
6olE6TJLqED3rqDCT0FyPh,Nirvana,Bleach,1020127721,625796,1KVGLuPtrMrLlyy4Je6df7
2R21vXR83lH98kGeO99Y66,Anuel AA,Las Leyendas Nunca Mueren,1015257857,541120,4MTtBjQEt7i752hISXjKqA
51Blml2LZPmy7TTiAg47vQ,U2,Achtung Baby (30th Anniversary Edition),1014058478,363605,4YW8huyK8igJHvCJFLjuYT
3DiDSECUqqY1AuBP8qtaIa,Alicia Keys,No One - EP,1013269072,559473,0sZmgYFY0qhrQQeOcmXO6b
0EmeFodog0BfCgMzAIvKQp,Shakira,Shakira. (Expanded Edition) [Spanish Version],1012696948,505697,5meb7aKE722LA66ssBhvfM
6nVcHLIgY5pE2YCl8ubca1,JHAYCO,Le Clique: Vida Rockstar (X),1011930339,886909,67JIMv9vCB2ukBdEbtUmUG
3WrFJ7ztbogyGnTHbHJFl2,The Beatles,A Hard Day's Night (Remastered),1010919525,510359,6wCttLq0ADzkPgtRnUihLV
6wWVKhxIU2cEi0K81v7HvP,Rammstein,Remixes,1010059891,752840,0KpFFHOKe1rz9V7KVO2T2X
51Blml2LZPmy7TTiAg47vQ,U2,Achtung Baby (Deluxe Edition),1007619867,360830,0ta5VdkJcpdVnNrn7g4cZe
0pePYDrJGk8gqMRbXrLJC8,Luis R Conriquez,"Corridos Bélicos, Vol. IV (Versión Deluxe)",1003696864,1164872,67BJDrtPa43KdZ8fAFrCP8
0eDvMgVFoNV3TpwtrVCoTj,Pop Smoke,Faith,1000994919,281065,2MlT9dGKoGH2hsfcz7UUXL
3WrFJ7ztbogyGnTHbHJFl2,The Beatles,Sgt. Pepper's Lonely Hearts Club Band (Remastered),999453213,300475,6QaVfG1pHYl1z15ZxkvVDW
1bAftSH8umNcGZ0uyV7LMg,Duki,Temporada de Reggaetón 2,999065451,484444,6anO6Uh11TivGpTI56aKCH
2nszmSgqreHSdJA3zWPyrW,Luis Miguel,Aries,997943185,464764,6UFAOiLDzOOt75eJhrhFNC
3Nrfpe0tUJi4K4DXYWgMUX,BTS,Skool Luv Affair,996661808,394091,5r35iS0uSSoQBKzQj0IeI3
1Mxqyy3pSjf8kZZL4QVxS0,Frank Sinatra,Ultimate Christmas,995658919,17076,1gCLWt3kXk5kNTZdsx6P8a
3xvaSlT4xsyk6lY1ESOspO,Disney,High School Musical 2 (Original Soundtrack),995455029,476039,04Xde0FJSo4LVQ1GE36t49
63yrD80RY3RNEM2YDpUpO8,Melanie Martinez,PORTALS,994755153,499899,3XxoKjcWSl4uGplV1kiKAp
63yrD80RY3RNEM2YDpUpO8,Melanie Martinez,PORTALS,994755153,499899,4kI7ZZF6CgDGFTjZNFwXYG
4Ga1P7PMIsmqEZqhYZQgDo,Lil Tecca,TEC,992777949,1143476,4EURMuWFiLLRmQYoH5cgiE
1SupJlEpv7RS2tPNRaHViT,Nicky Jam,"Greatest Hits, Vol. 1",991379418,377629,7rt2dbBRJHa5FRvApw6Vrz
1vyhD5VmyZ7KMfW5gqLgo5,J Balvin,La Familia,990227135,420862,0eaYHx42IseJf6jfxKi2Nr
1vyhD5VmyZ7KMfW5gqLgo5,J Balvin,La Familia,990227135,420862,5Fqdd85mAoGDp0K9lmbPDp
4Ga1P7PMIsmqEZqhYZQgDo,Lil Tecca,Virgo World,990156149,439424,389zGArsMlwuPorS4Cw7IX
487N2T9nIPEHrlTZLL3SQs,Zé Neto & Cristiano,Por Mais Beijos Ao Vivo,990128137,121731,1Yg3QTRv9IGAWeJQb7q8bT
1Xylc3o4UrD53lo9CvFvVg,Zara Larsson,Poster Girl (Summer Edition),989809159,148812,5jB0uErLmgkzvmH5h1zour
1Xylc3o4UrD53lo9CvFvVg,Zara Larsson,Poster Girl (Summer Edition),989809159,148812,0E6Bt7I9gHxC6j8UmaCXTh
1DxLCyH42yaHKGK3cl5bvG,Maria Becerra,LA NENA DE ARGENTINA,989307134,300361,3iYC1GqtQVjnO63aYDs1nL
1DxLCyH42yaHKGK3cl5bvG,Maria Becerra,LA NENA DE ARGENTINA,989307134,300361,55onwkSIEu5gEXdiJ6ssFG
2feDdbD5araYcm6JhFHHw7,Labrinth,EUPHORIA SEASON 2 OFFICIAL SCORE (FROM THE HBO ORIGINAL SERIES),989022776,468132,43tSLc6ZxW8TTRLrBO0SU1
2nszmSgqreHSdJA3zWPyrW,Luis Miguel,Mexico en la Piel (edicion diamante),987971665,482880,41VfVz6sKvbm1yCbqAlwfM
757aE44tKEUQEqRuT6GnEB,Roddy Ricch,Perfect Ten,978799521,210975,2WrNHOba5u6P9S9xEboaUy
1VPmR4DJC1PlOtd0IADAO0,$uicideboy$,I Want to Die In New Orleans,978588946,349599,2ivOxIKDHxEo6WMD9m3ytn
1RyvyyTE3xzB2ZywiAwp0i,Future,Pluto x Baby Pluto (Deluxe),978336673,289734,3aITAVBURujVe8fhI2seeR
6Te49r3A6f5BiIgBRxH7FH,Ninho,M.I.L.S 3 (Réédition),977263566,394615,551pGp1sw4FNItesRbVVzF
31TPClRtHm23RisEBtV3X7,Justin Timberlake,Man of the Woods,974913856,145158,01l3jTY261V3CESZR4dABz
1wRPtKGflJrBx9BmLsSwlU,Pritam,Brahmastra (Original Motion Picture Soundtrack),974616518,449180,4kIPlpwEZBK9JaI9pZHe79
7MiDcPa6UiV3In7lIM71IN,Gusttavo Lima,Paraíso Particular (Ao Vivo),974316197,320337,2LweFzHQTdOl0LSqwOS5uM
3YQKmKGau1PzlVlkL1iodx,Twenty One Pilots,Twenty One Pilots,972914812,234581,6rgWZP4QFBjEFF0n6JWEOa
6wWVKhxIU2cEi0K81v7HvP,Rammstein,"Reise, Reise",969891280,463366,09qHS2BgOLqi3SMkbauxdJ
6tbjWDEIzxoDsBA1FuhfPW,Madonna,Like a Virgin,969004778,447357,2IU9ftOgyRL2caQGWK1jjX
57LYzLEk2LcFghVwuWbcuS,Summer Walker,Still Over It,968796190,489614,4lPqFAvgmG97pxyxQsyCQx
7bXgB6jMjp9ATFy66eO08Z,Chris Brown,Slime & B,968595806,268564,7fZKtzZAsfH0kzeTivu5TG
6fOMl44jA4Sp5b9PpYCkzz,NF,CLOUDS (THE MIXTAPE),968167654,316015,7eQGtkzCgrIWDOe76E9F8t
4gzpq5DPGxSnKTe4SA8HAU,Coldplay,Everyday Life,967952490,251347,2FeyIYDDAQqcOJKOKhvHdr
77ziqFxp5gaInVrF2lj4ht,Sech,42,966588351,149468,3tRrovXWGrSfBU3MYHqsVJ
77ziqFxp5gaInVrF2lj4ht,Sech,42,966588351,149468,1q93Q9Xc7WIcJLNBgOIPBQ
0ys2OFYzWYB5hRDLCsBqxt,Fuerza Regida,ONDEADO$,964311414,898175,44U3Xm9U4Krj0Iv5w7kuTK
2FXC3k01G6Gw61bmprjgqS,Hozier,Unreal Unearth,963333114,808711,3gF9KIynrJaC80HbVayPMx
2EMAnMvWE2eb56ToJVfCWs,Bryson Tiller,A N N I V E R S A R Y (Deluxe),959939668,788999,272GPDEjWzJtyZfHDWFXBy
0C0XlULifJtAgn6ZNCW2eu,The Killers,Day & Age (Bonus Tracks),959339344,359745,0Ug5scDXUIgGN8yanDBLQw
7Gi6gjaWy3DxyilpF1a8Is,Junior H,Corridos Tumbados,958696530,590089,0Pr7tJefVMQCh8hy1n8OLr
5eAWCfyUhZtHHtBdNk56l1,System Of A Down,System Of A Down,958670248,614024,3sSfjX4fhZonjyZ10x0l0f
43ZHCT0cAZBISjO8DG9PnE,Elvis Presley,Elvis' Christmas Album,957771429,18153,6zk4RKl6JFlgLCV4Z7DQ7N
2qxJFvFYMEDqd7ui6kSAcq,Zedd,Clarity,956443477,400047,7juWTdmjo0vYywWu8HiQxs
1U1el3k54VvEUzo3ybLPlM,Kali Uchis,ORQUÍDEAS PARTE 2 (Deluxe),956310229,888639,1quQQFsx3AcBBotzj9UXfS
6TIYQ3jFPwQSRmorSezPxX,mgk,mainstream sellout,955878089,363521,3sKZHtQoq3tPtkXbT8PJAc
0eHQ9o50hj6ZDNBt6Ys1sD,Yandel,#Update,955794194,309039,3tAW0n99Uq2IlvzBsW3tQq
6fOMl44jA4Sp5b9PpYCkzz,NF,HOPE,955078390,829746,6zaisPwfcIAfdUGPj3mmGY
3xvaSlT4xsyk6lY1ESOspO,Disney,High School Musical,954695288,439174,4dOvFkIgrb6b9zCcGfCcci
1Mxqyy3pSjf8kZZL4QVxS0,Frank Sinatra,Christmas Songs by Sinatra,950771225,11965,4XbPmVHP7EYBMoE7ZVjKCU
6LqNN22kT3074XbTVUrhzX,Kesha,Rainbow,950626586,139789,1iSTXHBhLc9ImaqyvVZGft
6LqNN22kT3074XbTVUrhzX,Kesha,Rainbow,950626586,139789,2xmo9cWkkVSc5ToSl58qzE
6LqNN22kT3074XbTVUrhzX,Kesha,Rainbow,950626586,139789,1IYVB8NfiRqhdZlTxjspNh
0hEurMDQu99nJRq8pTxO14,John Mayer,Battle Studies,950399785,207214,1V5vQRMWTNGmqwxY8jMVou
0c173mlxpT3dSFRgMO8XPh,Big Sean,Detroit 2 (Deluxe),950282871,120627,5iJvtKGTQRIo2KL42xS7JX
04gDigrS5kc9YWfZHwBETP,Maroon 5,It Won't Be Soon Before Long. (MTV Bonus Version),950098758,638665,2FNYaSxnB6sLUtbDhRY0eU
04gDigrS5kc9YWfZHwBETP,Maroon 5,It Won't Be Soon Before Long.,949866077,638596,29hJ8AFYZU98OzenrMr6iU
3b8QkneNDz4JHKKKlLgYZg,Florida Georgia Line,Can't Say I Ain't Country,946884969,148121,64nhe9s692yKECAoMcEQ8U
1bfl0AU8SqmLkElptOprhC,Jul,El Aferrado,946856587,649603,50JOxUvIxX7M3glXWM2Ubi
6LqNN22kT3074XbTVUrhzX,Kesha,Cannibal (Expanded Edition),946290716,682961,0pGumY11G8OGH05ti6jh23
1wZtkThiXbVNtj6hee6dz9,Wisin,Los Extraterrestres - Otra Dimension,945603843,838066,6cM4MzyjtE9hJqOEFOjlTL
3e7awlrlDSwF3iM0WBjGMp,Little Mix,Confetti (Expanded Edition),945242295,121605,0KDISpxSUWynoaqwEaEeX8
3PhoLpVuITZKcymswpck5b,Elton John,Rock Of The Westies,944858942,478527,4ObsEU7mIXbo2n9A31yfds
2C6i0I5RiGzDKN9IAF8reh,Banda MS de Sergio Lizárraga,Con Todas Las Fuerzas,944709496,408408,265Gtj6TCk9UcWpyE2LDeM
1l7ZsJRRS8wlW3WfJfPfNS,Christina Aguilera,Christina Aguilera (Expanded Edition),944472898,616947,6fpPZS13ImRVpr7Tqs6yP9
0A0FS04o6zMoto8OKPsDwY,YG,My Krazy Life,943983132,232063,6HzHon4QSFPGPFIjjlZN0n
1mYsTxnqsietFxj1OgoGbG,A.R. Rahman,Best of A.R. Rahman (Tamil),942526993,809139,4ecrmvaAeV5JxU0JUJhTFU
7jy3rLJdDQY21OgRLCZ9sD,Foo Fighters,In Your Honor,941820795,296389,2eprpJCYbCbPZRKVGIEJxZ
1Xylc3o4UrD53lo9CvFvVg,Zara Larsson,Poster Girl,941586063,142398,79y7DSLFQH3907u4ysOMGr
1Xylc3o4UrD53lo9CvFvVg,Zara Larsson,Poster Girl,941586063,142398,6hp2216exPe2qBLST3gpD8
2qxJFvFYMEDqd7ui6kSAcq,Zedd,True Colors,941327142,262251,4jKdXIJckKh7la6xHuKwRT
2qxJFvFYMEDqd7ui6kSAcq,Zedd,True Colors,941327142,262251,6eO9acZ2wp9WkhVzOHrvgJ
23zg3TcAtWQy7J6upgbUnj,USHER,8701,939852478,457287,6k16WXh4rKyusIoN00rmpi
1U1el3k54VvEUzo3ybLPlM,Kali Uchis,ORQUÍDEAS,938255045,844640,5U20AVSsUvycGtWip4XQfo
699OTQXzgjhIYAHMy9RyPD,Playboi Carti,MUSIC - SORRY 4 DA WAIT,937927860,13723768,7sFZGbkCitoqQz7Rt3LoKg
1Mxqyy3pSjf8kZZL4QVxS0,Frank Sinatra,The Classic Christmas Album,936193735,12915,2B9FcHKqz3PWJlh0yGnmM7
1Mxqyy3pSjf8kZZL4QVxS0,Frank Sinatra,The Classic Christmas Album,936193735,12915,3Jxbxc50mckc4xrw2dg4yD
45dkTj5sMRSjrmBSBeiHym,Tate McRae,all the things i never said,931857689,375281,1fK6nUQDMeIciyfhAADix8
22bE4uQ6baNwSHPVcDxLCe,The Rolling Stones,Sticky Fingers (Super Deluxe),931650859,360437,0ucOpNNckY0op5B1yfW6pv
22bE4uQ6baNwSHPVcDxLCe,The Rolling Stones,Out Of Our Heads,931382277,310307,2Q5MwpTmtjscaS34mJFXQQ
2jku7tDXc6XoB6MO2hFuqg,Tory Lanez,LoVE me NOw (ReLoAdeD),930671780,82119,0RK6vpJWuCZpNWNdRJ8rpY
22bE4uQ6baNwSHPVcDxLCe,The Rolling Stones,Tattoo You (Super Deluxe),927288332,346426,3RWlnnrGMHsNWrgRXPUESk
5fMUXHkw8R8eOP2RNVYEZX,Diplo,Music is the Weapon,927286913,242967,0xJyM0DFwty067hIBH5fql
738wLrAtLtCtFOLvQBXOXp,Major Lazer,Know No Better,926422256,157675,4PJtsH62RuojHmS3VCAHXx
4npEfmQ6YuiwW1GpUmaq3F,Ava Max,DRIVE,925652135,296511,1Pl9ZGXwayXPg5qRVpYo74
2nszmSgqreHSdJA3zWPyrW,Luis Miguel,20 Años,922494485,588926,3D9NENGfg4DFmYJrEaxRHd
0X2BH1fck6amBIoJhDVmmJ,Ellie Goulding,Lights,922394173,223138,4oVG376KpWeBaxrKqRxVri
0X2BH1fck6amBIoJhDVmmJ,Ellie Goulding,Lights,922394173,223138,3duZhvcaoqdNveQYXf9dMV
3PhoLpVuITZKcymswpck5b,Elton John,Madman Across The Water (Deluxe Edition),920472638,355926,0N5UdJXj3N2Bjg5KnPAVHQ
22bE4uQ6baNwSHPVcDxLCe,The Rolling Stones,Tattoo You (2009 Re-Mastered),920355909,343950,15XNBzVWARPMlu0sEbfBjJ
0ys2OFYzWYB5hRDLCsBqxt,Fuerza Regida,Sigan Hablando,917301905,452669,7JH7pr10sJV9caUhk3ORyK
04gDigrS5kc9YWfZHwBETP,Maroon 5,Hands All Over (Deluxe Asia Tour Edition),917230178,290713,4aqbZrtqu8FYFqMB9BIdH0
716NhGYqD1jl2wI1Qkgq36,Bizarrap,en dormir sin Madrid (deluxe),917155076,706837,3piykagMJ5e31JG7wRVr7H
5he5w2lnU9x7JFhnwcekXX,Skrillex,Bangarang EP,916593169,310801,5XJ2NeBxZP3HFM8VoBQEUe
2dIgFjalVxs4ThymZ67YCE,Stray Kids,GO LIVE,915359321,461157,6DWLIzvmiLPAuDWYZqrLQo
7hJcb9fa4alzcOq3EaNPoG,Snoop Dogg,R&G (Rhythm & Gangsta): The Masterpiece,914944429,451001,797fkvAtk0iZvP1HHPCWbp
5f7VJjfbwm532GiveGC0ZK,Lil Baby,Quality Control: Control The Streets Volume 2,913810252,393595,59zpaLOByFkJhc9D5Xqna9
23fqKkggKUBHNkbKtXEls4,Kygo,Thrill Of The Chase,913610725,293093,2lVpgsdtPiXE01gL5mApyn
00FQb4jTyendYWaN8pK0wa,Lana Del Rey,Blue Banisters,912833677,695363,2wwCc6fcyhp1tfY3J6Javr
50co4Is1HCEo8bhOyUWKpn,Young Thug,Slime Language 2 (Deluxe),912611665,624345,3XADnbi4uhYXb7RuSJ7bre
3PhoLpVuITZKcymswpck5b,Elton John,Madman Across The Water,911680633,352996,2OZbaW9tgO62ndm375lFZr
181bsRPaVXVlUKXrxwZfHK,Megan Thee Stallion,MEGAN: ACT II,911285027,1119615,7KYpVsgw7yqbfmGBp9gYiR
3hcs9uc56yIGFCSy9leWe7,Lil Durk,Just Cause Y'all Waited 2 (Deluxe),910280740,374592,6SaN9NlFIy4VwdkzXc1yRM
3b8QkneNDz4JHKKKlLgYZg,Florida Georgia Line,Anything Goes,909374212,162771,5NG7WZaCZZ12M5LJm0JcVc
4xRYI6VqpkE3UwrDrAZL8L,Logic,Under Pressure,909148488,115142,0SOLkSaVUtFeZsJFwvt2TG
0C8ZW7ezQVs4URX5aX7Kqx,Selena Gomez,Stars Dance (Bonus Track Version),908623136,296830,3cGKAHAUhAaTTezK4GbBhQ
7jy3rLJdDQY21OgRLCZ9sD,Foo Fighters,There Is Nothing Left To Lose,908518206,320555,28q2N44ocJECgf8sbHEDfY
5fMUXHkw8R8eOP2RNVYEZX,Diplo,Diplo (Deluxe),908283532,303987,6zPSpPHyyOkbT8zDy7Kzl7
5fMUXHkw8R8eOP2RNVYEZX,Diplo,Diplo (Deluxe),908283532,303987,4gXZ4d4AnrDNcKFt3KI4uy
3Nrfpe0tUJi4K4DXYWgMUX,BTS,Dark & Wild,908133164,347149,35voVqYGkotyJ945O9egDY
2QsynagSdAqZj3U9HgDzjD,Bob Marley & The Wailers,Songs Of Freedom Rarities,907938158,491590,6GGOPGtT3AQMCgeHh5hPMA
1elUiq4X7pxej6FRlrEzjM,Jorge & Mateus,Tudo Em Paz,906795632,151559,57h6WHDjwNGIs5NMeKYEoL
21451j1KhjAiaYKflxBjr1,Zion & Lennox,Motivando a la Yal,906769986,463710,2aItcV9jj0LvaluaDFTLqF
5YGY8feqx7naU7z4HrwZM6,Miley Cyrus,SHE IS COMING,906094267,164345,45wbw92Z6V8G8iPKFzSEPN
1wZtkThiXbVNtj6hee6dz9,Wisin,"Los Campeones del Pueblo ""The Big Leagues""",905878981,118296,4zbMionGv9W33xjQfoMyuo
7Gi6gjaWy3DxyilpF1a8Is,Junior H,Atrapado en un Sueño (Deluxe),903918101,1055012,5q0D5AMiTxMKNN37ZKRWGo
1wZtkThiXbVNtj6hee6dz9,Wisin,La Revolucion (Deluxe),903125636,867887,7zTlfidBmhUVtUmLSKk7WF
1KCSPY1glIKqW2TotWuXOR,P!nk,TRUSTFALL (Tour Deluxe Edition),901858988,509039,4hgincUyDza4A228fFQRiK
1KCSPY1glIKqW2TotWuXOR,P!nk,TRUSTFALL (Tour Deluxe Edition),901858988,509039,3rYB02CvfMqjKeXaqCRBK6
0oSGxfWSnnOXhD2fKuz2Gy,David Bowie,Who Can I Be Now? [1974 - 1976],901806420,243904,70WwEIDaiRPiZWzJBcqKO9
40ZNYROS4zLfyyBSs2PGe2,Zach Bryan,DeAnn,901720709,443556,0npZ1Ryg8HaFGeb2HKYQIz
7MiDcPa6UiV3In7lIM71IN,Gusttavo Lima,O Embaixador (Ao Vivo),901497548,204194,37nwqMqf3kqIsssO30l8MG
360IAlyVv4PCEVjgyMZrxK,Miguel,Kaleidoscope Dream (Deluxe Version),901417075,429570,4Rvzx3X6hcDb7nty1IzVP4
5f7VJjfbwm532GiveGC0ZK,Lil Baby,The Voice of the Heroes,901222335,418281,6CvBb1XqN0igtQrWrbXD80
181bsRPaVXVlUKXrxwZfHK,Megan Thee Stallion,Traumazine,898998723,358861,4YP0h2KGDb20eJuStnBvim
1yR65psqiazQpeM79CcGh8,Marília Mendonça,Decretos Reais,898559355,226959,6ncYffPA8uomCY8DJ0EXL9
1uNFoZAHBGtllmzznpCI3s,Justin Bieber,Never Say Never - The Remixes,897192815,621569,0wZJCeyfJ0LVrrtH4CwQYw
699OTQXzgjhIYAHMy9RyPD,Playboi Carti,MUSIC,896786531,12452915,0fSfkmx0tdPqFYkJuNX74a
699OTQXzgjhIYAHMy9RyPD,Playboi Carti,MUSIC,896786531,12452915,1V342k6sinWc4y4R2iReOu
7ltDVBr6mKbRvohxheJ9h1,ROSALÍA,El Mal Querer,895658581,201784,355bjCHzRJztCzaG5Za4gq
4xRYI6VqpkE3UwrDrAZL8L,Logic,The Incredible True Story,893071565,90769,5dOpbgAmJeyoakKQ0QLWkR
00FQb4jTyendYWaN8pK0wa,Lana Del Rey,Chemtrails Over The Country Club,890935789,711097,6QeosPQpJckkW0Obir5RT8
4YRxDV8wJFPHPTeXepOstw,Arijit Singh,Aashiqui 2,890640785,1133995,0Rkv5iqjF2uenfL0OVB8hg
5Rl15oVamLq7FbSb0NNBNy,5 Seconds of Summer,Sounds Good Feels Good (Deluxe),889827467,166989,43v9cUsP5K0hvu9iyuAzmZ
5pKCCKE2ajJHZ9KAiaK11H,Rihanna,Good Girl Gone Bad: The Remixes,889101699,376604,6nT2WJS6WHH86XRgkSK8yC
6icQOAFXDZKsumw3YXyusw,Lil Yachty,Big Baby DRAM (Deluxe Version),887882922,123641,2NTDsRS6J2OF8qZwHWQjFV
3DiDSECUqqY1AuBP8qtaIa,Alicia Keys,The Element Of Freedom,886789352,260646,0Rxab8t0y7GlaTJTHX2wEN
0ys2OFYzWYB5hRDLCsBqxt,Fuerza Regida,Dolido Pero No Arrepentido,885773332,1385228,5WPTc1Xa8REVDQ5YazhNgv
3YQKmKGau1PzlVlkL1iodx,Twenty One Pilots,Scaled And Icy,885326208,434148,0Q5XBpCYFgUWiG9DUWyAmJ
6JL8zeS1NmiOftqZTRgdTz,Meghan Trainor,Made You Look (Again),884702862,291089,6sZEjTe5QQeamWTuTpMjNu
0X2BH1fck6amBIoJhDVmmJ,Ellie Goulding,Songbook for Christmas,883860407,167110,4SYLAjm7ilcIHfMuyBueb8
28gNT5KBp7IjEOQoevXf9N,Camilo,De Adentro Pa Afuera (Deluxe Edition),883719918,328069,33CW5fr7A0nTN5prOTyScI
3xvaSlT4xsyk6lY1ESOspO,Disney,Hercules (Original Motion Picture Soundtrack),883441531,347559,1wbY6VUchNsZLaDi22eD3J
26dSoYclwsYLMAKD3tpOr4,Britney Spears,Femme Fatale (Deluxe Version),882284476,480572,0oFBaXLFsUVa2gEmJf4FcJ
0jnsk9HBra6NMjO2oANoPY,Flo Rida,Only One Flo (Part 1),882090157,671233,1TwNATuAqnNjTd5BSvFZlS
0X2BH1fck6amBIoJhDVmmJ,Ellie Goulding,Lights 10,881144788,210530,27XBXCuJ2Q3t7RlTXFIZu1
7MiDcPa6UiV3In7lIM71IN,Gusttavo Lima,O Embaixador in Cariri (Ao Vivo),880832104,63492,17jzAujoXwIF60ojew1yHU
22bE4uQ6baNwSHPVcDxLCe,The Rolling Stones,Some Girls (Deluxe Version),880528446,488154,6FjXxl9VLURGuubdXUn2J3
0VRj0yCOv2FXJNP47XQnx5,Quavo,QUAVO HUNCHO,879793670,90233,2DjfazR5N3TgXBQ7oVALA1
7bXgB6jMjp9ATFy66eO08Z,Chris Brown,Royalty (Deluxe Version),879203798,250545,0VWmEVuQ8tA5iA3cCTrgxa
2jku7tDXc6XoB6MO2hFuqg,Tory Lanez,The New Toronto 3,878586677,257996,2TbrXjwWklhT7JrC5sdUkf
2LIk90788K0zvyj2JJVwkJ,Jack Harlow,3D : The Remixes,878426349,1162690,0fJ0beklzFwoBv01U8792s
0X2BH1fck6amBIoJhDVmmJ,Ellie Goulding,Bright Lights (Lights Re-pack / Bonus Version),875403155,209871,64Pv36CiG9rBcyvKnud02V
6FBDaR13swtiWwGhX1WQsP,blink-182,California (Deluxe Edition),875367521,176833,0fmq1b2T3bjRyTsigDWUP6
2kCcBybjl3SAtIcwdWpUe3,Lil Peep,LIVE FOREVER,875197548,857819,4hiArqU343m8BUT0lymyLO
2kCcBybjl3SAtIcwdWpUe3,Lil Peep,LIVE FOREVER,875197548,857819,34Rfryw69aC39DScJPubpT
1elUiq4X7pxej6FRlrEzjM,Jorge & Mateus,Terra Sem Cep (Ao Vivo),874601249,164679,7uhBra7AiFJm6Nd6YGpqGp
4LLpKhyESsyAXpc4laK94U,Mac Miller,Best Day Ever (5th Anniversary Remastered Edition),874150955,220615,0YA7XxxfkaGwecj3liSTvj
22bE4uQ6baNwSHPVcDxLCe,The Rolling Stones,Some Girls,872753941,485691,1Jv2AqzhgsduUik2p4k3cS
5me0Irg2ANcsgc93uaYrpb,The Notorious B.I.G.,Juicy / Unbelievable,872633991,245414,4063yQmtpSwsXJtC6Sc7tn
28gNT5KBp7IjEOQoevXf9N,Camilo,De Adentro Pa Afuera,872542554,313696,1UTDgnpHmthIsdzSxbhpV2
22bE4uQ6baNwSHPVcDxLCe,The Rolling Stones,Sticky Fingers (Remastered),871551461,346845,29m6DinzdaD0OPqWKGyMdz
1Xyo4u8uXC1ZmMpatF05PJ,The Weeknd,Kiss Land (Deluxe),871142767,313745,6wRev1uYL0JsMsWqktJuVi
7wlFDEWiM5OoIAt8RSli8b,YoungBoy Never Broke Again,Until Death Call My Name,871077058,258626,6mTa71H427cTKGkXeuuAdl
20JZFwl6HVl6yg8a4H3ZqK,Panic! At The Disco,House Of Memories,870814624,429866,3R6ZYq94MaeYKEMtPsj2hj
2dIgFjalVxs4ThymZ67YCE,Stray Kids,5-STAR,870810572,626460,3Pel3gWsPxVpZVrciU0Fm6
05fG473iIaoy82BF1aGhL8,Slipknot,We Are Not Your Kind,868039665,382686,754RY5WpZ2LTUZsk8kDBju
4Gso3d4CscCijv0lmajZWs,Don Toliver,Life of a DON,866063854,691336,2WmJ5wp5wKBlIJE6FDAIBJ
4iHNK0tOyZPYnBU7nGAgpQ,Mariah Carey,Music Box: 30th Anniversary Edition,864493472,374306,1GzBLltCCKsiIJM3T3AWj3
1ZwdS5xdxEREPySFridCfh,2Pac,Me Against The World,864095529,356330,3OrucS4sHv6Bl9GS4rafEk
1ZwdS5xdxEREPySFridCfh,2Pac,Me Against The World,864095529,356330,6S8KnTAUsmEndcUb6wD16c
360IAlyVv4PCEVjgyMZrxK,Miguel,Kaleidoscope Dream,863871886,411440,21XMv0TCsnhWPt7MNVvkzD
2EMAnMvWE2eb56ToJVfCWs,Bryson Tiller,A N N I V E R S A R Y,863835067,736074,5KpXxX7OUDXRs25qLyN8NA
2wY79sveU1sp5g7SokKOiI,Sam Smith,Hotel Cabana (Deluxe Version),863591715,773803,6ubgnzYckmWTNuCpc5Di5i
2wY79sveU1sp5g7SokKOiI,Sam Smith,Hotel Cabana (Deluxe Version),863591715,773803,2SVSPhDBqChBe10hJh5owv
1wRPtKGflJrBx9BmLsSwlU,Pritam,Love Aaj Kal (Original Motion Picture Soundtrack),863445078,501239,6IXfWhC7omotM4lt0ROmEr
1wRPtKGflJrBx9BmLsSwlU,Pritam,Love Aaj Kal (Original Motion Picture Soundtrack),863445078,501239,2yoQE2XBnwdUyoOkoprTfT
50co4Is1HCEo8bhOyUWKpn,Young Thug,Slime Language 2,862114384,592006,3ihwKkIMJWmmp1huNH0iWC
3xvaSlT4xsyk6lY1ESOspO,Disney,High School Musical 3: Senior Year,862013400,400764,6j8k5gIeWzXapGKTVaZzER
1wRPtKGflJrBx9BmLsSwlU,Pritam,Ae Dil Hai Mushkil (Original Motion Picture Soundtrack) [Deluxe Edition],858731642,689688,5xjaz957o6YGSXmlfd2tex
7Ln80lUS6He07XvHI8qqHH,Arctic Monkeys,Humbug,858563337,462619,5IEoiwkThhRmSMBANhpxl2
1z7b1Pr1rSlvWRzsW3HOrS,Russ,SHAKE THE SNOW GLOBE (DELUXE),858306526,106931,5Vmz3pIxG7Dsx7fzHgtyJB
3hcs9uc56yIGFCSy9leWe7,Lil Durk,Almost Healed,857275246,436122,6ciIG1XKTlVIn0Yl8rvsce
1mYsTxnqsietFxj1OgoGbG,A.R. Rahman,Big FM Rahman Ungaludan,853617897,780287,7qYzofSe3MbQdeBvO4sIC8
1KCSPY1glIKqW2TotWuXOR,P!nk,I'm Not Dead,852418052,510149,5rK6h49Qd6gSxxbQGMrWfq
1DxLCyH42yaHKGK3cl5bvG,Maria Becerra,Cupido,850544046,238379,3HWlgRjxW0H7fWm1n2LBbE
7n2Ycct7Beij7Dj7meI4X0,TWICE,Summer Nights,848917750,347896,49qBXeHh2TkiNoxVyQmaFp
7n2Ycct7Beij7Dj7meI4X0,TWICE,Summer Nights,848917750,347896,2GKTroaa4ysyhEdvzpvUoM
0vR2qb8m9WHeZ5ByCbimq2,Reik,Peligro,848157291,383312,3k8sgSmYuXjyFdFv0Zhc3M
0vR2qb8m9WHeZ5ByCbimq2,Reik,Peligro,848157291,383312,0zbw6YNuejcVp8XgDKO0yF
0vR2qb8m9WHeZ5ByCbimq2,Reik,Peligro,848157291,383312,1kyEyfxfx98zHEmQuJJFxk
50co4Is1HCEo8bhOyUWKpn,Young Thug,Beautiful Thugger Girls,847273091,184657,51KZKzPd3OQT1r46a55VTt
7Gi6gjaWy3DxyilpF1a8Is,Junior H,Atrapado en un Sueño,846838164,1012639,4UmrKzDJX0agxs2VF9lkaF
6S2OmqARrzebs0tKUEyXyp,Demi Lovato,Unbroken,845243628,230578,1ypH0eU9RcE6wngSGSqmeY
6S2OmqARrzebs0tKUEyXyp,Demi Lovato,Unbroken,845243628,230578,6Udtg8gwu2x7Pf8Yaa1MWX
6S2OmqARrzebs0tKUEyXyp,Demi Lovato,Unbroken,845243628,230578,1d90tlWUOAExujioRwPaRf
2IMZYfNi21MGqxopj9fWx8,Rels B,LA ISLA LP,841849459,543812,7kuJ6wtlijDEk2A71qG2q6
3AA28KZvwAUcZuOKwyblJQ,Gorillaz,Cracker Island (Deluxe),841056424,617157,1aoWxOWHJNG1VPpJZwpYl2
40ZNYROS4zLfyyBSs2PGe2,Zach Bryan,The Great American Bar Scene,840857691,1327358,1U0Z7QjSzlg3gMeUOuUldz
0KPX4Ucy9dk82uj4GpKesn,Dalex,Yo Te Quiero Pa Mi,840547957,274331,2xscWVWifSGkfqPmqC122O
21451j1KhjAiaYKflxBjr1,Zion & Lennox,Motivando A La Yal (Special Edition),839793245,414316,762qEGXU9cqGzzvsGoMNS7
0iEtIxbK0KxaSlF7G42ZOp,Metro Boomin,Perfect Timing,838591274,114156,6VFETcEfjilkAng073KLt9
0iEtIxbK0KxaSlF7G42ZOp,Metro Boomin,Perfect Timing,838591274,114156,47Q0J5RzfzIrTd6KBYmsbK
0iEtIxbK0KxaSlF7G42ZOp,Metro Boomin,Perfect Timing,838591274,114156,6w2zFUUJAebgjbIaB6KoL2
3Nrfpe0tUJi4K4DXYWgMUX,BTS,MAP OF THE SOUL : 7 ~ THE JOURNEY ~,834780902,159219,1nScVw87kRJiT2bg2Kswhp
6vWDO969PvNqNYHIOW5v0m,Beyoncé,The Lion King: The Gift [Deluxe Edition],834023823,217110,7kUuNU2LRmr9XbwLHXU9UZ
6tbjWDEIzxoDsBA1FuhfPW,Madonna,True Blue (35th Anniversary Edition),833943996,625566,4pnhHLvaRIlDUwXEIXZEnH
47mIJdHORyRerp4os813jD,League of Legends,Arcane League of Legends: Season 2 Original Soundtrack (Extended Edition),832403350,2510010,60vxf9FQqoBm0jafAK1oy5
6tbjWDEIzxoDsBA1FuhfPW,Madonna,The Immaculate Collection,831545852,396838,5MzwGwnO9gkh0z6Nl4FF8h
63yrD80RY3RNEM2YDpUpO8,Melanie Martinez,Dollhouse,830034593,266189,6SofgtEJMBszSNrMYlCEci
6tbjWDEIzxoDsBA1FuhfPW,Madonna,True Blue,830019523,621660,6fmnT17jc2Sc69q3nza1eD
0XwVARXT135rw8lyw1EeWP,Christian Nodal,AYAYAY!,830007856,153168,4In6hAxpuu07JqkzY8cjtg
3nFkdlSjzX9mRTtwJOzDYB,JAY-Z,Magna Carta... Holy Grail,829624405,193301,0OTjYdGtP7AbwOwbYsGhyi
5Rl15oVamLq7FbSb0NNBNy,5 Seconds of Summer,13 Reasons Why (Season 3),827344137,600960,1zbH0DnpYxaoqTojXNLQb6
1dfeR4HaWDbWqFHLkxsg1d,Queen,Innuendo (Deluxe Remastered Version),825608252,292615,2LC6PPb29hs8rkPHBjUVXJ
6Xgp2XMz1fhVYe7i6yNAax,Trippie Redd,Pegasus: Neon Shark vs Pegasus Presented By Travis Barker (Deluxe),824952393,288860,4YYFSRhVM8YqLppQ92GaU0
3xvaSlT4xsyk6lY1ESOspO,Disney,Mulan (Original Soundtrack),824729074,339085,3Ohs7Jo6GM6mydUOL0m5aC
5fMUXHkw8R8eOP2RNVYEZX,Diplo,Diplo,822545564,267068,5pdR4YX2zWMXotdF034UYY
5fMUXHkw8R8eOP2RNVYEZX,Diplo,Diplo,822545564,267068,2Lm2otWdTB4ChDfvbRXHIu
43ZHCT0cAZBISjO8DG9PnE,Elvis Presley,From Elvis in Memphis,821693707,299548,3ekkFrfotMsEAKc5g71GHk
1dfeR4HaWDbWqFHLkxsg1d,Queen,Innuendo,821364210,291744,3jYy7yGNCysTHE8MKrIF1k
3nFkdlSjzX9mRTtwJOzDYB,JAY-Z,The Blueprint Collector's Edition (Explicit Version),821062439,355300,1IDwi6urY664Mv1JFuTNlc
1wZtkThiXbVNtj6hee6dz9,Wisin,La Revolución - Evolution,820122101,691777,79gE3aHfGTzHGFGnHgDu6W
2feDdbD5araYcm6JhFHHw7,Labrinth,Jealous - EP,819623416,147451,6bsCl6iS6dvC4xaiBlecPv
3DiDSECUqqY1AuBP8qtaIa,Alicia Keys,Girl on Fire (Remixes) - EP,819291598,277039,3zZSz5VOYSu0jE4MkPCOvN
1wZtkThiXbVNtj6hee6dz9,Wisin,"Wisin Vs Yandel ""Los Extraterrestres""",817930153,748491,1wqojXZPs45MXFSPlqcVkh
7bXgB6jMjp9ATFy66eO08Z,Chris Brown,Fortune (Expanded Edition),817041185,271908,4AGQTp6rk7v8fPbFu739l7
181bsRPaVXVlUKXrxwZfHK,Megan Thee Stallion,Suga,816656637,131432,6Lo6ylJg4qbFfxicPEOzMI
46SHBwWsqBkxI7EeeBEQG7,Kodak Black,Back For Everything,815255847,408629,7sX9VE0I4zbslanrLXR5aR
1Mxqyy3pSjf8kZZL4QVxS0,Frank Sinatra,Sinatra/Basie: The Complete Reprise Studio Recordings,814608356,284920,2NCtCObbmJoJnplsR5mLAl
25uiPmTg16RbhZWAqwLBy5,Charli xcx,SUCKER,814377413,285421,5Ws5ktkIUJFpaIImvH3tYU
1Mxqyy3pSjf8kZZL4QVxS0,Frank Sinatra,Frank Sinatra: The Complete Capitol Singles Collection,814302207,142191,7LbB7SuX3op2Xa9FvteJeB
0VRj0yCOv2FXJNP47XQnx5,Quavo,Only Built For Infinity Links,813668804,305401,59hIIDzaPSH5O3QSz4zX0t
66ihevNkSYNzRAl44dx6jJ,Carin Leon,El Malo,813182093,252974,5We7yGwHCRWuy7T5StvTwS
20JZFwl6HVl6yg8a4H3ZqK,Panic! At The Disco,Vices & Virtues (Deluxe Edition),811182922,205337,1iW6pUcqwQCI6bcWZW0gCr
0elWFr7TW8piilVRYJUe4P,Natanael Cano,Mi Nuevo Yo,810326680,550235,6HvpgqHcpyXzAdNIioqIoq
20JZFwl6HVl6yg8a4H3ZqK,Panic! At The Disco,Vices & Virtues,810005061,205392,5S0nsfYhHa1uz10V4yoWSL
0EmeFodog0BfCgMzAIvKQp,Shakira,She Wolf (Expanded Edition),809810309,567382,3MhG5IXiezatEXyNsXPLPm
1U1el3k54VvEUzo3ybLPlM,Kali Uchis,Por Vida,808420383,547860,6f5gAJpM85TE6aQ81h46T5
0C8ZW7ezQVs4URX5aX7Kqx,Selena Gomez,Revelación - EP,808341798,126921,2jGa3OwXatFYQAIS7OV7k9
33ScadVnbm2X8kkUqOkC6Z,Don Omar,The Last Don II,806754799,411866,57mWSm5UtRGT08KeJuyZqu
21E3waRsmPlU7jZsS13rcj,Ne-Yo,Because Of You,803848439,451057,35K2EC0ekebCHw5sHn5i1B
21E3waRsmPlU7jZsS13rcj,Ne-Yo,Because Of You,803848439,451057,52q9xNv8COtSU9phlbO5sg
21E3waRsmPlU7jZsS13rcj,Ne-Yo,Because Of You,803848439,451057,5jdTmh84zEBcDzezY75rzy
21E3waRsmPlU7jZsS13rcj,Ne-Yo,Because Of You,803848439,451057,0tIUtEy8aF9pMoCHjSN8tX
329e4yvIujISKGKz1BZZbO,Farruko,Visionary,800090655,199844,1zFp5Q3Dgo8wmKsmfZ23QX
1yR65psqiazQpeM79CcGh8,Marília Mendonça,Festa das Patroas,799688402,191583,4IzsHOBctS66OP3dHXTJsG
5eAWCfyUhZtHHtBdNk56l1,System Of A Down,Steal This Album!,799451320,512474,6lA1sGw7eCv27bcpd5E0wT
7Ln80lUS6He07XvHI8qqHH,Arctic Monkeys,Suck It and See,796638358,257377,2ym2jcqckXqWeTDoxz3Kst
7Ln80lUS6He07XvHI8qqHH,Arctic Monkeys,Suck It and See,796638358,257377,4MkXHTbOs8bhbogKGF5rQg
6wWVKhxIU2cEi0K81v7HvP,Rammstein,Zeit,796541356,446684,75OE7M0wduJyffbffehHuR
6wWVKhxIU2cEi0K81v7HvP,Rammstein,Zeit,796541356,446684,0kHIXBNeED9HPrXMZEZqEu
2nszmSgqreHSdJA3zWPyrW,Luis Miguel,30 Exitos Insuperables,795526369,291996,3pq2qxM4U1qIscdExsZmBU
40ZNYROS4zLfyyBSs2PGe2,Zach Bryan,Elisabeth,792907669,492034,3TkSm0esbUBPygKvMrwWQn
1Mxqyy3pSjf8kZZL4QVxS0,Frank Sinatra,It Might As Well Be Swing,790977579,277371,5lXF6AFeXG8UsIUfBJNsNH
05fG473iIaoy82BF1aGhL8,Slipknot,Iowa,790072629,405102,5Zs0mNCTs73CqPKbZPWFX9
3hcs9uc56yIGFCSy9leWe7,Lil Durk,Just Cause Y'all Waited 2,789919307,319142,3D4bwVn4Wp8Za0Amkyd5I5
7jy3rLJdDQY21OgRLCZ9sD,Foo Fighters,One By One (Expanded Edition),789611342,278695,1zQ6F8gMagKcPL4SoA80cx
3hcs9uc56yIGFCSy9leWe7,Lil Durk,The Voice (Deluxe),787922906,261577,6lb9q7QZwjMj9EE7M664sK
2dIgFjalVxs4ThymZ67YCE,Stray Kids,ODDINARY,786914162,494196,0Gmf4pfe0POEQq2FgGAj2q
7c0XG5cIJTrrAgEC3ULPiq,Ty Dolla $ign,Beach House 3 (Deluxe Edition),785709067,55109,2wtx5XeYMFOpY40eK9f7fA
3xvaSlT4xsyk6lY1ESOspO,Disney,Aladdin Special Edition,784156643,259991,7bt2aty3lUo6Q1Ud8pthRz
1VPmR4DJC1PlOtd0IADAO0,$uicideboy$,Now the Moon's Rising,784029343,289191,12RWpV5WUjYo4SisuFWMNK
64M6ah0SkkRsnPGtGiRAbb,Bebe Rexha,All Your Fault: Pt. 1,783794808,96428,2rBHhp9tNShxTb529Hi5AS
6Te49r3A6f5BiIgBRxH7FH,Ninho,M.I.L.S 3,779630623,338777,2vBgviw0dxLhXrs5MfKXVV
6Te49r3A6f5BiIgBRxH7FH,Ninho,Jefe,779234394,314888,0RBanMMBVaRdM7SOwgAmaK
02kJSzxNuaWGqwubyUba0Z,G-Eazy,These Things Happen Too (Deluxe),778440617,141377,2uGyQQS82uzaTXSBe2bs4A
3xvaSlT4xsyk6lY1ESOspO,Disney,Descendants 2 (Original TV Movie Soundtrack),774340553,357130,4Rk63Jz61wwbmQru0PdltI
2nszmSgqreHSdJA3zWPyrW,Luis Miguel,Solo Lo Mejor - 20 Exitos,774180064,286582,0sLmtNwESwIJADdtwRNqXs
6LqNN22kT3074XbTVUrhzX,Kesha,100 Greatest Summer Songs,773136865,564471,0xYPmjzRD0Ux122ilnKaKh
2wUjUUtkb5lvLKcGKsKqsR,Alessia Cara,Moana (Original Motion Picture Soundtrack/Deluxe Edition),772356899,96063,6pZj4nvx6lV3ulIK3BSjvs
6w9ToX5slZ4uIdmD17hJ3c,Bryant Myers,La Oscuridad,771945793,928427,0F7m8664oTaF5SbaqoDINb
3JhNCzhSMTxs9WLGJJxWOY,Macklemore,This Unruly Mess I've Made,771909278,104016,2kqn09pydzvKvB3xWbAxY4
2nszmSgqreHSdJA3zWPyrW,Luis Miguel,El Idolo De Mexico,771105631,284954,28KtwGLD5soKpzJyP1tGUo
2ye2Wgw4gimLv2eAKyk1NB,Metallica,Kill 'Em All (Deluxe Remaster),770625261,426083,7GttoSWxEi5lZvIWeSrh6n
5JZ7CnR6gTvEMKX4g70Amv,Lauv,~how i'm feeling~ (the extras),768364629,83613,1Y8FqfEHHJpEEYx3HPIa9m
0ys2OFYzWYB5hRDLCsBqxt,Fuerza Regida,"Del Barrio Hasta Aquí, Vol. 2",767736308,380617,1UtMaTZl4kau9NSFqc8wHp
0oSGxfWSnnOXhD2fKuz2Gy,David Bowie,Hunky Dory (2015 Remaster),767432521,221822,6fQElzBNTiEMGdIeY0hy5l
3q7HBObVc0L8jNeTe5Gofh,50 Cent,Curtis,765917496,540013,6aAGx3HGsNoWvn6rMRHXBm
3q7HBObVc0L8jNeTe5Gofh,50 Cent,Curtis,765917496,540013,5VfBwkAoSsQwtZjPU0Gr7h
3q7HBObVc0L8jNeTe5Gofh,50 Cent,Curtis,765917496,540013,4PNQbmRNOoWXRnZgwwpT2y
1z7b1Pr1rSlvWRzsW3HOrS,Russ,ZOO,764892199,97364,48Kac3ieDtt9OSp9Fm4g9e
1KCSPY1glIKqW2TotWuXOR,P!nk,M!ssundaztood (Expanded Edition),764149252,296705,57wJKO7qrPw56iOEKhTmg2
1VPmR4DJC1PlOtd0IADAO0,$uicideboy$,High Tide in the Snake's Nest,763706787,353437,7gMzKwKAsbooGeKgDlX2TL
1KCSPY1glIKqW2TotWuXOR,P!nk,M!ssundaztood,763030991,296291,0yaF1CrQzaPmCrt35nqGWq
181bsRPaVXVlUKXrxwZfHK,Megan Thee Stallion,Something for Thee Hotties,762350764,313873,6B26OzQRObxAp1tbf8jeTq
1wRPtKGflJrBx9BmLsSwlU,Pritam,Rocky Aur Rani Kii Prem Kahaani (Original Motion Picture Soundtrack),762221915,717226,7jMyVFg5txILeA8LRZra6L
1wZtkThiXbVNtj6hee6dz9,Wisin,La Revolución - Evolution (International Version),761717027,658245,7CCfcuCn7J3dvHYziLI4T1
1wZtkThiXbVNtj6hee6dz9,Wisin,La Revolución - Evolution (International Version),761717027,658245,7CCfcuCn7J3dvHYziLI4T1
1Xyo4u8uXC1ZmMpatF05PJ,The Weeknd,Kiss Land,760613269,264566,2FgMWuwMeTgJArP2RF3upF
1Xyo4u8uXC1ZmMpatF05PJ,The Weeknd,Kiss Land,760613269,264566,3hhDpPtCFuQbppwYgsVhMO
1wZtkThiXbVNtj6hee6dz9,Wisin,La Última Misión,760018983,181207,08QB1puuJGgRx8N7Yn1twL
07YZf4WDAMNwqr4jfgOZ8y,Jason Derulo,Jason Derulo Special Edition EP,757974347,376664,5iCP6JeHtNV66LnfCKoFF1
2C6i0I5RiGzDKN9IAF8reh,Banda MS de Sergio Lizárraga,El Trabajo Es La Suerte,757713969,205618,4j7afzzctfV0UPUrJKWCQk
1bfl0AU8SqmLkElptOprhC,Jul,"De Hoy En Adelante, Que Te Vaya Bien",757520550,447061,7GMOWbeeTcIQrI8StlVDqh
3tlXnStJ1fFhdScmQeLpuG,Brent Faiyaz,Lost,757038458,280126,03nFfkhtHqQZZqprep3G6r
3tlXnStJ1fFhdScmQeLpuG,Brent Faiyaz,Lost,757038458,280126,2Qf8hCpYFhiHI3sQcgse78
2ye2Wgw4gimLv2eAKyk1NB,Metallica,Kill 'Em All (Remastered),756885509,421572,0vNBQof86Lv5gLuf26ML7o
1VPmR4DJC1PlOtd0IADAO0,$uicideboy$,$outh $ide $uicide,755917958,375192,1p8YahLiju8skFYWBJTEOl
77SW9BnxLY8rJ0RciFqkHh,The Neighbourhood,Chip Chrome & The Mono-Tones,755365722,587469,4uNgt1uQs6wZRm4giB3shX
7iK8PXO48WeuP03g8YR51W,Myke Towers,LA PANTERA NEGRA,755122509,1192848,6NmYJszy5BaEm1WF4tJL7Z
7c0XG5cIJTrrAgEC3ULPiq,Ty Dolla $ign,Free TC (Deluxe Edition),754693757,86294,5nIgDHf42VCFVfBY9BG2fr
22bE4uQ6baNwSHPVcDxLCe,The Rolling Stones,Beggars Banquet (50th Anniversary Edition),753968751,236332,6OHri5qNxwCdVSdyCslspd
6eUKZXaKkcviH0Ku9w2n3V,Ed Sheeran,5,753143353,58298,2hyDesSAYNefikDJXlqhPE
6eUKZXaKkcviH0Ku9w2n3V,Ed Sheeran,5,753143353,58298,3mz9p3cA0Cl5oDUlpTxB0c
3Isy6kedDrgPYoTS1dazA9,Sean Paul,Tomahawk Technique,752954892,762492,4buFyX9hP8UM5srjPqya1Y
3Isy6kedDrgPYoTS1dazA9,Sean Paul,Tomahawk Technique,752954892,762492,25o3xNsjPJahI22xQENaPd
1wZtkThiXbVNtj6hee6dz9,Wisin,Wisin Y Yandel Presentan: Los Vaqueros,752828086,616765,5gHKtewt6CtuGLiAj2m3XC
2wUjUUtkb5lvLKcGKsKqsR,Alessia Cara,The Pains Of Growing,752683833,102720,0LzVdypBGpn6dGuHqVGwwt
0oOet2f43PA68X5RxKobEy,Shreya Ghoshal,Best of Bollywood: Shreya Ghoshal,752634745,696938,2SrNQXb8bmifWwKxLDWpvy
3KV3p5EY4AvKxOlhGHORLg,Jeremih,All About You (Deluxe Edition),751712802,350521,2rpzZr2Z3NvzYpcD1y34pb
0elWFr7TW8piilVRYJUe4P,Natanael Cano,NataKong,751669366,569907,2irmTvrbuG1ox2Qa6R8J1L
3KV3p5EY4AvKxOlhGHORLg,Jeremih,All About You,750008637,350460,3sGj0fBj5EJbewKgCWA1uD
2kCcBybjl3SAtIcwdWpUe3,Lil Peep,CALIFORNIA GIRLS,749079433,328944,2Vfp9bAdl1FX1WpPIcpmWj
1bAftSH8umNcGZ0uyV7LMg,Duki,Desde el Fin del Mundo,748831751,318224,3MKQjYpaES80tFP7Qo2zH0
3DiDSECUqqY1AuBP8qtaIa,Alicia Keys,Songs In A Minor (Deluxe Edition),748671449,454077,11z4Njr53X88x2ldtS92Ub
6tbjWDEIzxoDsBA1FuhfPW,Madonna,Confessions on a Dance Floor,748666854,526110,1hg0pQJLE9dzfT1kgZtDPr
7c0XG5cIJTrrAgEC3ULPiq,Ty Dolla $ign,Featuring Ty Dolla $ign,748179212,143787,1zg6QT0eGqLBlhAT2FPoFj
7c0XG5cIJTrrAgEC3ULPiq,Ty Dolla $ign,Featuring Ty Dolla $ign,748179212,143787,6M4Nu5UgX097dxeF2lm9P8
7jy3rLJdDQY21OgRLCZ9sD,Foo Fighters,Wasting Light,747791893,193108,5lnQLEUiVDkLbFJHXHQu9m
4iHNK0tOyZPYnBU7nGAgpQ,Mariah Carey,Memoirs of an imperfect Angel,747632108,676476,3RPImDZ7Ihh5YR5iJh1gH1
07YUOmWljBTXwIseAUd9TW,Sebastian Yatra,VIVES,745880112,257804,57giaIaMyAVCS7jMIaoIgK
4UXqAaa6dQYAk18Lv7PEgX,Fall Out Boy,MANIA,745468109,163271,02s2F3XMnv9vr2syELbSsu
4UXqAaa6dQYAk18Lv7PEgX,Fall Out Boy,MANIA,745468109,163271,16xtTZvPH6PXcwSqYqJHHG
73sIBHcqh3Z3NyqHKZ7FOL,Childish Gambino,Kauai,742627859,175606,0G3xqC6L3eKFNSIaF4MIyi
73sIBHcqh3Z3NyqHKZ7FOL,Childish Gambino,Kauai,742627859,175606,7DtpLngwHYD5j0lZlMFuwU
1KCSPY1glIKqW2TotWuXOR,P!nk,TRUSTFALL,741647425,412418,1GIWJs7mEdzKym3tQ8QScJ
6FBDaR13swtiWwGhX1WQsP,blink-182,California,741574258,153360,1Mp3A4tFDAiaMeGFJUzo1c
6FBDaR13swtiWwGhX1WQsP,blink-182,California,741574258,153360,6jglLLjjKIBwfMmkxUdNjZ
5WUlDfRSoLAfcVSX1WnrxN,Sia,Music (Songs From And Inspired By The Motion Picture),740500057,116884,7nA0EdSRuxzUqkA7kMSer7
6DPYiyq5kWVQS4RGwxzPC7,Dr. Dre,The Chronic,740235068,451546,2V5rhszUpCudPcb01zevOt
1Cs0zKBU1kc0i8ypK3B9ai,David Guetta,Baby Don't Hurt Me (feat. Coi Leray),739080549,452208,4JVuGocMqYVT4IuoXi6Tzd
2jku7tDXc6XoB6MO2hFuqg,Tory Lanez,Chixtape 5,738808258,177666,6vVhekA9LRg0MWIQaxI37f
6icQOAFXDZKsumw3YXyusw,Lil Yachty,Lil Boat 2,738549186,129401,4nHOF3neSo6Y7OG5OAflkC
738wLrAtLtCtFOLvQBXOXp,Major Lazer,Free The Universe (Extended Version),737516874,161922,5QhUiW8r836IZ7avv9A5L8
738wLrAtLtCtFOLvQBXOXp,Major Lazer,Free The Universe (Extended Version),737516874,161922,3kuAzuMJIFhgLfzUCc0VGM
3DiDSECUqqY1AuBP8qtaIa,Alicia Keys,Songs In A Minor,737058038,451508,5qUlPoDmNxCSzqVx81RDLJ
2EMAnMvWE2eb56ToJVfCWs,Bryson Tiller,True to Self,736975791,106923,7nn2Iaphg0Vc1NCGULkhVo
0QHgL1lAIqAw0HtD7YldmP,DJ Khaled,Major Key,736007269,140297,5qHyKDjwycRj1fJyPLt2HQ
0QHgL1lAIqAw0HtD7YldmP,DJ Khaled,Major Key,736007269,140297,6ZQyMrmlg95L8gy63Pnm33
1GxkXlMwML1oSg5eLPiAz3,Michael Bublé,Crazy Love (Hollywood Edition),735432231,207810,2dNQDOzCubrvIWxtaYO6cU
0c173mlxpT3dSFRgMO8XPh,Big Sean,Kanye West Presents Good Music Cruel Summer,735172144,162103,0bcOGgwJpwBjfFBTApoqSn
5K4W6rqBFWDnAN6FQUkS6x,Kanye West,"CARNIVAL PACK (feat. Rich The Kid, Playboi Carti)",734278719,646013,7pX434FLw0bG1BPKVAyRfk
7n2Ycct7Beij7Dj7meI4X0,TWICE,Eyes Wide Open,733828484,218886,55huyEjfSVsk9nnmmKp5df
7n2Ycct7Beij7Dj7meI4X0,TWICE,Eyes Wide Open,733828484,218886,3zgSMDDYMuWQJihpF9SFQX
7n2Ycct7Beij7Dj7meI4X0,TWICE,Eyes Wide Open,733828484,218886,33jypnU7WULxPaVrjj4RXH
4O15NlyKLIASxsJ0PrXPfz,Lil Uzi Vert,Luv Is Rage,733065258,169636,5WrbKW1nRN4vSsu70uizxX
6XyY86QOPPrYVGvF9ch6wz,Linkin Park,A Thousand Suns,733064151,356135,113yjuFZEqkkbuLi4sEBxo
07YZf4WDAMNwqr4jfgOZ8y,Jason Derulo,Future History Platinum Edition,732952102,209976,49SayFufMgfcW4off39Gl6
1dfeR4HaWDbWqFHLkxsg1d,Queen,A Kind of Magic (Deluxe Remastered Version),732506000,319252,6QYnikkyKvjmFtTiZVeCW7
3AA28KZvwAUcZuOKwyblJQ,Gorillaz,Cracker Island,732421763,560468,4wtZQMNTC1O79kDxMBsEan
4iHNK0tOyZPYnBU7nGAgpQ,Mariah Carey,Music Box,732295683,313675,5Mr8FpZP1DaLDxjbMD7GcR
2ye2Wgw4gimLv2eAKyk1NB,Metallica,Reload,730894808,444145,7KDqRmr937ylvGilPGWxfD
6vWDO969PvNqNYHIOW5v0m,Beyoncé,The Lion King: The Gift,728536285,200354,552zi1M53PQAX5OH4FIdTx
4Gso3d4CscCijv0lmajZWs,Don Toliver,Love Sick,727836908,683646,26z5llzd194mcCZHADWd6k
0hEurMDQu99nJRq8pTxO14,John Mayer,Paradise Valley,725660153,112669,712VoD72K500yLhhgqCyVe
07YZf4WDAMNwqr4jfgOZ8y,Jason Derulo,Future History,725462374,209309,00zXAyO9s88le56F6wP7Mg
2hlmm7s2ICUX0LVIhVFlZQ,Gunna,Drip Season 3 (Deluxe),724800371,220910,5xtAAHr59ozJ2PQ67utEmi
07YZf4WDAMNwqr4jfgOZ8y,Jason Derulo,Future History (Deluxe Edition),724560111,209273,31tCg5RXhY5jpagfCPcQa2
4Z8W4fKeB5YxbusRsdQVPb,Radiohead,Kid A,724151908,670225,6GjwtEZcfenmOf6l18N7T7
1DxLCyH42yaHKGK3cl5bvG,Maria Becerra,Animal,723433395,140767,3EgTVeUoYg0TCvPdt6Myh3
1DxLCyH42yaHKGK3cl5bvG,Maria Becerra,Animal,723433395,140767,0a183xiCHiC1GQd8ou7WXO
1DxLCyH42yaHKGK3cl5bvG,Maria Becerra,Animal,723433395,140767,2VXV9qOEoAvUoqEws4vmEF
1DxLCyH42yaHKGK3cl5bvG,Maria Becerra,Animal,723433395,140767,2OXeXtTp8KR8TO21LbBIWP
1DxLCyH42yaHKGK3cl5bvG,Maria Becerra,Animal,723433395,140767,1R35ZqQyMMDZA8q4oMfVAJ
4V8LLVI7PbaPR0K2TGSxFF,"Tyler, The Creator",Cherry Bomb + Instrumentals,723017867,382461,5V3Chnpno9oTI7JSPXKUf3
0ys2OFYzWYB5hRDLCsBqxt,Fuerza Regida,PERO NO TE ENAMORES,721419865,1549956,3iRQdNKyI5Pf78jWYI1tFv
0c173mlxpT3dSFRgMO8XPh,Big Sean,Detroit 2,719882954,104456,6slkiHeFK3wW2D1mao0TX3
7wlFDEWiM5OoIAt8RSli8b,YoungBoy Never Broke Again,AI YoungBoy,719651744,340503,278c24ae4JsSRpOEzlaghQ
2kCcBybjl3SAtIcwdWpUe3,Lil Peep,CASTLES II,718609201,336993,3XoCzKMQ3rOk06y6u0GWCZ
7wlFDEWiM5OoIAt8RSli8b,YoungBoy Never Broke Again,Realer,718044610,284967,3o5se5blwiAdJPk8yAw1EQ
4YRxDV8wJFPHPTeXepOstw,Arijit Singh,Best of Arijit Singh - Starring Shah Rukh Khan,717399975,553438,5H4R9dnK0AbnkaN6lEDfxT
1elUiq4X7pxej6FRlrEzjM,Jorge & Mateus,Live In London - At The Royal Albert Hall,714798995,828745,6nE1C92IIZQBnlYLxObRHW
2HPaUgqeutzr3jx5a9WyDV,PARTYNEXTDOOR,PARTYNEXTDOOR 4 (P4),714648180,1967865,3mpMvyPWtxJnL3vywQHH5K
2HPaUgqeutzr3jx5a9WyDV,PARTYNEXTDOOR,PARTYNEXTDOOR 4 (P4),714648180,1967865,1CTk9dG2nyaUovNIQfBzqb
1bfl0AU8SqmLkElptOprhC,Jul,Ni Diablo Ni Santo,713471092,561928,3tBjyyso23umCFWLJPH4o6
33ScadVnbm2X8kkUqOkC6Z,Don Omar,Don Omar Presents MTO2: New Generation,712582471,554269,7vyVMX83PJNulUZUgbKfuY
1GxkXlMwML1oSg5eLPiAz3,Michael Bublé,Call Me Irresponsible (Deluxe),712480943,260155,5dXU3rx7fHkNJ1kTzvRQb3
7qG3b048QCHVRO5Pv1T5lw,Enrique Iglesias,Escape,711547480,305398,3DeHyfe2Da8xznvABSfIE5
7qG3b048QCHVRO5Pv1T5lw,Enrique Iglesias,Escape,711547480,305398,045SvC3Y4s8F4BmgZbZ1yt
1QAJqy2dA3ihHBFIHRphZj,Cigarettes After Sex,I.,711252038,687405,7Li2N39grodaHIg2QU7MSk
4V8LLVI7PbaPR0K2TGSxFF,"Tyler, The Creator",Cherry Bomb,709895490,375685,621OhgnZJ7Pz8iUazct1In
4xRYI6VqpkE3UwrDrAZL8L,Logic,Bobby Tarantino,709739394,65936,0WMr3ulx5Mzi1B3C8LsHVA
1wRPtKGflJrBx9BmLsSwlU,Pritam,Musical Duo - KK and Pritam,709062455,836989,5XeEhMEjBiVhFCyDxuiMjL
1dfeR4HaWDbWqFHLkxsg1d,Queen,A Kind Of Magic,707164003,312016,19DjDiLPQM5kXc25vpuNn2
43ZHCT0cAZBISjO8DG9PnE,Elvis Presley,A Boy From Tupelo: The Complete 1953-1955 Recordings,706547277,206478,1obc6uvzMsDUd6Q76MP1kI
3t5xRXzsuZmMDkQzgOX35S,Robin Schulz,Alone In A Crowd,706312885,212426,0x6KKhlAIZsuU6SVgSX9E9
33ScadVnbm2X8kkUqOkC6Z,Don Omar,iDon,703940546,753076,20Jf4Vb1V3MMv1QI1cKNNI
33ScadVnbm2X8kkUqOkC6Z,Don Omar,iDon,703940546,753076,0GfdLiEs9KzWGSkkmLvO1I
3EiLUeyEcA6fbRPSHkG5kb,De La Ghetto,Mal De Amores,701815358,122077,2A8C1hue8degWpk0T4M5oO
3EiLUeyEcA6fbRPSHkG5kb,De La Ghetto,Mal De Amores,701815358,122077,3F5VmDv3oeerueNteT7JFc
1pQWsZQehhS4wavwh7Fnxd,Lenny Tavárez,Homerun,701704273,270665,0qJkFmVwwNXP6fvSemDZqn
4zCH9qm4R2DADamUHMCa6O,Anirudh Ravichander,Love Hits of Anirudh Ravichander,701170613,616083,5TKRlmGlNAkjvfPPrPetMA
12GqGscKJx3aE4t07u7eVZ,Peso Pluma,INCÓMODO,701123300,1784012,27GWSFRITD8JJcSGMgEfTN
43ZHCT0cAZBISjO8DG9PnE,Elvis Presley,Elvis (Fool),700945736,403421,3gpHiNAmT5oXVxe6ewTGuN
738wLrAtLtCtFOLvQBXOXp,Major Lazer,Free the Universe,700411337,158799,1MGMwkEuzCHda8lE3GA4RR
2QsynagSdAqZj3U9HgDzjD,Bob Marley & The Wailers,Confrontation,700251435,291186,5Rg4ZSwf1LPCuAMr0msdun
33ScadVnbm2X8kkUqOkC6Z,Don Omar,Reggaeton Old School,699517190,551913,2yzPCDfxtNSODhf53AN8j1
3e7awlrlDSwF3iM0WBjGMp,Little Mix,Confetti,698851528,100028,7xfcihbsBamUi6sezd0oOG
3e7awlrlDSwF3iM0WBjGMp,Little Mix,Confetti,698851528,100028,33a8Ha3pE7fo2o4T4xLabF
43ZHCT0cAZBISjO8DG9PnE,Elvis Presley,Sunrise,698375452,204951,2qQf72CQ3j5D9AEwvmGvdX
3KV3p5EY4AvKxOlhGHORLg,Jeremih,Late Nights: Red Roses,698273508,126332,0AM64fik2T2jcT1C8cuuYx
1wRPtKGflJrBx9BmLsSwlU,Pritam,Jab We Met,698009771,883744,4OYdTHNgjhXzgVjbqsb0tO
1RyvyyTE3xzB2ZywiAwp0i,Future,Future Hndrxx Presents: The WIZRD,697843244,205505,3LpIwZdzFwc10psLingT8x
4YRxDV8wJFPHPTeXepOstw,Arijit Singh,Musical Bond: Jeet Gannguli & Arijit Singh,697711841,604052,5Z5vhemw4ig06H73KolMti
20wkVLutqVOYrc0kxFs7rA,Daniel Caesar,CASE STUDY 01,697353134,390289,7lb4ck9tn2ZaJRrYjhyP9A
4AK6F7OLvEQ5QYCBNiQWHq,One Direction,Best Song Ever (From THIS IS US),697223839,293439,7slbkjkfIPufuEa858735n
7Gi6gjaWy3DxyilpF1a8Is,Junior H,MUSICA <3,696719941,645259,1wAx2wnAA7F1SRrznW2GcH
1RyvyyTE3xzB2ZywiAwp0i,Future,Pluto x Baby Pluto,696218989,200327,48xpWR8K6CGpy3ETAym3pt
3IYUhFvPQItj6xySrBmZkd,Creedence Clearwater Revival,Bayou Country (Expanded Edition),695815598,323875,5pCRW9AT4BgoMOS52pRoJq
7bXgB6jMjp9ATFy66eO08Z,Chris Brown,BREEZY - It's Giving Christmas,695574758,392360,6YA4khiUxTlEpPRIuf4KgA
137W8MRPWKqSmrBGDBFSop,Wiz Khalifa,O.N.I.F.C. (Deluxe),694687181,171241,5S4SuPHbaozi5PDedAONTG
7wlFDEWiM5OoIAt8RSli8b,YoungBoy Never Broke Again,"Sincerely, Kentrell",693959516,306194,4ssppGN0Qy4OeJTUDr1Etd
5fMUXHkw8R8eOP2RNVYEZX,Diplo,Do You Dance?,693831761,201331,6Az907HDvldO5qxqVyysz0
23fqKkggKUBHNkbKtXEls4,Kygo,KYGO,693604505,890510,5BrjR0P59l9SsbODztqs3q
6icQOAFXDZKsumw3YXyusw,Lil Yachty,Nuthin' 2 Prove,693276208,133894,4qplno3lbet8WvuTGdDG3T
4LLpKhyESsyAXpc4laK94U,Mac Miller,Watching Movies with the Sound Off (10th Anniversary),693006428,241631,0Wf65emw9eAwbjJ45gMMqp
1KCSPY1glIKqW2TotWuXOR,P!nk,All I Know So Far: Setlist,692966629,251663,061vVdNVxwouz0INdQeOkn
3TVXtAsR1Inumwj472S9r4,Drake,$ome $exy $ongs 4 U,690871351,7938583,6Rl6YoCarF2GHPSQmmFjuR
5LHRHt1k9lMyONurDHEdrp,Tyga,Careless World: Rise Of The Last King,690565416,165594,68XdlVpTEpBtM2FBxROLva
3IYUhFvPQItj6xySrBmZkd,Creedence Clearwater Revival,Bayou Country,689757559,323127,7F76o5x7W6dgfmgcVDeBH0
4SsVbpTthjScTS7U2hmr1X,Arcángel,El Fenomeno,689709780,824829,5MLBEmgDNIltSfxvXesq9s
0c173mlxpT3dSFRgMO8XPh,Big Sean,G.O.O.D.,688589274,214943,4YXvNse2P5iuKtCPh91o8q
5ZS223C6JyBfXasXxrRqOk,Jhené Aiko,Souled Out: 10th Anniversary Edition,688575981,295544,6QTeUgt8uTcABIg3UZFpwY
1wZtkThiXbVNtj6hee6dz9,Wisin,Líderes (Muve Sessions),687895538,342318,0loA0jfaqDK2UYK6iICSp3
1wZtkThiXbVNtj6hee6dz9,Wisin,Líderes,687891245,342317,6tOFRRXAis3nniv1wG6Nae
5ZS223C6JyBfXasXxrRqOk,Jhené Aiko,Souled Out (Deluxe),687396579,293203,6UKXuiWFuwxzC5rd0SW4Bo
4tZwfgrHOc3mvqYlEYSvVi,Daft Punk,Homework (25th Anniversary Edition),687331792,282467,6JRaPcrT3cMBEmkgSqEPhI
3xvaSlT4xsyk6lY1ESOspO,Disney,Descendants (Original TV Movie Soundtrack),686216687,397241,6notdj85QIGeqR1zKqT3Oh
1z7b1Pr1rSlvWRzsW3HOrS,Russ,SHAKE THE SNOW GLOBE,684882818,89964,2ZzatxW5gv1XZ0uai8TKxk
360IAlyVv4PCEVjgyMZrxK,Miguel,Girl With The Tattoo,684518400,595126,3cnIbhL4QYRzF9wQf53lkW
0TnOYISbd1XYRBk9myaseg,Pitbull,Dale,684183020,232586,77Rd9hAhMA6JlY4kUbmUIO
0TnOYISbd1XYRBk9myaseg,Pitbull,Dale,684183020,232586,5PZWGWwRwA0PJCET9BwBAm
0TnOYISbd1XYRBk9myaseg,Pitbull,Dale,684183020,232586,0tKKoGCz9CaZ3x1hDD6Ss2
1RyvyyTE3xzB2ZywiAwp0i,Future,WE STILL DON'T TRUST YOU,682460508,1012525,3bSNhnaQQXpC639OQ4pMyP
7bXgB6jMjp9ATFy66eO08Z,Chris Brown,Breezy (Deluxe),681934611,387803,79WcTJuCulopfqul1awYJk
0A0FS04o6zMoto8OKPsDwY,YG,STAY DANGEROUS,681808395,62747,5IYvKd22yQkJRfoIStesbX
1zNqDE7qDGCsyzJwohVaoX,Anne-Marie,Therapy,681793097,122716,4AeowfpQNCScPBpPhnovKM
6Xgp2XMz1fhVYe7i6yNAax,Trippie Redd,Pegasus (Spooky Sounds Edition),681637502,261896,2R1aWRiKK852x180kN1Gte
4tZwfgrHOc3mvqYlEYSvVi,Daft Punk,Homework,681551395,280295,5uRdvUR7xCnHmUW8n64n9y
4obzFoKoKRHIphyHzJ35G3,Becky G,ESQUINAS,680749890,382261,34Kj1LPZ7xhlskIb9qD6D6
6Xgp2XMz1fhVYe7i6yNAax,Trippie Redd,Pegasus,679931759,261785,0so2JtZLW2acBWStzut0W5
2uYWxilOVlUdk4oV9DvwqK,Mitski,"Retired from Sad, New Career in Business",678960953,377353,7K4SuWzgUEweJScduBcC6f
4tZwfgrHOc3mvqYlEYSvVi,Daft Punk,TRON: Legacy - The Complete Edition (Original Motion Picture Soundtrack),678034816,784145,3AMXFnwHWXCvNr5NCCpLZI
3p7PcrEHaaKLJnPUGOtRlT,Henrique & Juliano,Ao Vivo Em Brasília (Deluxe),677544719,648864,2pHdbp86D4AfZkSu3MVHTg
181bsRPaVXVlUKXrxwZfHK,Megan Thee Stallion,MEGAN,677362194,628681,0FzWvaeMBfKBCqxHTLVlB8
1GxkXlMwML1oSg5eLPiAz3,Michael Bublé,Crazy Love,676998548,201451,3MXDonOIzrIrCh0HvlACyj
4zCH9qm4R2DADamUHMCa6O,Anirudh Ravichander,The Badass Themes,676286071,331329,2ASQq2aq8N3cjMJHzw6H3K
0XwVARXT135rw8lyw1EeWP,Christian Nodal,El Amor En Los Tiempos Del Perreo,675682917,158175,4ARUAVQnIDB02yVO8uvaJE
1wRPtKGflJrBx9BmLsSwlU,Pritam,Remembering KK (All Time Hits),675462697,810421,7AGaEIFIelukDzNBhvZezV
7Ln80lUS6He07XvHI8qqHH,Arctic Monkeys,Tranquility Base Hotel & Casino,673341038,146292,7v6FNgLDS8KmaWA1amUtqe
7Ln80lUS6He07XvHI8qqHH,Arctic Monkeys,Tranquility Base Hotel & Casino,673341038,146292,6gx8diiCmRQn9wkINjd0BJ
0QHgL1lAIqAw0HtD7YldmP,DJ Khaled,GOD DID,671776014,172144,0Ugwmu29r0H1nqIJJoaL9w
0QHgL1lAIqAw0HtD7YldmP,DJ Khaled,GOD DID,671776014,172144,6NuGZnOc88LcZpEkJIbO50
2nszmSgqreHSdJA3zWPyrW,Luis Miguel,Romantico Desde Siempre,671167122,253709,7raoW9DhHdfU9iEU5yZjcE
1elUiq4X7pxej6FRlrEzjM,Jorge & Mateus,Os Anjos Cantam,670891446,635668,0spzPH10djjrUshMB2z9jt
0c173mlxpT3dSFRgMO8XPh,Big Sean,Hall Of Fame (Deluxe),670453318,137027,5RlT8X7XGGLKUhoimrDl54
0c173mlxpT3dSFRgMO8XPh,Big Sean,Hall Of Fame (Deluxe),670453318,137027,2kSTssn90EgrYWNlWZJ9r4
1wRPtKGflJrBx9BmLsSwlU,Pritam,Ajab Prem Ki Ghazab Kahani (Original Motion Picture Soundtrack),670151405,779156,13t8iDyl1vkhPcO3Zl29a9
20sxb77xiYeusSH8cVdatc,Meek Mill,Dreams and Nightmares (Deluxe Edition),669685193,189184,0zhZDmHEtDtok393SbZ3d7
40ZNYROS4zLfyyBSs2PGe2,Zach Bryan,Boys Of Faith,669585095,865272,5wKVor4aDuvn09tJO7WZpY
1bAftSH8umNcGZ0uyV7LMg,Duki,Súper Sangre Joven,666476152,253728,1SbMoaKFJWo8u1tb2dAgHt
137W8MRPWKqSmrBGDBFSop,Wiz Khalifa,O.N.I.F.C.,665651160,168195,3cADAVQ9jNk70UATnhHZXx
0A0FS04o6zMoto8OKPsDwY,YG,4REAL 4REAL,665045083,63776,5zuM1EG06X1J7VsIF1omRm
1ZwdS5xdxEREPySFridCfh,2Pac,Strictly 4 My N.I.G.G.A.Z... (Expanded Edition),664104841,277856,1OWVxa79HkgHGOX8qt9Vxf
2cFrymmkijnjDg9SS92EPM,blackbear,dead,664095875,151828,5cEJ9XTxsUKterwl1nAm2I
4VMYDCV2IEDYJArk749S6m,Daddy Yankee,Mundial (Deluxe Version),664053118,283212,1KvWjARMNg4QmqyLLb0zp1
1mYsTxnqsietFxj1OgoGbG,A.R. Rahman,The Essential Hits of A R Rahman,663901719,741562,7wTqhNcuQeoQiycIyozCuV
6wWVKhxIU2cEi0K81v7HvP,Rammstein,Liebe ist für alle da,661279155,264851,3pksjSyo1w4vAPOenAzM4Z
1GxkXlMwML1oSg5eLPiAz3,Michael Bublé,Call Me Irresponsible,659937288,230504,3h4pyWRJIB9ZyRKXChbX22
1ZwdS5xdxEREPySFridCfh,2Pac,Strictly 4 My N.I.G.G.A.Z...,659807238,275397,7FK1855C3n1Q0RKbmvl7ll
0pePYDrJGk8gqMRbXrLJC8,Luis R Conriquez,"Corridos Bélicos, Vol. IV",659737069,759126,6OOtv7bmTFpSBh1uubgyTb
1elUiq4X7pxej6FRlrEzjM,Jorge & Mateus,"T. E. P., EP 1",659645735,105905,4VGhIs8wUWMu2rKcsXe9Pm
58lV9VcRSjABbAbfWS6skp,Bon Jovi,New Jersey (Deluxe Edition),658800419,332602,3mcKOl0KNe65BqiBa40WxR
3nFkdlSjzX9mRTtwJOzDYB,JAY-Z,The Black Album,657151694,209393,4FWvo9oS4gRgHtAwDwUjiO
3nFkdlSjzX9mRTtwJOzDYB,JAY-Z,The Black Album,657151694,209393,0HsBuTvi6wWDj66sSbvA4H
3KV3p5EY4AvKxOlhGHORLg,Jeremih,Jeremih,656687182,373082,5CKAAsmFCdmKq4fTtNdmHc
3KV3p5EY4AvKxOlhGHORLg,Jeremih,Jeremih,656687182,373082,5pjw8w5tKfWgrKqsaaGBKx
43ZHCT0cAZBISjO8DG9PnE,Elvis Presley,Aloha from Hawaii Via Satellite (Live),655810153,246593,6AUihdKWdT5evm91G7wirB
6tbjWDEIzxoDsBA1FuhfPW,Madonna,Like a Prayer,655103806,419694,48AGkmM7iO4jrELRnNZGPV
6tbjWDEIzxoDsBA1FuhfPW,Madonna,Like a Prayer,655103806,419694,2qmMKmWqpPbsd6dKrZXgSV
0oSGxfWSnnOXhD2fKuz2Gy,David Bowie,Let's Dance (2018 Remaster),653473018,248108,4NwG11AsDJluT732lSjMrV
7Gi6gjaWy3DxyilpF1a8Is,Junior H,CONTINGENTE,652270767,746604,6J0q4a7WkkI6OvlZC4rLpi
6TIYQ3jFPwQSRmorSezPxX,mgk,General Admission (Deluxe),651799804,85317,1HK1WLip5xwWQYixdF3Jsk
20JZFwl6HVl6yg8a4H3ZqK,Panic! At The Disco,Pretty. Odd.,650650312,182794,78EcStHa23JPRmLNan5fST
4tZwfgrHOc3mvqYlEYSvVi,Daft Punk,TRON: Legacy,647855415,717371,4US3nmuLIKELhVZdBPiKxx
3xvaSlT4xsyk6lY1ESOspO,Disney,Beauty And The Beast (Special Edition),646396589,205904,5CXS5K2wldOxL8bweRXBrq
21E3waRsmPlU7jZsS13rcj,Ne-Yo,R.E.D. (Deluxe Edition),645674181,205855,1e5Uy0zFKpSCtuak8LQb8p
21E3waRsmPlU7jZsS13rcj,Ne-Yo,R.E.D. (Deluxe Edition),645674181,205855,4HPdvrPf9RGfJ2hNYrODpC
58lV9VcRSjABbAbfWS6skp,Bon Jovi,New Jersey,644675639,328808,7CNtnpBoG1lsUBWwpnJjwv
7c0XG5cIJTrrAgEC3ULPiq,Ty Dolla $ign,While We Wait,643178475,162746,73ZvpuYhKDr2FW4vlPsTpW
2LRoIwlKmHjgvigdNGBHNo,Feid,BAHÍA DUCATI,642959240,275171,444LqH6QlvR62nY8Vxn37u
487N2T9nIPEHrlTZLL3SQs,Zé Neto & Cristiano,Chaaama,641610602,73340,7c3OrNevQnYSjGRFAjz5C1
487N2T9nIPEHrlTZLL3SQs,Zé Neto & Cristiano,Chaaama,641610602,73340,32Db0Wp1YHCpQW7GBqQbRU
7hJcb9fa4alzcOq3EaNPoG,Snoop Dogg,The Best Of Snoop Dogg,641441353,328489,0knL5fTAXqq9oq4Yeyibc8
12vb80Km0Ew53ABfJOepVz,Ñengo Flow,RealG4Life Vol. 4,640854900,231869,1xYN8n1zN2OuAL2VCrWDTx
1GxkXlMwML1oSg5eLPiAz3,Michael Bublé,To Be Loved (Deluxe),640776631,144190,1nvY8k8WnDRObk8A3cNmRO
487N2T9nIPEHrlTZLL3SQs,Zé Neto & Cristiano,"Escolhas, Vol. 1 (Ao Vivo)",640566606,177441,3Hm805Bj72CboaLxaCJnqC
0oSGxfWSnnOXhD2fKuz2Gy,David Bowie,Rock 'n' Roll Star!,640566116,297818,1bqZP0fgsBTnQaYj4Dte7Z
17lzZA2AlOHwCwFALHttmp,2 Chainz,B.O.A.T.S. II #METIME (Deluxe),639205901,188459,35KyVKa5AMTaOBxSzjSBbK
17lzZA2AlOHwCwFALHttmp,2 Chainz,B.O.A.T.S. II #METIME (Deluxe),639205901,188459,3m0MH2qRupmo8waQOwXkrV
2uYWxilOVlUdk4oV9DvwqK,Mitski,Lush,638785652,470814,22MICAVuz34zzqm4Se5Lga
6icQOAFXDZKsumw3YXyusw,Lil Yachty,Lil Boat 3,633823840,301490,2CYr9450iYkEWq4IWL8plY
4LLpKhyESsyAXpc4laK94U,Mac Miller,Watching Movies with the Sound Off,632600230,215127,5lftuHeYvtCA64xGfUviwS
0oOet2f43PA68X5RxKobEy,Shreya Ghoshal,Best Of Shreya Ghoshal,631523350,861241,4WELDMV021TUCe87ryn25t
0oOet2f43PA68X5RxKobEy,Shreya Ghoshal,Best Of Shreya Ghoshal,631523350,861241,3J4W6QLcNvBpjWu5czXBaC
7n2Ycct7Beij7Dj7meI4X0,TWICE,FANCY YOU,631340664,213733,3aLpWFejbsdyafODLXRqwF
1wZtkThiXbVNtj6hee6dz9,Wisin,La Revolucion,630220868,539745,3Sr7T1yqfT64fTNdJxFWKy
716NhGYqD1jl2wI1Qkgq36,Bizarrap,Atrevido,627283533,230090,1xBoZOfcOsqd77V6AENKYC
66ihevNkSYNzRAl44dx6jJ,Carin Leon,"Boca Chueca, Vol. 1",626980519,1051845,5wkYyTtAUS2Wi6pHYpdsSU
0C8ZW7ezQVs4URX5aX7Kqx,Selena Gomez,I Said I Love You First...,626203865,7792385,6mfLgMAN1pZTa2o4LjVGjX
5ZsFI1h6hIdQRw2ti0hz81,ZAYN,Nobody Is Listening,625557338,158465,2yuQqhSklmfWgn8lmJNk5t
5ZsFI1h6hIdQRw2ti0hz81,ZAYN,Nobody Is Listening,625557338,158465,3uMWm5YRiYJFoqji7wYKsR
1wRPtKGflJrBx9BmLsSwlU,Pritam,KK Hits - Lyrics by Sayeed Quadri,625435603,765712,137bhxzO97nPwFfI9SIrXU
757aE44tKEUQEqRuT6GnEB,Roddy Ricch,Top Shotta,624200457,158184,4dsMe3EBC8xURaxMhyorgf
1elUiq4X7pxej6FRlrEzjM,Jorge & Mateus,É Simples Assim (Ao Vivo),624158459,132432,3KOePCX9vdj3OrAC2ruEFk
20sxb77xiYeusSH8cVdatc,Meek Mill,Dreams and Nightmares,622521435,184355,0JeT6s9dkjm4ZjIe6g4QHr
2dIgFjalVxs4ThymZ67YCE,Stray Kids,ROCK-STAR,622358807,687363,0aJnGEZWIc1VCYlZOXv05a
2IMZYfNi21MGqxopj9fWx8,Rels B,Happy Birthday Flakko,622092330,224207,5aQdVDQFVq43QFPPdSmUO4
58lV9VcRSjABbAbfWS6skp,Bon Jovi,Keep The Faith,621496191,361548,2FbviTPUjgJJUxsGM1sGDq
58lV9VcRSjABbAbfWS6skp,Bon Jovi,Keep The Faith,621496191,361548,1ZtpnvC9pYqIZoXFKbVtnV
0C8ZW7ezQVs4URX5aX7Kqx,Selena Gomez,I Said I Love You First,620751722,7527198,5v7xYJyke25Nmt3l2R7YkR
0C8ZW7ezQVs4URX5aX7Kqx,Selena Gomez,I Said I Love You First,620751722,7527198,6NKinHXUZJNCmVejJfYJKC
1Mxqyy3pSjf8kZZL4QVxS0,Frank Sinatra,My Way (50th Anniversary Edition),619815883,388802,4PLymUW820F199PZEY72Np
7bXgB6jMjp9ATFy66eO08Z,Chris Brown,Breezy,619453226,347553,5kfM4GlfOj2PdcvcRglN86
7bXgB6jMjp9ATFy66eO08Z,Chris Brown,Breezy,619453226,347553,31U6s6obQrBLTqyvqfqzlM
0EmeFodog0BfCgMzAIvKQp,Shakira,She Wolf / Loba,616553983,442437,61m9Q64SegATxUQV2cWkGb
23zg3TcAtWQy7J6upgbUnj,USHER,Here I Stand,616472669,407505,2peB0xKYHSlIWc5boFA6PW
3Nrfpe0tUJi4K4DXYWgMUX,BTS,2 Cool 4 Skool,616177619,239222,6egaEe9JaULuUCkihSnYlH
3PhoLpVuITZKcymswpck5b,Elton John,Don't Shoot Me I'm Only The Piano Player,614829212,306733,1reJ8DttK5EGwdyf7y9FBR
4zCH9qm4R2DADamUHMCa6O,Anirudh Ravichander,"Anirudh Sings, Vol. 01",613606722,428289,1AOMkE4yG9E2p070BVnaYa
4SsVbpTthjScTS7U2hmr1X,Arcángel,Los Favoritos 2,613241335,79804,2TUgzZ8XOE8jm7tDpU4iME
1bAftSH8umNcGZ0uyV7LMg,Duki,Antes de Ameri,612411974,406947,26nUVuonXEdbJTo9PeBYoR
1GxkXlMwML1oSg5eLPiAz3,Michael Bublé,Michael Bublé,611456530,323049,3rpSksJSFdNFqk5vne8at2
13ubrt8QOOCPljQ2FL1Kca,A$AP Rocky,LIVE.LOVE.A$AP,611405967,683050,4l6EPpP9hjQrLb8qNB9eC5
1Xyo4u8uXC1ZmMpatF05PJ,The Weeknd,Thursday (Original),610698292,273598,6F87lH0I09qlrzvCCKc7lz
3Nrfpe0tUJi4K4DXYWgMUX,BTS,FACE YOURSELF,610427690,122231,66J1OXSaS3hBZASOV3el8t
6tbjWDEIzxoDsBA1FuhfPW,Madonna,"Deadpool & Wolverine: Madonna's ""Like a Prayer"" EP",609748267,432403,4Uolzy4jMibs7tewebgYA0
4zCH9qm4R2DADamUHMCa6O,Anirudh Ravichander,3 (Original Motion Picture Soundtrack),607744343,530101,3KxiTZwnVuot6XVWRqh4PZ
4zCH9qm4R2DADamUHMCa6O,Anirudh Ravichander,3 (Original Motion Picture Soundtrack),607744343,530101,3FbSTiZTqp13YPBLlzAJlQ
4VMYDCV2IEDYJArk749S6m,Daddy Yankee,El Cartel: The Big Boss,606265203,303284,5VH6n4EzceIp8cOfHcVz9S
3e7awlrlDSwF3iM0WBjGMp,Little Mix,Salute (Expanded Edition),603957566,104268,4cH9WxyfNWlfR257RitWBt
3YQKmKGau1PzlVlkL1iodx,Twenty One Pilots,Clancy,601776858,1268671,1KFWgQTw3EMTQebaaepVBI
0oSGxfWSnnOXhD2fKuz2Gy,David Bowie,"""Heroes"" (2017 Remaster)",600494423,203706,4I5zzKYd2SKDgZ9DRf5LVk
3mIj9lX2MWuHmhNCA7LSCW,The 1975,Notes On A Conditional Form,599535093,165483,0o5xjCboti8vXhdoUG9LYi
2EMAnMvWE2eb56ToJVfCWs,Bryson Tiller,Bryson Tiller,598834661,716415,0frVQ5nctt6zS9ZR1g5HMX
43ZHCT0cAZBISjO8DG9PnE,Elvis Presley,Aloha From Hawaii Via Satellite (Deluxe Edition),598193838,231619,5X3C75j0EXwudyUS6UiEVD
43ZHCT0cAZBISjO8DG9PnE,Elvis Presley,Elvis Presley,598073660,192555,7GXP5OhYyPVLmcVfO9Iqin
7n2Ycct7Beij7Dj7meI4X0,TWICE,Merry & Happy,597832782,220774,0R7pj4tnmcoUulrZGPo6nw
4npEfmQ6YuiwW1GpUmaq3F,Ava Max,Diamonds & Dancefloors,596023336,184120,5NgQit6EhPnx84bxgVVDRQ
3xvaSlT4xsyk6lY1ESOspO,Disney,Descendants 3 (Original TV Movie Soundtrack),595760273,283040,1rDO59SgTsY1HV5ZBtl9Hy
1Mxqyy3pSjf8kZZL4QVxS0,Frank Sinatra,My Way (Expanded Edition),595203752,373228,3IdNQBn7De23AVyv2V67wn
66ihevNkSYNzRAl44dx6jJ,Carin Leon,"Encerrados Pero Enfiestados, Vol. 1 (En Vivo)",594855790,177512,6eMs2ZZt8PDdOj9QKNjhfg
0LcJLqbBmaGUft1e9Mm8HV,ABBA,Waterloo (Deluxe Edition),594737230,294682,4hHXvnHGn6pmHhdnnmNdmn
3WrFJ7ztbogyGnTHbHJFl2,The Beatles,With The Beatles (Remastered),594722802,237900,1aYdiJk6XKeHWGO3FzHHTr
20sxb77xiYeusSH8cVdatc,Meek Mill,DC4,593620426,193054,6sNbRwX0lZREkdmUSDsVzo
4zCH9qm4R2DADamUHMCa6O,Anirudh Ravichander,Jawan,590296193,297436,3WLJmMZUeDOuERFAk1Mxs6
4zCH9qm4R2DADamUHMCa6O,Anirudh Ravichander,Jawan,590296193,297436,3HfFJxCkTlyZpomZ8isXer
1r4hJ1h58CWwUQe3MxPuau,Maluma,PB.DB. The Mixtape,589987962,211665,6aAnALBukLj6fVuwfnMkvc
0LcJLqbBmaGUft1e9Mm8HV,ABBA,Waterloo,589524431,293063,5gSBDA6ufk8UZejT4XR7av
5y2Xq6xcjJb2jVM54GHK3t,John Legend,DARKNESS AND LIGHT,589515948,55172,7xMjYDrgPLp1ReFGAOyS1O
2QsynagSdAqZj3U9HgDzjD,Bob Marley & The Wailers,Rastaman Vibration,589494813,327179,6Gdf5vvFmoEwcsEV61tXiT
2QsynagSdAqZj3U9HgDzjD,Bob Marley & The Wailers,Rastaman Vibration,589494813,327179,1FictwFMH9Uv1LE8zw4pZu
1uNFoZAHBGtllmzznpCI3s,Justin Bieber,Believe Acoustic,589314206,84116,4yz9rO7Q1UC2rK5eLOxmS7
1anyVhU62p31KFi8MEzkbf,Chance the Rapper,The Big Day,588070136,41645,27Z9dFpWc5c1cW7axN9Dy6
0KPX4Ucy9dk82uj4GpKesn,Dalex,Modo Avión,587990863,110314,7GUGpSBpdK6cJmWO3KdA7r
66ihevNkSYNzRAl44dx6jJ,Carin Leon,Inédito,587219534,244083,2OsszrrYft2W0pprUj7jyX
31W5EY0aAly4Qieq6OFu6I,A Boogie Wit da Hoodie,Me vs. Myself,586978798,208843,2vM2H6lyPfitmNZlc1Vrxv
3tlXnStJ1fFhdScmQeLpuG,Brent Faiyaz,Sonder Son,586954755,416183,5Bp1EX2ypdFnJ5IUyiRl8w
2nszmSgqreHSdJA3zWPyrW,Luis Miguel,Latin Classics,586211118,226113,0wXfbN7mRkmZPkfJjkHSMP
0NGAZxHanS9e0iNHpR8f2W,Alok,Annual 2021,586040973,126514,66cSCYHzE9eWbgtICJ7ceI
1VPmR4DJC1PlOtd0IADAO0,$uicideboy$,New World Depression,584769153,923422,1lKWIQuLHxdlifTuudutTl
43ZHCT0cAZBISjO8DG9PnE,Elvis Presley,Elvis: As Recorded at Madison Square Garden (Live),584276855,228798,3jEgFCvP4h9ENjnoyystsy
4LLpKhyESsyAXpc4laK94U,Mac Miller,Macadelic,583251286,264877,1xCNBnc7Gm2VudnyeyZ11Q
757aE44tKEUQEqRuT6GnEB,Roddy Ricch,LIVE LIFE FAST,582289120,159556,1eVrpJbHRLBbioB9sb5b94
7vk5e3vY1uw9plTHJAMwjN,Alan Walker,Walkerworld 2.0,582253055,869992,1R9fympoRsZJGpgNvMcJr2
7MiDcPa6UiV3In7lIM71IN,Gusttavo Lima,O Embaixador - The Legacy (Ao Vivo),581962659,54063,78YLa6QF2hX4A0QIX80QGy
3AA28KZvwAUcZuOKwyblJQ,Gorillaz,The Now Now,581450952,182122,1amYhlukNF8WdaQC3gKkgL
1l7ZsJRRS8wlW3WfJfPfNS,Christina Aguilera,Back To Basics,581270509,174069,0zRJsgzHZUUdk8Rjk6Segd
26dSoYclwsYLMAKD3tpOr4,Britney Spears,Britney (Digital Deluxe Version),579152654,290624,5ax3GTsfX5uCUaNgnJsSG5
487N2T9nIPEHrlTZLL3SQs,Zé Neto & Cristiano,Um Novo Sonho - Deluxe,578843781,392201,2uWVAReCZBKft4bKCDSEMy
22bE4uQ6baNwSHPVcDxLCe,The Rolling Stones,Halloween,578541590,276802,6o3L6PGqSSetdmiuAirpgX
163tK9Wjr9P9DmM0AVK7lm,Lorde,Solar Power (Deluxe Edition),578496557,236604,3lK2JRwfIOn2NaYtgEGTmZ
22bE4uQ6baNwSHPVcDxLCe,The Rolling Stones,Love,577603450,289603,1Ye7yrA7vAlQnoooj8yDXb
22bE4uQ6baNwSHPVcDxLCe,The Rolling Stones,Love,577603450,289603,5szcpKyfDbA0Of5kUC6qe0
4MCBfE4596Uoi2O4DtmEMz,Juice WRLD,The Party Never Ends 2.0,575519699,1398342,7kOpqRCEqTTzcGc4CwEFph
6icQOAFXDZKsumw3YXyusw,Lil Yachty,Lil Boat,574680104,53641,4bJqW1SBOvsfcEzZwsjdjx
50co4Is1HCEo8bhOyUWKpn,Young Thug,Punk,574589828,219087,7IKkHmEk4It4cRdOYanyvW
1VPmR4DJC1PlOtd0IADAO0,$uicideboy$,Eternal Grey,573480872,230025,2hAoB9uIsHVFABuuOREFmB
5ZsFI1h6hIdQRw2ti0hz81,ZAYN,Melt (Deluxe),573369307,97427,5wg6T8bCVnRk3ToKy0yXG5
3qm84nBOXUEQ2vnTfUTTFC,Guns N' Roses,G N' R Lies,572826916,243505,6z5LStxyQzrUTrVxjiOXVU
2YZyLoL8N0Wb9xBt1NhZWg,Kendrick Lamar,untitled unmastered.,572260748,273433,0kL3TYRsSXnu0iJvFO3rud
1r4hJ1h58CWwUQe3MxPuau,Maluma,The Love & Sex Tape (Deluxe Edition),572037099,198170,0C3ZDkBKTqGvwZzqaZMigT
50co4Is1HCEo8bhOyUWKpn,Young Thug,Slime Season 3,571840775,357193,2z4c8M8aVzl7CTobIp36KF
5me0Irg2ANcsgc93uaYrpb,The Notorious B.I.G.,Duets: The Final Chapter,571473458,231817,2M6rjUsC2T3KJ8Ku2uTTQG
7c0XG5cIJTrrAgEC3ULPiq,Ty Dolla $ign,Beach House 3,571103232,44928,7Dj0aaKI4RpehMPqOu56mW
6Te49r3A6f5BiIgBRxH7FH,Ninho,Comme prévu,570022269,246408,632kJTmJZKpr1zuEbt21c8
4LLpKhyESsyAXpc4laK94U,Mac Miller,Blue Slide Park (Commentary Version),569841729,215142,3jRFaGrEgmH4amGNQrEVhW
4V8Sr092TqfHkfAA5fXXqG,Luis Fonsi,2En1,568872288,278062,3OxL5Ek8dkhW127ZlAuA3o
1wRPtKGflJrBx9BmLsSwlU,Pritam,Bollywood Hits By Pritam,567615280,603128,6UtgXbhq3Y2HISrGamfnro
2nszmSgqreHSdJA3zWPyrW,Luis Miguel,¡MÉXICO Por Siempre!,567325757,196134,46FkZmwdxnGPVXUTTfhche
1Mxqyy3pSjf8kZZL4QVxS0,Frank Sinatra,The World We Knew,566568651,485607,67Evm6gPc9wFSUf1aXOrKO
4LLpKhyESsyAXpc4laK94U,Mac Miller,Blue Slide Park,566454910,214631,17mAoDs7T8EA9zzlj6QPBv
2feDdbD5araYcm6JhFHHw7,Labrinth,Electronic Earth (Expanded Edition),566436698,109152,6PBBbXmYV7dKnaik0fjkOI
43ZHCT0cAZBISjO8DG9PnE,Elvis Presley,Elvis On Tour,565745536,218954,7GsLjMQBwLaKbXHTV9s11S
6oMuImdp5ZcFhWP0ESe6mG,Migos,No Label II,565431248,137819,1NIzKm1DqvComMoEF1FZPQ
4UXqAaa6dQYAk18Lv7PEgX,Fall Out Boy,Folie à Deux,565324658,221005,6LMC7ZuVNDUQ0tHpGKdd9K
4UXqAaa6dQYAk18Lv7PEgX,Fall Out Boy,Folie à Deux,565324658,221005,6LMC7ZuVNDUQ0tHpGKdd9K
2dIgFjalVxs4ThymZ67YCE,Stray Kids,ATE,560116361,1233946,3WdsoMKRqtw5Sgg67YrpnY
51Blml2LZPmy7TTiAg47vQ,U2,War (Deluxe Edition Remastered),560078732,202419,4Saua162eaEOksYc8TrB74
1pQWsZQehhS4wavwh7Fnxd,Lenny Tavárez,ENR,559409571,264218,7c3cZS4ScoPCEmtZFIPqLF
2dIgFjalVxs4ThymZ67YCE,Stray Kids,SKZ-REPLAY,558987406,394402,3UXrliH0JUQvcaLnBD8Txz
7wlFDEWiM5OoIAt8RSli8b,YoungBoy Never Broke Again,The Last Slimeto,558982041,267966,1ZCsPUZ7j9dTqjhU2I36tw
25uiPmTg16RbhZWAqwLBy5,Charli xcx,CRASH (Deluxe),558790655,228676,3lb7EyEcWhZOK0SpZ2dNpn
25uiPmTg16RbhZWAqwLBy5,Charli xcx,Charli,558229142,163291,386IqvSuljaZsMjwDGGdLj
711MCceyCBcFnzjGY4Q7Un,AC/DC,Dirty Deeds Done Dirt Cheap,558027281,235412,76mvVgXOde87B9aOzLXCOI
1SupJlEpv7RS2tPNRaHViT,Nicky Jam,Infinity,557302873,91783,2nRRfeEazBN10vZdPFmQME
1r4hJ1h58CWwUQe3MxPuau,Maluma,The Love & Sex Tape,556531511,192966,1CppHlux7Tg0ZUhWEaUudh
2RQXRUsr4IW1f3mKyKsy4B,Noah Kahan,Hurt Somebody,555165897,272204,3uttrFp0c8lGjRR5pTtCFQ
2RQXRUsr4IW1f3mKyKsy4B,Noah Kahan,Hurt Somebody,555165897,272204,4tpVFjYKSR6ivXVK5YXEc4
74KM79TiuVKeVCqs8QtB0B,Sabrina Carpenter,Singular Act II,555152419,424791,19KilSbbeHRFFZM7ChwTdP
163tK9Wjr9P9DmM0AVK7lm,Lorde,Solar Power,554842658,223240,4SBl4zvNIL4H137YRf2P0J
46SHBwWsqBkxI7EeeBEQG7,Kodak Black,Lil Big Pac,553520515,156251,6dAUCUgPdEiorKV7101AtE
0hEurMDQu99nJRq8pTxO14,John Mayer,Born and Raised,553068938,120089,6S0BIiWtnqU0PtumXMpin0
7n2Ycct7Beij7Dj7meI4X0,TWICE,Feel Special,552954985,157955,3NQBPabmRm3LzVcmtkTLfo
1Xyo4u8uXC1ZmMpatF05PJ,The Weeknd,Echoes Of Silence (Original),551431517,194630,04hy4jb1GDD00otiwzsFUB
4V8Sr092TqfHkfAA5fXXqG,Luis Fonsi,8 (Deluxe),550954124,206083,33yUZhJNBRKhl4dbVC2h7K
1ZwdS5xdxEREPySFridCfh,2Pac,R U Still Down? [Remember Me],550616511,352924,7zURSbIVZ5vl3NIKkrVRvl
0k17h0D3J5VfsdmQ1iZtE9,Pink Floyd,The Division Bell,550133712,235551,5F0IQXuHfTV7SBvZVnXERl
3xvaSlT4xsyk6lY1ESOspO,Disney,Walt Disney Records The Legacy Collection: Aladdin,549917067,174868,2k9FuG5GyW61y2a0j4R3vP
181bsRPaVXVlUKXrxwZfHK,Megan Thee Stallion,Fever,549715748,108396,10w5joVHMAc9WMfGrQQMmo
181bsRPaVXVlUKXrxwZfHK,Megan Thee Stallion,Fever,549715748,108396,5WLquTz7nUnsHCj80b6wci
1bfl0AU8SqmLkElptOprhC,Jul,Márchate Y Olvídame,548969060,371991,1laTU2tuhmcjEaZHCgwOiP
329e4yvIujISKGKz1BZZbO,Farruko,Farruko Presents Los Menores,548568684,284767,4ic94lYuJ37YBXfgsMDUWf
4oUHIQIBe0LHzYfvXNW4QM,Morgan Wallen,Stand Alone (10th Anniversary Deluxe Edition),545243893,587712,5DDVH0WdBqbQg7XriGDFEw
7CajNmpbOovFoOoasH2HaY,Calvin Harris,Funk Wav Bounces Vol. 2,544451789,133866,49DV9eFp2xTdtO7veew5xS
7wlFDEWiM5OoIAt8RSli8b,YoungBoy Never Broke Again,4Respect 4Freedom 4Loyalty 4WhatImportant,542595440,143883,4tCZ22E9RnUz09OaDJfaoO
5Pwc4xIPtQLFEnJriah9YJ,OneRepublic,Sunshine. The EP,541755175,317873,0XXoRMuytQq5EFiNmMXL6c
13y7CgLHjMVRMDqxdx0Xdo,Gucci Mane,The Return of East Atlanta Santa,541383371,75444,4MoVPs5mVFmZ4N6RmNTFWB
3hcs9uc56yIGFCSy9leWe7,Lil Durk,The Voice,540631754,185584,6qLAqi2b2AfVBaLVesidfC
3hcs9uc56yIGFCSy9leWe7,Lil Durk,The Voice,540631754,185584,33lOYXjswrDuzTqTNJYSWy
6Te49r3A6f5BiIgBRxH7FH,Ninho,M.I.L.S 2.0,539445676,437929,0hl8Hs6SM4NfS5TOrkOfRU
0hCNtLu0JehylgoiP8L4Gh,Nicki Minaj,Barbie World (with Aqua) [From Barbie The Album],536538996,153746,5CM66hwjlbZ06LhONWXOAs
0hCNtLu0JehylgoiP8L4Gh,Nicki Minaj,Barbie World (with Aqua) [From Barbie The Album],536538996,153746,5g1PlQbcnlR5LtbJhSeCCC
46SHBwWsqBkxI7EeeBEQG7,Kodak Black,Institution,536456903,403917,4J5QtgOhv6tPCsxxifVskj
25uiPmTg16RbhZWAqwLBy5,Charli xcx,CRASH,536243225,215728,1QqipMXWzJhr6yfcNKTp8B
3PhoLpVuITZKcymswpck5b,Elton John,Caribou (Remastered 1995),535003002,68294,2R5dzEQT6MDsnwiZSpWgqC
4V8Sr092TqfHkfAA5fXXqG,Luis Fonsi,8,534949021,205689,7ElgbFW58sWjN1Y7yi0Opi
4V8Sr092TqfHkfAA5fXXqG,Luis Fonsi,8,534949021,205689,3dnAanoquMtbaksF7pUjyI
6Xgp2XMz1fhVYe7i6yNAax,Trippie Redd,!,534376741,123077,2trqp8gTJ1MMmY9HoKqO2y
6Xgp2XMz1fhVYe7i6yNAax,Trippie Redd,!,534376741,123077,6sjzGtfTvoen7sF4QIZU3J
2dIgFjalVxs4ThymZ67YCE,Stray Kids,MAXIDENT,533961347,290721,0T6hYH0UyDjNraWZk2mZWi
40ZNYROS4zLfyyBSs2PGe2,Zach Bryan,"Quiet, Heavy Dreams",533719864,383733,70KAbDjO08A8nfTLShbraZ
0fA0VVWsXO9YnASrzqfmYu,Kid Cudi,Indicud,533548756,109802,262o5a05pMUDSV2uzo5EwQ
2dIgFjalVxs4ThymZ67YCE,Stray Kids,SKZ2020,531799278,342891,6QIWJVJPPgAA5c4aIb1zCA
4gzpq5DPGxSnKTe4SA8HAU,Coldplay,Moon Music (Full Moon Edition),531490202,1399377,1PdMoahMiMnqWfzWZs3xSI
6wWVKhxIU2cEi0K81v7HvP,Rammstein,Rosenrot,531205485,245837,3ujsh5jQMOFqIbP7sWruEt
0eHQ9o50hj6ZDNBt6Ys1sD,Yandel,La Criatura,531129841,140758,3C2Y8YZGNyGqXZLPHPUMj3
0eHQ9o50hj6ZDNBt6Ys1sD,Yandel,La Criatura,531129841,140758,1I3LgD2guIdlw80pDNQ7l8
64KEffDW9EtZ1y2vBYgq8T,Marshmello,Joytime,529042665,56779,6opKASPALOkPwCfHvqIS9H
4DdkRBBYG6Yk9Ka8tdJ9BW,Offset,SET IT OFF,528989240,303569,1D1hLipjrdB6pnxurMtC3E
4DdkRBBYG6Yk9Ka8tdJ9BW,Offset,SET IT OFF,528989240,303569,1dvFlkLfxQ9NsmZ61FUO4W
4zCH9qm4R2DADamUHMCa6O,Anirudh Ravichander,Thiruchitrambalam (Original Motion Picture Soundtrack),527380551,249046,7ExIcsujDv181OmUEWFMmu
4V8Sr092TqfHkfAA5fXXqG,Luis Fonsi,Lo Mejor De...,526820037,290819,2rWkd0DyrYRbXCmp06okTJ
4zCH9qm4R2DADamUHMCa6O,Anirudh Ravichander,Rockstar Anirudh Special,526727224,482898,43MRDI02yQ8V1lGyveTq4C
20sxb77xiYeusSH8cVdatc,Meek Mill,Wins & Losses (Deluxe Edition),526027063,114163,2OWLbSd0bRFLw2M0KlgrgJ
2jku7tDXc6XoB6MO2hFuqg,Tory Lanez,MEMORIES DON'T DIE,525622935,43452,4RQIHpmmapmEpOFNi2GvAB
7vk5e3vY1uw9plTHJAMwjN,Alan Walker,Walker Racing League,525591678,141234,4pOEwzaAsyQwh40tCEEcVV
23zg3TcAtWQy7J6upgbUnj,USHER,Looking 4 Myself (Expanded Edition),525546193,162887,7eyuQZCLG5tdjWpKZbDE8g
51Blml2LZPmy7TTiAg47vQ,U2,War (Remastered),525273394,195598,6GaqU0TlYBKHUiSJ0AT9A2
4V8Sr092TqfHkfAA5fXXqG,Luis Fonsi,Muve Sessions: 8,525245240,203707,2a9wiaV1xUcPq28aV4DZoc
4Z8W4fKeB5YxbusRsdQVPb,Radiohead,A Moon Shaped Pool,524677470,235640,2ix8vWvvSp2Yo7rKMiWpkg
5cj0lLjcoR7YOSnhnX0Po5,Doja Cat,Purrr!,524597031,565515,6qLRpElUtErtN1VJa8tS5Y
3e7awlrlDSwF3iM0WBjGMp,Little Mix,Rx,524377672,147940,5vegvIWwKcdSc8gYfirlgx
66CXWjxzNUsdJxJ2JdwvnR,Ariana Grande,Wicked: The Soundtrack,524052102,1276430,3JUrJP460nFIqwjxM19slT
66CXWjxzNUsdJxJ2JdwvnR,Ariana Grande,Wicked: The Soundtrack,524052102,1276430,1gLo9HojTvd3vN5rqPvk0I
1dfeR4HaWDbWqFHLkxsg1d,Queen,The Miracle (Collector's Edition),524020493,224264,3CY1m3w0rn3MEiYrDEpiAv
1mYsTxnqsietFxj1OgoGbG,A.R. Rahman,"Timeless at 50 : A.R. Rahman, Vol. 2",523922986,433246,3RCgSsPJSA2rwG94IL0aoy
53XhwfbYqKCa1cC15pYq2q,Imagine Dragons,Shots EP,523173132,243141,5R4Ak5SlTSaVnXNZQQ5CX2
53XhwfbYqKCa1cC15pYq2q,Imagine Dragons,Shots EP,523173132,243141,51ubMlHxh1pZ95mVB0KMOY
2IMZYfNi21MGqxopj9fWx8,Rels B,a new star (1 9 9 3),522865626,726812,6MxVqDR6nACRxGSePfK9y4
4V8Sr092TqfHkfAA5fXXqG,Luis Fonsi,Ley De Gravedad,522557352,76776,21wimzvehpbiBmJS0upDr6
4V8Sr092TqfHkfAA5fXXqG,Luis Fonsi,Ley De Gravedad,522557352,76776,4iuzVlCaj60ttwNyV1tHFg
0LcJLqbBmaGUft1e9Mm8HV,ABBA,The Visitors (Deluxe Edition),521774771,348323,5GByGaws7Cw0t28kjvAOzV
4SsVbpTthjScTS7U2hmr1X,Arcángel,"Sentimiento, Elegancia Y Maldad",521700175,354046,61bxUN2kedSEPjpvuLtSYe
4SsVbpTthjScTS7U2hmr1X,Arcángel,"Sentimiento, Elegancia Y Maldad",521700175,354046,3jdYDg5KQ9d8uBGleBlGYY
1bAftSH8umNcGZ0uyV7LMg,Duki,Temporada de Reggaetón,520840663,127431,48vGyeerQqM7mWU0JzRkAl
0C0XlULifJtAgn6ZNCW2eu,The Killers,Battle Born (Deluxe Edition),520759004,125458,6P6DYLagXUhE5Qq2l79Ef1
1yR65psqiazQpeM79CcGh8,Marília Mendonça,Marília Mendonça (Ao Vivo),519215154,234381,6nnJLINVAKak77GBlfZ4XF
1i8SpTcr7yvPOmcqrbnVXY,Ozuna,Los Dioses,519010724,115926,28adqly9V7wm5DFr7hlqtK
12GqGscKJx3aE4t07u7eVZ,Peso Pluma,EL CANTANTE DEL GHETTO,516019899,374222,0d9r31X5eeyHWLkYAZIxmE
4V8Sr092TqfHkfAA5fXXqG,Luis Fonsi,Palabras Del Silencio (Edición Aniversario - Un Año Despues),515694192,251607,5gCxcHCAA50nboku1ks180
1elUiq4X7pxej6FRlrEzjM,Jorge & Mateus,Check-In (Ao Vivo),515651668,1112480,5Cs1VjhgG8FmA5rv5iXe3r
1anyVhU62p31KFi8MEzkbf,Chance the Rapper,Acid Rap,515037874,141599,7Ffm3ZluTZRYEdlE5Jjlid
2QsynagSdAqZj3U9HgDzjD,Bob Marley & The Wailers,Survival,513868002,295164,555WY4PFhQaqYEO0r65kBn
2QsynagSdAqZj3U9HgDzjD,Bob Marley & The Wailers,Survival,513868002,295164,09Df7mUZBQwbDYgvE0t30r
0C0XlULifJtAgn6ZNCW2eu,The Killers,Wonderful Wonderful (Deluxe),513854419,120375,5TMnKX3SaYXgYsmFuH8mxB
0LcJLqbBmaGUft1e9Mm8HV,ABBA,The Visitors,513785504,346273,3JHZ83ohEBDLFQfbVfDHFh
5XJDexmWFLWOkjOEjOVX3e,Eladio Carrion,SEN2 KBRN VOL. 2,512778281,292194,3lsdB3dY4odywNI42KV6D9
0L8ExT028jH3ddEcZwqJJ5,Red Hot Chili Peppers,I'm with You,512566123,117156,5wZtSIvijWCMc1vlPFqAyB
3e7awlrlDSwF3iM0WBjGMp,Little Mix,DNA (Expanded Edition),512144329,97950,7B8LPRplA8cByTSzgQvdxd
0fA0VVWsXO9YnASrzqfmYu,Kid Cudi,"Passion, Pain & Demon Slayin'",510880502,94157,5bCk3kWAy2JbbTfHqzZCII
5he5w2lnU9x7JFhnwcekXX,Skrillex,Quest For Fire,510818734,368847,7tWP3OG5dWphctKg4NMACt
6DPYiyq5kWVQS4RGwxzPC7,Dr. Dre,Dr. Dre & Friends,510210670,315298,0skEOUcY4n8oeoD5zbqrIG
1yR65psqiazQpeM79CcGh8,Marília Mendonça,Agora É Que São Elas 2 (Ao Vivo | Acústico),510130674,116884,2NLcvAUpdh2P3iIZxiEbs4
2nszmSgqreHSdJA3zWPyrW,Luis Miguel,Celebridades- Luis Miguel,510053075,163668,1cpQHKtfCtrxMz7zUlX7of
4xRYI6VqpkE3UwrDrAZL8L,Logic,YSIV,509894901,51636,1lyjkFTJ6yxUyNYysWVBo9
4V8Sr092TqfHkfAA5fXXqG,Luis Fonsi,Palabras Del Silencio,509194830,249857,6Okzw7GjVmIAbvILWWfigy
2nszmSgqreHSdJA3zWPyrW,Luis Miguel,Palabra De Honor,509172735,206767,45xKQlOetCnDcZxRu4tEwh
4gzpq5DPGxSnKTe4SA8HAU,Coldplay,Moon Music,508651020,1346686,5SGtrmYbIo0Dsg4kJ4qjM6
487N2T9nIPEHrlTZLL3SQs,Zé Neto & Cristiano,Ao Vivo em São José do Rio Preto (Deluxe),508198371,212470,7eKb9OUJogXHVngYaCxTCR
4IWBUUAFIplrNtaOHcJPRM,James Arthur,Bitter Sweet Love (Deluxe),507475755,436822,77RV71qonUUyGIJdmHyl4N
14zUHaJZo1mnYtn6IBRaRP,Justin Quiles,Realidad,506902805,57565,1OOSq9FkFZ7GcIpaJr9dYL
2jku7tDXc6XoB6MO2hFuqg,Tory Lanez,PLAYBOY,505433714,422450,1pUJnA3OSbvVr5afqxNARZ
2jku7tDXc6XoB6MO2hFuqg,Tory Lanez,PLAYBOY,505433714,422450,0ccEYmcKK8UKt5zZ0lGgJ7
23zg3TcAtWQy7J6upgbUnj,USHER,My Way (25th Anniversary Edition),505390282,209309,3ideAfrVvWpeZkKB9fOz81
0C0XlULifJtAgn6ZNCW2eu,The Killers,Wonderful Wonderful,505223716,119064,72ZfMxLCPG8mlWC0TXfZQi
0C0XlULifJtAgn6ZNCW2eu,The Killers,Battle Born,505059131,123150,3bvS3DlTwV35j2qwFhDvxx
6tbjWDEIzxoDsBA1FuhfPW,Madonna,La Isla Bonita,504717494,439526,5XU3Ut4LhXAkr33Ui5z0GJ
3aQeKQSyrW4qWr35idm0cy,T-Pain,Rappa Ternt Sanga (Expanded Edition),503582738,275939,21dqbZplVbX1gMMdqOLvWI
3aQeKQSyrW4qWr35idm0cy,T-Pain,Rappa Ternt Sanga (Expanded Edition),503582738,275939,2F8I8AjYjRW3Dmve63uVWF
738wLrAtLtCtFOLvQBXOXp,Major Lazer,Que Calor (with J Balvin & El Alfa) [Remixes],502657102,186131,2eqfwSt4skj3jNSF2x8neb
23zg3TcAtWQy7J6upgbUnj,USHER,My Way,501017824,208062,6c6U1oQ9lkXAR8DPyuEttf
23zg3TcAtWQy7J6upgbUnj,USHER,My Way,501017824,208062,0fQdoem8dnrl80YcZzQ8f0
23zg3TcAtWQy7J6upgbUnj,USHER,My Way,501017824,208062,2TBHFQH8Tb6NbgiVkm12S1
4LLpKhyESsyAXpc4laK94U,Mac Miller,Faces,500138611,216060,5SKnXCvB4fcGSZu32o3LRY
2nszmSgqreHSdJA3zWPyrW,Luis Miguel,El Concierto,499287963,191690,6efyUFJcUK18KRFTMoxNSI
1yR65psqiazQpeM79CcGh8,Marília Mendonça,Nosso Amor Envelheceu,499137165,232761,3WEsPzvaeaof6wNMhL49oh
20sxb77xiYeusSH8cVdatc,Meek Mill,Wins & Losses,499113102,109269,2SCQAZZ5pc90l9SPBsWCIQ
6TIYQ3jFPwQSRmorSezPxX,mgk,Lace Up (Deluxe),498908920,84465,5NzdnPboXcqvuvyEH1wSEJ
6XyY86QOPPrYVGvF9ch6wz,Linkin Park,The Hunting Party,498900142,194098,3XB2yloP7l00tEUmaODtVi
6vXTefBL93Dj5IqAWq6OTv,French Montana,Excuse My French (Deluxe 2.0),498877356,67127,1l3H0aPipDIi5XAbthkciZ
1yxSLGMDHlW21z4YXirZDS,Black Eyed Peas,ELEVATION,498020150,144567,1mXYeysTByG8rC6YCFNwpn
1yxSLGMDHlW21z4YXirZDS,Black Eyed Peas,ELEVATION,498020150,144567,0S9DWXx2fextbZkqM9Xp5J
1yxSLGMDHlW21z4YXirZDS,Black Eyed Peas,ELEVATION,498020150,144567,1vGAYw10VOo6EFAw2PnPL1
7Gi6gjaWy3DxyilpF1a8Is,Junior H,$ad Boyz 4 Life,497694251,540427,0X24VcVf6nQJ52c5QmncsO
28gNT5KBp7IjEOQoevXf9N,Camilo,cuatro,496866159,946077,1IwCEfVYg8KlEankYmqeP7
7n2Ycct7Beij7Dj7meI4X0,TWICE,The Feels,495857070,162095,5kaDKzyrE5Cx9c4mLQZ6b1
1ZwdS5xdxEREPySFridCfh,2Pac,Loyal To The Game,495018053,153185,33lk2GnP8cJzl7cd1OJrXn
1pQWsZQehhS4wavwh7Fnxd,Lenny Tavárez,Hecho En Medellín,493816039,142682,50SdnzlrXUMadt9JYeaJSh
3nFkdlSjzX9mRTtwJOzDYB,JAY-Z,The Blueprint (Explicit Version),493260176,193810,69CmkikTHkGKdkrUZTtyWl
1anyVhU62p31KFi8MEzkbf,Chance the Rapper,Acid Rap (10th Anniversary - Complete Edition),490815329,148352,3rYMmOfNQlWXYrbd8yXqJ1
6FBDaR13swtiWwGhX1WQsP,blink-182,Dude Ranch,490653302,186177,0RADUK8yTUBidzBke6Eszq
55Aa2cqylxrFIXC767Z865,Lil Wayne,I Am Not A Human Being,490369394,186920,5vfnsOgLqsgmEb3vGyc2FO
66ihevNkSYNzRAl44dx6jJ,Carin Leon,Amanecida Con Todo y Con Todos,489658699,136535,6f58BEZ1o41iN4p6a1ylWX
5he5w2lnU9x7JFhnwcekXX,Skrillex,Scary Monsters and Nice Sprites EP,488551467,148457,35tQBmq1RblVUzAvfsw5uO
3fMbdgg4jU18AjLCKBhRSm,Michael Jackson,Invincible,488149784,474267,52E4RP7XDzalpIrOgSTgiQ
52iwsT98xCoGgiGntTiR7K,Quevedo,BUENAS NOCHES,487145113,1740246,3V2ApPxUSquOkjLQU3wmjh
7oPftvlwr6VrsViSDV7fJY,Green Day,Insomniac,486788293,426132,2MoRlkkEUNMtOGKn6OJTLi
7oPftvlwr6VrsViSDV7fJY,Green Day,Insomniac,486788293,426132,7d3nOmFvL51roNElAdpi9d
2feDdbD5araYcm6JhFHHw7,Labrinth,Ends & Begins,486424608,294556,5kGUy2eONqGocT26fvKo9v
2ye2Wgw4gimLv2eAKyk1NB,Metallica,Death Magnetic,485787775,201364,0lf5ceMub7KQhLfGxCdM06
5XJDexmWFLWOkjOEjOVX3e,Eladio Carrion,Sol María,484828817,436944,2zE9RJSh5sMV0NJ8Oc8k5s
4YRxDV8wJFPHPTeXepOstw,Arijit Singh,2016 Shining Star - Arijit Singh,484424006,551885,5Qi2odXJ7C5Hggha06uPWn
3aQeKQSyrW4qWr35idm0cy,T-Pain,Revolver (Expanded Edition),484368378,141554,7rWNM4Q11nvmpHOuSnLFME
3aQeKQSyrW4qWr35idm0cy,T-Pain,Revolver (Expanded Edition),484368378,141554,7Al1rF6gcNAitPFZkpicu0
3Nrfpe0tUJi4K4DXYWgMUX,BTS,"O!RUL8,2?",482478078,196795,6rWmdSJIaGTVtdMJQ35Lvf
1mYsTxnqsietFxj1OgoGbG,A.R. Rahman,Rahman Rewind: Romance,481865725,430491,6a2WdVf96Fuf59EyV19IaV
7iK8PXO48WeuP03g8YR51W,Myke Towers,LYKE MIKE,480689223,304348,5qhxJXwhtjXAmCr22FXG3Q
1Cs0zKBU1kc0i8ypK3B9ai,David Guetta,Crazy What Love Can Do (Remixes),480106364,211067,4pMtHrpoLAkye23NIswVFu
50co4Is1HCEo8bhOyUWKpn,Young Thug,Barter 6,479700206,201917,0BsMZIueWsJLWng8A7sE8e
4iHNK0tOyZPYnBU7nGAgpQ,Mariah Carey,E=MC2 (Deluxe Version),479136690,334805,31MluXLYC0ZnCSfUZ5T4GX
6w9ToX5slZ4uIdmD17hJ3c,Bryant Myers,KR & BRYANT MA,478656640,207869,5vZswCH6RqycL4Qjul55rN
5Rl15oVamLq7FbSb0NNBNy,5 Seconds of Summer,5SOS5,478365683,237369,6aPyqaE53xagYyLIYZjB1e
08GQAI4eElDnROBrJRGE0X,Fleetwood Mac,Tusk (Deluxe Edition),477618601,191572,1d075yQcykHjerQ2BN0ABn
33ScadVnbm2X8kkUqOkC6Z,Don Omar,Los Bandoleros,477267960,307633,665uFnx6JB6r8XSHipdqhq
1bfl0AU8SqmLkElptOprhC,Jul,42 18,476611281,1427217,3UhsBsZzqW0rktyx1rfwQE
1VPmR4DJC1PlOtd0IADAO0,$uicideboy$,Radical $uicide,476141590,191901,1W7VBnHCvLa2cG9yWZT52t
1wRPtKGflJrBx9BmLsSwlU,Pritam,Tum Mile (Original Motion Picture Soundtrack),475966373,539029,3Ip9JCpT1IF9GvhAxzufTH
74KM79TiuVKeVCqs8QtB0B,Sabrina Carpenter,EVOLution,475736796,288314,7iOAJaGBmk67o337zaqt0R
74KM79TiuVKeVCqs8QtB0B,Sabrina Carpenter,EVOLution,475736796,288314,0YPBdNZyGlXr69hiCAJO5m
46SHBwWsqBkxI7EeeBEQG7,Kodak Black,Heart Break Kodak (HBK),475694793,80985,0U578dQAanKmYDKCvqk2P3
181bsRPaVXVlUKXrxwZfHK,Megan Thee Stallion,Tina Snow,475285675,180430,26jEIrN7WSAnVQXXUmLRSN
2QsynagSdAqZj3U9HgDzjD,Bob Marley & The Wailers,Catch A Fire,475209993,189084,39kLAVdcgW7jbMcTEaY2qy
4LLpKhyESsyAXpc4laK94U,Mac Miller,"I Love Life, Thank You",473362904,482999,5LNX3esjvdBJ6hN4XDvCJn
22bE4uQ6baNwSHPVcDxLCe,The Rolling Stones,Goats Head Soup (Remastered 2009),473026481,198104,6iVOz2hudE6dv5Yrcsw2c9
1dfeR4HaWDbWqFHLkxsg1d,Queen,The Miracle (Deluxe Remastered Version),472599992,198232,0kCPII9EM5eqHHCRo1EVjs
15UsOTVnJzReFVN1VCnxy4,XXXTENTACION,A GHETTO CHRISTMAS CAROL,471839664,143626,03TZqOGHlyNTdHxsdOXIZX
43ZHCT0cAZBISjO8DG9PnE,Elvis Presley,Today (Legacy Edition),471417934,292392,1NABHde4P06V7SyuYRRm2x
26dSoYclwsYLMAKD3tpOr4,Britney Spears,Glory (Deluxe),471260537,58864,4Dx1H8qhJ2hFkChgfZuqQV
7jy3rLJdDQY21OgRLCZ9sD,Foo Fighters,Concrete and Gold,471061816,65423,6KMkuqIwKkwUhUYRPL6dUc
0oSGxfWSnnOXhD2fKuz2Gy,David Bowie,Conversation Piece,470855210,153247,22Pbw99Nqx71sHcxNdo7pE
5he5w2lnU9x7JFhnwcekXX,Skrillex,Recess,470615179,131924,7rf1qZJ6hGSlPN7K9ShsVV
0oSGxfWSnnOXhD2fKuz2Gy,David Bowie,Diamond Dogs (2016 Remaster),470122889,110130,72mfhbEsMtXR6s7v9UhKe3
77SW9BnxLY8rJ0RciFqkHh,The Neighbourhood,#000000 & #FFFFFF (No DJ Version),469779489,226760,2mKqHATk7WVbtazVkSe9w0
21E3waRsmPlU7jZsS13rcj,Ne-Yo,Non-Fiction (Deluxe),469556519,240592,4X7aga1TlyCmquHHd7otHy
0vR2qb8m9WHeZ5ByCbimq2,Reik,Secuencia,469508652,213040,4kMpYWQfF4f4iXLhopgk3w
7n2Ycct7Beij7Dj7meI4X0,TWICE,READY TO BE,469151850,159327,7hzP5i7StxYG4StECA0rrJ
1Mxqyy3pSjf8kZZL4QVxS0,Frank Sinatra,Songs For Swingin' Lovers! (Remastered),469024409,174305,4kca7vXd1Wo5GE2DMafvMc
43ZHCT0cAZBISjO8DG9PnE,Elvis Presley,For LP Fans Only,468676670,137770,1NVsMlJgD5GHf0CT1IewbU
26dSoYclwsYLMAKD3tpOr4,Britney Spears,Britney Jean (Deluxe Version),468175451,133954,5rlB2HPoNHg2m1wmmh0TRv
4iHNK0tOyZPYnBU7nGAgpQ,Mariah Carey,Charmbracelet,467145930,244253,16rTsMjlDt6DEbLRtxvcWu
4iHNK0tOyZPYnBU7nGAgpQ,Mariah Carey,Charmbracelet,467145930,244253,2UYie72CXeuwIB7YepDidw
14zUHaJZo1mnYtn6IBRaRP,Justin Quiles,La Promesa,466949794,224814,0vBFa64sBqdd26KKIj4SKZ
2C6i0I5RiGzDKN9IAF8reh,Banda MS de Sergio Lizárraga,Amor Enfermo,464404545,223512,0WS7m1l6aKMdpsdIWeodxo
7n2Ycct7Beij7Dj7meI4X0,TWICE,"The year of ""YES""",463478351,134753,0pzmyJftuTK7i4HLjnfq1n
4xRYI6VqpkE3UwrDrAZL8L,Logic,No Pressure,463455764,83354,5pF05wJrbrIvqunE41vWP8
2ye2Wgw4gimLv2eAKyk1NB,Metallica,Load,463291440,244290,5rI3pfrpvmdYtGAsBwaGec
7n2Ycct7Beij7Dj7meI4X0,TWICE,BETWEEN 1&2,461727028,152869,3NZ94nQbqimcu2i71qhc4f
7Ln80lUS6He07XvHI8qqHH,Arctic Monkeys,The Car,461706567,227627,2GROf0WKoP5Er2M9RXVNNs
4YRxDV8wJFPHPTeXepOstw,Arijit Singh,YRF Top 10 - Nightout Sounds,461000691,283739,6oE20B7dnXUthc6pOorJJC
41MozSoPIsD1dJM0CLPjZF,BLACKPINK,BLACKPINK IN YOUR AREA (Japanese Version),460385204,60782,4cpZazoKuj3jD6x2GrSX2w
5XJDexmWFLWOkjOEjOVX3e,Eladio Carrion,Monarca,460187741,235724,6N1iKBKY8zRGImxADk2IdN
26VFTg2z8YR0cCuwLzESi2,Halsey,Room 93,459568061,44412,2OIDVh8ubFC6sJs5wpZMP9
5pKCCKE2ajJHZ9KAiaK11H,Rihanna,Black Panther: Wakanda Forever - Music From and Inspired By,459397699,137669,06RK0wX4GqHcxBtHlVoGH5
4VMYDCV2IEDYJArk749S6m,Daddy Yankee,Barrio Fino En Directo,459329957,364468,2rNUIqPFIbq5bSH46jHUZy
329e4yvIujISKGKz1BZZbO,Farruko,TrapXficante,459265262,72097,0v94MG5nbp4w6xdeFkfQrA
0tmwSHipWxN12fsoLcFU3B,Manuel Turizo,201,458169948,574626,3w4tn0BuFHNjiqGMevGaz9
5y2Xq6xcjJb2jVM54GHK3t,John Legend,Bigger Love,456994475,80295,7BRuKFs9BFuba9TlMs2ZLd
21E3waRsmPlU7jZsS13rcj,Ne-Yo,Non-Fiction,456440662,239729,5dhyP4mwQcgKtoTdDmYhAO
3DiDSECUqqY1AuBP8qtaIa,Alicia Keys,ALICIA,456322220,67891,1168pCxg0HeTRqyutFf4o1
7c0XG5cIJTrrAgEC3ULPiq,Ty Dolla $ign,Free TC,455620295,50744,325oe5W5EgQVcuzNwBBnmt
7c0XG5cIJTrrAgEC3ULPiq,Ty Dolla $ign,Free TC,455620295,50744,5rEHkZLhSorhe2jdzRP0HP
0XwVARXT135rw8lyw1EeWP,Christian Nodal,Forajido EP2,455600492,242205,26V8oCj2Lxs2tLemL0Xf3g
0Y5tJX1MQlPlqiwlOH1tJY,Travis Scott,DAYS BEFORE RODEO,454907971,550102,54Y471E7GNBSOXjZtqONId
7oPftvlwr6VrsViSDV7fJY,Green Day,Revolution Radio,454702432,91289,5a3LqvNt2nv1B4aRKXmgOV
3EiLUeyEcA6fbRPSHkG5kb,De La Ghetto,Clásicos del Reguetón,454697587,180046,3ZaNI7KJ8E4euNWii15l4y
487N2T9nIPEHrlTZLL3SQs,Zé Neto & Cristiano,"Por Mais Beijos Ao Vivo, Ep1 - Ao Vivo",454676137,40419,1VGZDlUoemQ1r3LlPrkAa3
7qG3b048QCHVRO5Pv1T5lw,Enrique Iglesias,Enrique Iglesias,453831743,299150,18FB0rct42g5hNr14l70GK
3nFkdlSjzX9mRTtwJOzDYB,JAY-Z,Vol.2... Hard Knock Life,453770622,138595,3j1xCJdBMCl6wYQXurz2tb
1elUiq4X7pxej6FRlrEzjM,Jorge & Mateus,A Hora É Agora - Ao Vivo Em Jurerê (Edição Bônus),453366702,492470,2BKrkmOYFnAFUSQJkSvvMV
2nszmSgqreHSdJA3zWPyrW,Luis Miguel,Amarte Es Un Placer,452020619,259138,59hPa94rgOLoOBKHz98i7n
3PhoLpVuITZKcymswpck5b,Elton John,Sleeping With The Past (Remastered with bonus tracks),451939356,254000,0j12QW17dkUCCI7eOAiT1r
74KM79TiuVKeVCqs8QtB0B,Sabrina Carpenter,Singular Act I,451884386,225056,29mlGxS6kxq1EHxlX1EAZK
0oSGxfWSnnOXhD2fKuz2Gy,David Bowie,David Bowie (aka Space Oddity) [2015 Remaster],451591514,150278,1ay9Z4R5ZYI2TY7WiDhNYQ
6w9ToX5slZ4uIdmD17hJ3c,Bryant Myers,Bendecido,451500662,495036,7uCxpXETxPlW2rErmzycRN
2FXC3k01G6Gw61bmprjgqS,Hozier,Nina Cried Power - EP,451325610,175483,78o6vcPIRwoph8a3StqaTU
7n2Ycct7Beij7Dj7meI4X0,TWICE,Twicecoaster: Lane 2,450070702,155971,2Mw8oK3aJKmOa9YGWqpN2W
4npEfmQ6YuiwW1GpUmaq3F,Ava Max,Into Your Arms (feat. Ava Max),446271798,135157,0boA7GUGSxOMWwdnnTR0yI
4npEfmQ6YuiwW1GpUmaq3F,Ava Max,Into Your Arms (feat. Ava Max),446271798,135157,2XjYbmNf7xSKIJc5a2WtDX
1elUiq4X7pxej6FRlrEzjM,Jorge & Mateus,A Hora É Agora - Ao Vivo Em Jurerê,445089818,487515,0Pz2s3BtUdMlf8K7MQ1OmN
4gzpq5DPGxSnKTe4SA8HAU,Coldplay,Live in Buenos Aires,444860230,104391,19CvkGjYpifkdwgVJSbog2
1Xylc3o4UrD53lo9CvFvVg,Zara Larsson,VENUS,444586290,238168,6KkK5K7fLrkZ8VWeZo2pY4
1Xylc3o4UrD53lo9CvFvVg,Zara Larsson,VENUS,444586290,238168,0qqZ6HD72So93exL9rH7zi
3xvaSlT4xsyk6lY1ESOspO,Disney,"Disney 2000s, Vol. 3: Disney Channel Theme Songs",444276407,194664,6P7mXxD5ahUBpmW6QAOEFC
4zCH9qm4R2DADamUHMCa6O,Anirudh Ravichander,Jailer (Original Motion Picture Soundtrack),443666200,248321,0zRUzTXH7GtGLxt6uVdARD
1GxkXlMwML1oSg5eLPiAz3,Michael Bublé,love (Deluxe Edition),443161680,74842,68xKnVblFsSQ48CtgZT0oY
69GGBxA162lTqCwzJG5jLp,The Chainsmokers,So Far So Good,442503382,113243,4nZ4dv1XvDE25Lf2MFhOqA
487N2T9nIPEHrlTZLL3SQs,Zé Neto & Cristiano,Intenso (Ao Vivo),442477719,571923,4wWcEDnoNouCJrinW8bghO
0A0FS04o6zMoto8OKPsDwY,YG,Still Brazy (Deluxe),442112616,65295,5xYelOucTX5yIB93L6CVo4
6JL8zeS1NmiOftqZTRgdTz,Meghan Trainor,A Very Trainor Christmas (Deluxe),441069964,8224,7kaFsOsRsco4FP5y9Cx0Yf
6JL8zeS1NmiOftqZTRgdTz,Meghan Trainor,A Very Trainor Christmas (Deluxe),441069964,8224,7cZBXcpZ2VMJovpQqYOYhy
57LYzLEk2LcFghVwuWbcuS,Summer Walker,Life On Earth - EP,440472456,143629,0MJ0Sjfn5PCa4kpUbU31JR
1VPmR4DJC1PlOtd0IADAO0,$uicideboy$,YUNGDEATHLILLIFE,439004535,166653,4CUUYKJvxsH5E18kkPQofa
4zCH9qm4R2DADamUHMCa6O,Anirudh Ravichander,Leo (Original Motion Picture Soundtrack),438835300,259806,2nZKDF0ZFy0Pv7uMakAwZh
3AA28KZvwAUcZuOKwyblJQ,Gorillaz,"Song Machine, Season One: Strange Timez (Deluxe)",438784624,126724,5I9K0u8r52jp4Y2bF8mOaz
1ZwdS5xdxEREPySFridCfh,2Pac,California Love,438488822,241631,1nGbXgS6toEOcFCDwEl5R3
51Blml2LZPmy7TTiAg47vQ,U2,The Unforgettable Fire (Deluxe Edition Remastered),438301023,168211,6akaB3XfTnCwrY4DahsBCY
17lzZA2AlOHwCwFALHttmp,2 Chainz,Based On A T.R.U. Story (Deluxe),438105830,88960,1wBFRaacNYmqfkidUZ0NtM
17lzZA2AlOHwCwFALHttmp,2 Chainz,Based On A T.R.U. Story (Deluxe),438105830,88960,66PA49HFV9YsfQjUYv3xML
6XkjpgcEsYab502Vr1bBeW,Grupo Frontera,JUGANDO A QUE NO PASA NADA,436960485,794712,4j58S9wNTTLgllMslsSMhk
1Mxqyy3pSjf8kZZL4QVxS0,Frank Sinatra,Romance: Songs From The Heart,436131400,175682,6gLsNre727RSLK2j0LGmCp
2IMZYfNi21MGqxopj9fWx8,Rels B,AfroLOVA' 23,436015284,247887,4eycRqS93AqCf74BVzj6JP
5f7VJjfbwm532GiveGC0ZK,Lil Baby,CAN'T RUSH GREATNESS,434966203,532993,1pnm9zBlblhTRlE46ItLzU
0iEtIxbK0KxaSlF7G42ZOp,Metro Boomin,Double Or Nothing (& Metro Boomin),434153812,37874,0llyIxX3nDC3hobbGibVZl
2cFrymmkijnjDg9SS92EPM,blackbear,cybersex,433643749,40746,7zNwWtd1NpuBLe8MC3Uqp8
1wRPtKGflJrBx9BmLsSwlU,Pritam,Chhichhore,433624507,249608,2Svje8vKEM4VCKxoRyAvA4
5y2Xq6xcjJb2jVM54GHK3t,John Legend,Get Lifted (20th Anniversary),432894317,94746,7evc0CBi3ASwhBxAHBPUaZ
0TnOYISbd1XYRBk9myaseg,Pitbull,Climate Change,432747201,123130,4jtKPpBQ5eneMwEI94f5Y0
6eUKZXaKkcviH0Ku9w2n3V,Ed Sheeran,Peru (R3HAB Remix),431973939,171222,4aJ4phZnjQ1LQC8erkLOi4
5y2Xq6xcjJb2jVM54GHK3t,John Legend,Get Lifted,431514437,89128,4W6kVnBPgcW8zDYXbRHh2J
0eDvMgVFoNV3TpwtrVCoTj,Pop Smoke,Enjoy Yourself,431091486,103789,6yYk3zq6GdirNQlm7H3PpU
5WUlDfRSoLAfcVSX1WnrxN,Sia,Colour The Small One (Deluxe Edition),430859715,105360,5ywlzsK6ga8Drc8RbSI0KX
3t5xRXzsuZmMDkQzgOX35S,Robin Schulz,Pink,430661236,110159,2RfJhw7ge51dinrgOe6gSL
6w9ToX5slZ4uIdmD17hJ3c,Bryant Myers,KrING,430596260,190777,0UEG3km1FB7nGZHwiSun8x
1dfeR4HaWDbWqFHLkxsg1d,Queen,Made in Heaven (Deluxe Remastered Version),430396755,117622,4fODEKBcruDGTihYHvBXBD
43ZHCT0cAZBISjO8DG9PnE,Elvis Presley,"Elvis' Golden Records, Vol. 3",430178697,144987,5Iec810oL6PorbyBVjLnmD
5WUlDfRSoLAfcVSX1WnrxN,Sia,Colour The Small One,430126148,105134,6uVUKJgirfLpW20hCk9cwb
0L8ExT028jH3ddEcZwqJJ5,Red Hot Chili Peppers,Unlimited Love,429261640,147081,2ITVvrNiINKRiW7wA3w6w6
3p7PcrEHaaKLJnPUGOtRlT,Henrique & Juliano,Manifesto Musical 2 (Ao Vivo / Vol.1),429082211,2121487,6ZzYIwoppAL4h1U777KuQn
5LHRHt1k9lMyONurDHEdrp,Tyga,No Love Lost (Deluxe),429029206,139218,7AwrgenNcTAJlJF3pKL0Qr
7wlFDEWiM5OoIAt8RSli8b,YoungBoy Never Broke Again,"Still Flexin, Still Steppin",428797330,140170,6mhlquPOu46v4c7nXS35mX
711MCceyCBcFnzjGY4Q7Un,AC/DC,Black Ice,428684600,179671,7qVfz4UGONwEd5nQjj0ESN
3WrFJ7ztbogyGnTHbHJFl2,The Beatles,Yellow Submarine (Remastered),428360299,127140,1gKZ5A1ndFqbcrWtW85cCy
6l3HvQ5sa6mXTsMTB19rO5,J. Cole,Might Delete Later,427929719,459734,57wh3BpvUF2tmvwoGSjUe3
7n2Ycct7Beij7Dj7meI4X0,TWICE,YES or YES,426560836,129209,25VunQEW0x2W6ALND2Mh4g
360IAlyVv4PCEVjgyMZrxK,Miguel,Wildheart (Deluxe Version),425915302,159711,6W8ZsoinSMViZMh9aYK7gQ
7oPftvlwr6VrsViSDV7fJY,Green Day,Insomniac (25th Anniversary Deluxe Edition),425572883,400625,2nrqcI2e61NN375lBaQIg0
4iHNK0tOyZPYnBU7nGAgpQ,Mariah Carey,Butterfly: 25th Anniversary Expanded Edition,425206235,339526,3VOqo81Nwyx8rcZEc2l379
4obzFoKoKRHIphyHzJ35G3,Becky G,Bubalu,424885235,101484,6JEvViJkAj8GjJbTeU5I7q
4obzFoKoKRHIphyHzJ35G3,Becky G,Bubalu,424885235,101484,0RjxDLuy3YP0zLuo8VB0JX
0elWFr7TW8piilVRYJUe4P,Natanael Cano,Todo Es Diferente,424434484,106022,0ECIYdy6byWnFYoY6Bn8CN
6JL8zeS1NmiOftqZTRgdTz,Meghan Trainor,A Very Trainor Christmas,424286052,7635,2Mb2HvX9H2J98qOvZGdsFf
0oOet2f43PA68X5RxKobEy,Shreya Ghoshal,Shor in the City (Original Motion Picture Soundtrack [Deluxe Edition]),424154319,289208,7J7qILtFBTj1oTzPXNii6Y
7wlFDEWiM5OoIAt8RSli8b,YoungBoy Never Broke Again,Decided,423642463,115042,72g63eJx0aLyg2T0DCoTEC
4IWBUUAFIplrNtaOHcJPRM,James Arthur,It'll All Make Sense In The End (Deluxe),422807449,101045,2RksiqpjjJUri0aO3sfe79
6FBDaR13swtiWwGhX1WQsP,blink-182,ONE MORE TIME... PART-2,422756167,317184,3wU2wXacpwqetSRloR0nMX
1mYsTxnqsietFxj1OgoGbG,A.R. Rahman,Atrangi Re,422347517,199148,3UkMnMdm9Jq7eXIfv0YMXm
7n2Ycct7Beij7Dj7meI4X0,TWICE,Twicetagram,421442006,170797,3hJXmK5gWN9P6jtZL0Lr2y
1RyvyyTE3xzB2ZywiAwp0i,Future,SUPER SLIMEY,420934934,73175,187UNqZ7MX3neMYkkevmdm
53XhwfbYqKCa1cC15pYq2q,Imagine Dragons,LOOM,419746727,683296,7EPrkhjTBrwAV8yAKCmY0Y
1Xylc3o4UrD53lo9CvFvVg,Zara Larsson,Uncover,419401160,47159,0vXJ3rh6Sy7KWjp2P5d7ll
1ZwdS5xdxEREPySFridCfh,2Pac,Better Dayz,418963601,164660,5tue3HeaFm6XHyYXhI1kww
1ZwdS5xdxEREPySFridCfh,2Pac,Better Dayz,418963601,164660,5ETFHoSGSNULEq0pQUr1YL
51Blml2LZPmy7TTiAg47vQ,U2,The Unforgettable Fire (Remastered),418632792,163962,3FFosIE1A9HGRrinKTcBQ3
3nFkdlSjzX9mRTtwJOzDYB,JAY-Z,0.197222222,418543066,225313,7GoZNNb7Yl74fpk8Z6I2cv
0TnOYISbd1XYRBk9myaseg,Pitbull,Original Hits,417377154,246822,56L2GtYBSYnGtkCkOHFoFw
6TIYQ3jFPwQSRmorSezPxX,mgk,Lace Up,416648746,75560,3A9kcRzKS8zQtbQ0JwksuS
0hEurMDQu99nJRq8pTxO14,John Mayer,Heavier Things,416044763,107180,6WivmTXugLZLmAWnZhlz7g
20sxb77xiYeusSH8cVdatc,Meek Mill,Expensive Pain,413832320,106737,3cLQ49Ll3nGRkw3HSSk92K
64M6ah0SkkRsnPGtGiRAbb,Bebe Rexha,Better Mistakes,412338362,67739,1v0new1LT7TVddV7dBIAmo
64M6ah0SkkRsnPGtGiRAbb,Bebe Rexha,Better Mistakes,412338362,67739,0ypVp54cO3kexiJNu33wYp
0GM7qgcRCORpGnfcN2tCiB,Tainy,The SpongeBob Movie: Sponge On The Run (Original Motion Picture Soundtrack),410532554,43415,7ojjiN0aOkWA15XONyCnA7
1mYsTxnqsietFxj1OgoGbG,A.R. Rahman,Rahman Rewind: Absolute Hits,410052046,346083,3RfRGF3Jz74FsbxBukAPCC
7hJcb9fa4alzcOq3EaNPoG,Snoop Dogg,Tha Blue Carpet Treatment,409005526,207690,5EyEI8tm60S6y2YKbjE0xI
7hJcb9fa4alzcOq3EaNPoG,Snoop Dogg,Tha Blue Carpet Treatment,409005526,207690,5Q1K1mEiR2F9MHzMbdBX3i
0c173mlxpT3dSFRgMO8XPh,Big Sean,Finally Famous,408810513,81848,2fRLnox9PQ9nos2YYdcYwE
08GQAI4eElDnROBrJRGE0X,Fleetwood Mac,Tusk (2015 Remaster),407558529,178182,5FIN8pyPVx8ggNs5jQ86Re
7tYKF4w9nC0nq9CsPZTHyP,SZA,Z,406445710,256544,2qCyMMQ785sPH4Yx25GQZ8
6tbjWDEIzxoDsBA1FuhfPW,Madonna,Something to Remember,406408554,229827,7kUiJdXqLkMTkpY0PmXUv5
04gDigrS5kc9YWfZHwBETP,Maroon 5,1.22.03 Acoustic,405525354,105964,0BCjGDBIymcwf4etd4KBgu
2C6i0I5RiGzDKN9IAF8reh,Banda MS de Sergio Lizárraga,Mi Mayor Anhelo,404626652,236250,3y4zsDJdS6o2oYprOn0XKp
77ziqFxp5gaInVrF2lj4ht,Sech,The Academy: Segunda Misión,402930956,334250,2de63hNYGRgcNTXCtXQGvu
3WrFJ7ztbogyGnTHbHJFl2,The Beatles,Beatles For Sale (Remastered),402265396,132518,1vANZV20H5B4Fk6yf7Ot9a
1pQWsZQehhS4wavwh7Fnxd,Lenny Tavárez,KRACK DELUXE,401991623,70605,20jm8zrqWsVXKWBhhiOT0I
2IMZYfNi21MGqxopj9fWx8,Rels B,Boys Don't Cry,401749936,256639,5ZO41aiZvwUanT9qKPcriR
7MiDcPa6UiV3In7lIM71IN,Gusttavo Lima,Gusttavo Lima e Você (Ao Vivo),401694587,231086,0JZWK7QhGa1Ir5IRLENyW6
74XFHRwlV6OrjEM0A2NCMF,Paramore,All We Know Is Falling,401328368,282195,67f6SSb8yKduNCK15DsafC
1RyvyyTE3xzB2ZywiAwp0i,Future,MIXTAPE PLUTO,401098663,819347,4Zoxsc06EUHRf5GrJPJZ54
5K4W6rqBFWDnAN6FQUkS6x,Kanye West,VULTURES 2,401067994,775006,5RV2TNyjylqWJNxQyHBTeJ
7MiDcPa6UiV3In7lIM71IN,Gusttavo Lima,Buteco do Gusttavo Lima (Deluxe),401034399,142521,74FOJNFcNhSxf7pGjJM8Q6
487N2T9nIPEHrlTZLL3SQs,Zé Neto & Cristiano,"Intenso, Vol. 3 (Ao Vivo)",400613197,437348,5p2auLiTOfPNkdlKyW5eM8
1sBkRIssrMs1AbVkOJbc7a,Rick Ross,Teflon Don,400566486,173895,0jipZxGtkTDHjVerLkzO80
1RyvyyTE3xzB2ZywiAwp0i,Future,Project E.T.,399683277,142086,3C3RvTGChyw9k6A2uaa2B3
0QHgL1lAIqAw0HtD7YldmP,DJ Khaled,Victory,399136634,122708,6I32dRerwcm3jYRsprxb5k
0QHgL1lAIqAw0HtD7YldmP,DJ Khaled,Victory,399136634,122708,4iAAzGGkdywnwP5O4Vpuun
0QHgL1lAIqAw0HtD7YldmP,DJ Khaled,Victory,399136634,122708,0T2Bu0NAteXkG9vuMnp5eK
51Blml2LZPmy7TTiAg47vQ,U2,Songs Of Innocence (Deluxe),399065601,91399,5tWSTNTqzqZhKo7FCyLwPk
1wRPtKGflJrBx9BmLsSwlU,Pritam,30 Hits of Pritam,397909494,389273,2iNCEj9IdIhP4dm0M6wdmi
22bE4uQ6baNwSHPVcDxLCe,The Rolling Stones,Exile On Main Street (Deluxe Version),397141362,118355,1D0PTM0bg7skufClSUOxTP
1ZwdS5xdxEREPySFridCfh,2Pac,Until The End Of Time,396754276,199176,0uT4bCZS9o5C1ThDa2VxpV
1ZwdS5xdxEREPySFridCfh,2Pac,Until The End Of Time,396754276,199176,7AdntJMWn1KNRGcc2MwSPw
5fMUXHkw8R8eOP2RNVYEZX,Diplo,On My Mind (Remixes),396369288,112867,4HD8RYumsSMn9LfIrKac23
5fMUXHkw8R8eOP2RNVYEZX,Diplo,On My Mind (Remixes),396369288,112867,4xYKqAYxXRQiCS8cICKq9S
1Mxqyy3pSjf8kZZL4QVxS0,Frank Sinatra,"Sinatra, With Love",395796376,156952,23nTsCs2lZoeCIBfpJc6T9
5LHRHt1k9lMyONurDHEdrp,Tyga,Hotel California (Deluxe),394975608,58166,5PKYeoSKEVQd7ZTnwnWRn7
5LHRHt1k9lMyONurDHEdrp,Tyga,Hotel California (Deluxe),394975608,58166,7zoQtXc7TUyHnmaC6LtjEe
20wkVLutqVOYrc0kxFs7rA,Daniel Caesar,Pilgrim's Paradise,393673660,181709,2oRaqvWFLOKFUDIt5EEQfa
58lV9VcRSjABbAbfWS6skp,Bon Jovi,Bon Jovi (Deluxe Edition),393520124,242570,5jbeZAH40R7ZGUfDnZAkpl
6vXTefBL93Dj5IqAWq6OTv,French Montana,Trap Lord,393452502,59976,3smlfAmejcKMmAPg1G2Kki
1wRPtKGflJrBx9BmLsSwlU,Pritam,Once Upon A Time In Mumbaai,393388735,527562,4ceWEQarPyTyeb9TUeyLOG
4iHNK0tOyZPYnBU7nGAgpQ,Mariah Carey,It Ain't Safe No More. . .,392997414,207729,3cBk22r1tb6omRQ4jr6SE8
1bAftSH8umNcGZ0uyV7LMg,Duki,AMERI,392876123,1241783,3rVk419T7ct4qoW52h2q2d
5JZ7CnR6gTvEMKX4g70Amv,Lauv,There's No Way,392271216,37519,3O3tXfvUABFjMwtMK2XxM2
1TtXnWcUs0FCkaZDPGYHdf,Darell,EVERYBODY GO TO THE DISCOTEK,392270453,119532,11UJfH39O0VqLiQGLW0D0e
3q7HBObVc0L8jNeTe5Gofh,50 Cent,Before I Self-Destruct,392213313,452738,4kaCrosmqvvrPUEAwcnC3s
3q7HBObVc0L8jNeTe5Gofh,50 Cent,Before I Self-Destruct,392213313,452738,22uYypUlixVeKwZ7YY2yhp
6Xgp2XMz1fhVYe7i6yNAax,Trippie Redd,A Love Letter To You 2,391990961,41798,7ve4rvPe7dPpwWS6VkrFOr
58lV9VcRSjABbAbfWS6skp,Bon Jovi,Bon Jovi,391371254,240860,1UUOBzIHw0noiRGRpbt3sz
4IWBUUAFIplrNtaOHcJPRM,James Arthur,It'll All Make Sense In The End,391090861,91887,0P4xzdUBgd8cMncwM7okcd
3e7awlrlDSwF3iM0WBjGMp,Little Mix,CNCO,390978031,65794,0YCyFUN3ihGbP2x9C09NF6
1dKdetem2xEmjgvyymzytS,Grupo Firme,Haciendo Lo Mío,390451027,213635,4QZT8OKrozrzH5IIJGVZBx
2uYWxilOVlUdk4oV9DvwqK,Mitski,Laurel Hell,389925789,169143,4rcinMUHEWOxpIwJo2sf22
6icQOAFXDZKsumw3YXyusw,Lil Yachty,Teenage Emotions,388934928,24871,6upTR3RFKR7K20OnHRXDkL
4gzpq5DPGxSnKTe4SA8HAU,Coldplay,Every Teardrop Is a Waterfall,388879261,115124,1oXauHeoAxhtOFX82nlun7
7qG3b048QCHVRO5Pv1T5lw,Enrique Iglesias,Enrique,388784408,191764,2ENVytJO885v5c1AW2Qjci
6FBDaR13swtiWwGhX1WQsP,blink-182,ONE MORE TIME...,388635299,251942,1OteY9OFTmoZ0vmZT89wPd
2nszmSgqreHSdJA3zWPyrW,Luis Miguel,Vivo,388590252,170952,2GtCBgC1SYeeb8fcxGWCLo
57LYzLEk2LcFghVwuWbcuS,Summer Walker,Girls Need Love (Girls Mix),387907608,127202,06oN7xkWw9ZJcbK6tIAI71
7hJcb9fa4alzcOq3EaNPoG,Snoop Dogg,Doggumentary,387770594,133276,6Hnr6UcLxnEadWQ70bZqGS
4zCH9qm4R2DADamUHMCa6O,Anirudh Ravichander,Beast (Original Motion Picture Soundtrack),387479944,159660,3f0UgL9WJBEzVQionFd0jW
4iHNK0tOyZPYnBU7nGAgpQ,Mariah Carey,Butterfly,387472693,326157,7aDBFWp72Pz4NZEtVBANi9
4V8Sr092TqfHkfAA5fXXqG,Luis Fonsi,6 Super Hits,386985815,208816,5D4ULNhgg8BFGbfLcSMy8D
0elWFr7TW8piilVRYJUe4P,Natanael Cano,Soy El Diablo,385976687,97546,64VKaBv6HCauMYY0MOOZof
7bXgB6jMjp9ATFy66eO08Z,Chris Brown,Kiss Kiss,385523172,350492,732XwwtaPJJgY8iwwoAMWi
13y7CgLHjMVRMDqxdx0Xdo,Gucci Mane,Droptopwop,385377587,46950,0smWYh2nQsaZNonBGZpZMn
1sBkRIssrMs1AbVkOJbc7a,Rick Ross,Port Of Miami,384406890,118321,42T8qfRs7jdpInsSk6nDJk
0ys2OFYzWYB5hRDLCsBqxt,Fuerza Regida,MALA MÍA,384368912,3450333,3Bj8Yd9ANO4KufZkqOmG0W
0ys2OFYzWYB5hRDLCsBqxt,Fuerza Regida,MALA MÍA,384368912,3450333,5utxE1ImIDJFXRHf137hoy
63yrD80RY3RNEM2YDpUpO8,Melanie Martinez,After School EP,384320251,126193,75sm9IEmN01J5MsyZr4Cw1
4iHNK0tOyZPYnBU7nGAgpQ,Mariah Carey,Rainbow: 25th Anniversary Expanded Edition,384206464,195561,6yitEMT7G4qfIcV3jWXP8I
22bE4uQ6baNwSHPVcDxLCe,The Rolling Stones,Exile On Main Street (2010 Re-Mastered),383160074,115792,5U4dnRZsfW8NmwBBkELFPh
50co4Is1HCEo8bhOyUWKpn,Young Thug,BUSINESS IS BUSINESS (Metro's Version),382664445,226732,0z2a9VgdVmkr0DInVJUgu6
0k17h0D3J5VfsdmQ1iZtE9,Pink Floyd,Pulse (Live),382101683,114298,1uSpngQgBBgwRFYS5sOdqI
55Aa2cqylxrFIXC767Z865,Lil Wayne,Funeral (Deluxe),381502756,61928,49zB39sak50ghwZMwHQqQ0
3hcs9uc56yIGFCSy9leWe7,Lil Durk,Signed To The Streets 3,381205978,110831,7HB55Zq1RoZvtwQGm5nxhv
31TPClRtHm23RisEBtV3X7,Justin Timberlake,The 20/20 Experience - 2 of 2 (Deluxe),380828474,57254,5lYzReGzcSNF0Gx47wm6qU
02kJSzxNuaWGqwubyUba0Z,G-Eazy,Must Be Nice,380823096,55019,1wRnE3zgCE5oY28pzmlsqe
7MiDcPa6UiV3In7lIM71IN,Gusttavo Lima,"Buteco do Gusttavo Lima, Vol. 2",380575315,80393,1quJKGITMBDF2S4x0Zl2Vn
4Ga1P7PMIsmqEZqhYZQgDo,Lil Tecca,PLAN A,379421509,1011509,6uWva3kfeqqVIsNAJ2MmeL
6TIYQ3jFPwQSRmorSezPxX,mgk,BINGE,379167466,48955,5YuscmEJSgkwWzBafTBKse
2C6i0I5RiGzDKN9IAF8reh,Banda MS de Sergio Lizárraga,10º Aniversario,378461996,168081,2i6q4YYCAdOgdODbbhyKdk
2C6i0I5RiGzDKN9IAF8reh,Banda MS de Sergio Lizárraga,10º Aniversario,378461996,168081,2i6q4YYCAdOgdODbbhyKdk
6vXTefBL93Dj5IqAWq6OTv,French Montana,Plata O Plomo,378434883,61300,1hyd7RYmR54Elg3MhZzXJW
7dGJo4pcD2V6oG8kP0tJRR,Eminem,Eminem Presents The Re-Up,377983888,127666,03lYYd9IOnxoacrLOvoPJa
7dGJo4pcD2V6oG8kP0tJRR,Eminem,Eminem Presents The Re-Up,377983888,127666,2bBDybnvM234YGjNVcMQaK
7dGJo4pcD2V6oG8kP0tJRR,Eminem,Eminem Presents The Re-Up,377983888,127666,4BteNVjfUsZNGhy2WzOkga
7dGJo4pcD2V6oG8kP0tJRR,Eminem,Eminem Presents The Re-Up,377983888,127666,6NeJONAsrs5xp24Jnkr4K0
6JL8zeS1NmiOftqZTRgdTz,Meghan Trainor,TREAT MYSELF (DELUXE),377247030,49229,745q70iMPQHWqjGzHeseBp
74XFHRwlV6OrjEM0A2NCMF,Paramore,This Is Why,375924724,210628,6tG8sCK4htJOLjlWwb7gZB
2nszmSgqreHSdJA3zWPyrW,Luis Miguel,Romantico Desde Siempre II,375437554,123550,2iHlHuAzbGeMt9J2udUDAl
7MiDcPa6UiV3In7lIM71IN,Gusttavo Lima,Embaixador Acústico - Ao Vivo,375323098,571809,3c1EWuqoXW71z03rvyogVr
37230BxxYs9ksS7OkZw3IU,Chencho Corleone,SOLO,374906504,277234,6bZ3w99gJilo45OwKsMBd0
1wRPtKGflJrBx9BmLsSwlU,Pritam,Kalank (Original Motion Picture Soundtrack),373337115,369755,6oGrVe1XTTji8TBQh5eJit
1RyvyyTE3xzB2ZywiAwp0i,Future,Monster,373189815,365958,3yVVL2EYLp8g7gT08VvYKy
1RyvyyTE3xzB2ZywiAwp0i,Future,Monster,373189815,365958,6Q3VZtyPCZFMO4cPF4828q
1RyvyyTE3xzB2ZywiAwp0i,Future,Monster,373189815,365958,5utK9Cv1ooSgBHsEiN7OAp
1RyvyyTE3xzB2ZywiAwp0i,Future,Monster,373189815,365958,5R7HaEiSyuBBPReEyfX39C
2C6i0I5RiGzDKN9IAF8reh,Banda MS de Sergio Lizárraga,En Vivo Guadalajara - Monterrey (Live),373151374,78053,5KROXqQSRCERoBjGHu5koQ
4Z8W4fKeB5YxbusRsdQVPb,Radiohead,Hail To the Thief,372731913,198464,5mzoI3VH0ZWk1pLFR6RoYy
3KV3p5EY4AvKxOlhGHORLg,Jeremih,Late Nights With Jeremih,372405057,127048,6BaIJnFDztZfnTCxyJxAo4
1McMsnEElThX1knmY4oliG,Olivia Rodrigo,The Hunger Games: The Ballad of Songbirds & Snakes (Music From & Inspired By),371747257,427469,2yHTMVFGHODKJOjVL1hLgk
1Mxqyy3pSjf8kZZL4QVxS0,Frank Sinatra,That's Life,371536209,215637,3gNsjaUsu9cRckgUFx5NsY
0XwVARXT135rw8lyw1EeWP,Christian Nodal,Mamacita,370860790,60574,39kXbkUjh0IIyoGBnlGX9V
0XwVARXT135rw8lyw1EeWP,Christian Nodal,Mamacita,370860790,60574,2JNmVgpBCt1nnobJ3Mvzim
0XwVARXT135rw8lyw1EeWP,Christian Nodal,Mamacita,370860790,60574,79T2dvhr64LX3IQM29QQyP
1wRPtKGflJrBx9BmLsSwlU,Pritam,Jab Harry Met Sejal (Original Motion Picture Soundtrack),370204525,298663,4I39l0YJ7tmSBXZGZamN5E
51Blml2LZPmy7TTiAg47vQ,U2,Songs Of Experience (Deluxe Edition),370186170,58403,6S9YaGXnmRe8tWJ0e457HP
0eHQ9o50hj6ZDNBt6Ys1sD,Yandel,Quien Contra Mi 2,369159085,42364,1UqfVKRwKsOqyxIbgA4iAy
5y2Xq6xcjJb2jVM54GHK3t,John Legend,A Legendary Christmas (Super Deluxe),368294295,5206,7pm8YR7cEh5i0nRoqEutzd
2RQXRUsr4IW1f3mKyKsy4B,Noah Kahan,Cape Elizabeth,367791001,542513,7rAXvbNQSxnAnVl3taoMLj
1mYsTxnqsietFxj1OgoGbG,A.R. Rahman,OK Jaanu (Original Motion Picture Soundtrack),366671245,192161,3Ha8CM9px7D2fn25K4ijl6
3fMbdgg4jU18AjLCKBhRSm,Michael Jackson,Hello World - The Motown Solo Collection,366410948,111020,2JTn8KdFeeS4nVz4TTfUpS
50co4Is1HCEo8bhOyUWKpn,Young Thug,On the Run,365527507,51012,6VCDStheOuhrQaoYbHP2iO
0hCNtLu0JehylgoiP8L4Gh,Nicki Minaj,Beam Me Up Scotty,364708110,120351,2upw5IrzeqKApIQZyx5o6r
2hlmm7s2ICUX0LVIhVFlZQ,Gunna,Drip or Drown,364417264,137383,3flHKlyXgH4vu277N43sMJ
50co4Is1HCEo8bhOyUWKpn,Young Thug,BUSINESS IS BUSINESS,364064875,215669,6qElaeK7SHsEzb8uV8eG3D
1wRPtKGflJrBx9BmLsSwlU,Pritam,Jannat (Original Motion Picture Soundtrack),363779904,457447,153Qw0xXJqhEFxvm9M9rE8
4zCH9qm4R2DADamUHMCa6O,Anirudh Ravichander,Vikram (Original Motion Picture Soundtrack),363595858,124689,0FIP7MeIO3yqL8K6uTz3b1
3p7PcrEHaaKLJnPUGOtRlT,Henrique & Juliano,Ao Vivo Em Palmas,362828215,341669,2TaKpYGPgN5eTnwwBU0rU2
3p7PcrEHaaKLJnPUGOtRlT,Henrique & Juliano,Ao Vivo Em Palmas,362828215,341669,366jdK5PdamApznOTCApdL
6JL8zeS1NmiOftqZTRgdTz,Meghan Trainor,TREAT MYSELF,362788445,48050,766Hr0WDvATeOSIo41JvNs
6JL8zeS1NmiOftqZTRgdTz,Meghan Trainor,TREAT MYSELF,362788445,48050,3PdISxhFjQfTfzIltARJuG
1bfl0AU8SqmLkElptOprhC,Jul,Ni Lo Intentes,362396342,282136,07A8pAHXqkucbE1KkZwfC0
4Z8W4fKeB5YxbusRsdQVPb,Radiohead,Amnesiac,362167224,230676,1HrMmB5useeZ0F5lHrMvl0
2HPaUgqeutzr3jx5a9WyDV,PARTYNEXTDOOR,Run Up (Remixes),361690209,40041,6HaBINeocySexIJSK9btLi
1wZtkThiXbVNtj6hee6dz9,Wisin,The Bad Boy,361255714,281809,5eklEkHSU1l3yewxdePzRL
4SsVbpTthjScTS7U2hmr1X,Arcángel,"Sentimiento, Elegancia y Más Maldad",361217624,276612,21TAcmAXy0OY0U7B9LlwlY
7wlFDEWiM5OoIAt8RSli8b,YoungBoy Never Broke Again,Colors,361130043,173981,0k8MGNLX5dYWX9iHao1Vtx
6olE6TJLqED3rqDCT0FyPh,Nirvana,Incesticide,360736589,221287,6ICrBzsbHVluGHP8wGK4Y3
6Te49r3A6f5BiIgBRxH7FH,Ninho,NI (Extension),360597339,170758,7t7EpARHZYsD9sOyEhLAUk
6Te49r3A6f5BiIgBRxH7FH,Ninho,M.I.L.S,360595903,294659,2KvyDaE0buWzzR8S4gCSsz
6FBDaR13swtiWwGhX1WQsP,blink-182,NINE,360543603,64618,4gARZz9eV7zbGbtOjhVTPF
1GxkXlMwML1oSg5eLPiAz3,Michael Bublé,Nobody but Me (Deluxe),359937898,48168,2OXZJLXxM8jrY3gBoVNfmz
7qG3b048QCHVRO5Pv1T5lw,Enrique Iglesias,Insomniac (New International Version Spanish),358763345,196084,6nokJTCkg6CVxVeeQEQsZL
55Aa2cqylxrFIXC767Z865,Lil Wayne,Rebirth (Deluxe),357443854,107683,40VtQmfgdaVmh95sjosyQq
5INjqkS1o8h1imAzPqGZBb,Tame Impala,InnerSpeaker,357250041,101705,1DNSmmRLfv97Yjq7MTFWng
51Blml2LZPmy7TTiAg47vQ,U2,Songs Of Innocence,355969842,86442,45Ec0wYJ7npo6lXH4GWmxz
1Cs0zKBU1kc0i8ypK3B9ai,David Guetta,Don't Leave Me Alone (feat. Anne-Marie) [Remixes],355048638,27307,6i2k7L0HMOCEpXBWBoIwp6
5LHRHt1k9lMyONurDHEdrp,Tyga,Fuk Wat They Talkin Bout,354942624,111611,6p6Wab5m1yqyp4NzRevTft
1pQWsZQehhS4wavwh7Fnxd,Lenny Tavárez,KRACK,354864807,63470,48jz9xkHGLp3X7dNq4Fljx
1elUiq4X7pxej6FRlrEzjM,Jorge & Mateus,10 Anos (Ao Vivo) - Deluxe,354838762,174859,0wiTSo8xXBIvvkhZNJFWCm
1pQWsZQehhS4wavwh7Fnxd,Lenny Tavárez,Now Or Never,354689392,113886,3jliDnhfFupNVHNdOI4sKh
1pQWsZQehhS4wavwh7Fnxd,Lenny Tavárez,Now Or Never,354689392,113886,1BBjdKgGAqwdEvcvqBOGfT
1pQWsZQehhS4wavwh7Fnxd,Lenny Tavárez,Now Or Never,354689392,113886,1H9q5lbH1sO7Xn1W27Ms8G
1pQWsZQehhS4wavwh7Fnxd,Lenny Tavárez,Now Or Never,354689392,113886,4ObwiIpULEzwOPrtLSd7xA
1pQWsZQehhS4wavwh7Fnxd,Lenny Tavárez,Now Or Never,354689392,113886,5REuIeh4EBrkU0Nrz3n5jT
55Aa2cqylxrFIXC767Z865,Lil Wayne,Rebirth,353809575,107207,2v3xdUz73rd6Nness5SSIh
51Blml2LZPmy7TTiAg47vQ,U2,How To Dismantle An Atomic Bomb (Re-Assemble Edition),353469467,128002,7o3k14ivnyWNPp6LM2NkgV
1Mxqyy3pSjf8kZZL4QVxS0,Frank Sinatra,Strangers In The Night (Expanded Edition),353301191,216148,1kyb5tomEXcA106V57puFW
1wRPtKGflJrBx9BmLsSwlU,Pritam,Dunki,352646521,457753,6mOSDGo8ZREISAbaiTMW5J
7vk5e3vY1uw9plTHJAMwjN,Alan Walker,Walkerworld,352481659,483853,2pElzwHGoJr3zPA05onhr0
487N2T9nIPEHrlTZLL3SQs,Zé Neto & Cristiano,"Intenso, Vol. 2 (Ao Vivo)",352027056,265011,4fDZQ3XWcJpwqOhJen5ZjQ
6vWDO969PvNqNYHIOW5v0m,Beyoncé,Beautiful Liar,351718308,213221,26vwjM6FkX2nEx9I0FKmih
5YGY8feqx7naU7z4HrwZM6,Miley Cyrus,Can't Be Tamed,350663378,91081,69Pf9ExxwjhVFyosKsKWQu
7hJcb9fa4alzcOq3EaNPoG,Snoop Dogg,Paid Tha Cost To Be Da Bo$$,350162964,201195,7F9hfZKh6WLOKME4LwCPZI
1GxkXlMwML1oSg5eLPiAz3,Michael Bublé,Nobody but Me,349922891,47281,5wN1OizIFEHDUkRwzIK3wL
1RyvyyTE3xzB2ZywiAwp0i,Future,Honest,349191395,77631,5rbqupVSYwvEmXBUnFtUf7
1RyvyyTE3xzB2ZywiAwp0i,Future,Honest,349191395,77631,2luYA3MBCKI7SfK3K0U3xf
2QsynagSdAqZj3U9HgDzjD,Bob Marley & The Wailers,Live!,347362793,88856,5mvQHYARofQRsOE2cqBzik
2RQXRUsr4IW1f3mKyKsy4B,Noah Kahan,I Was / I Am,347276251,306845,0b693AisoJYg4Ilj10LkYG
2LRoIwlKmHjgvigdNGBHNo,Feid,MANIFESTING 20-05,347210838,414034,5WTsC6KDdxp9xVQrAMIU6c
1wRPtKGflJrBx9BmLsSwlU,Pritam,Agent Vinod,346811653,329513,2DqQ34i4uuuZWTScsGIgHr
0oOet2f43PA68X5RxKobEy,Shreya Ghoshal,"Bollywood Best Duet Songs Sonu Nigam,Shreya Ghoshal",346388830,304039,3j5DMJlRLUckv9j76HFi0O
20sxb77xiYeusSH8cVdatc,Meek Mill,Legends of the Summer,345847058,63773,10VeHPWU3210DSCq0uQ9uN
3b8QkneNDz4JHKKKlLgYZg,Florida Georgia Line,Life Rolls On (Deluxe / Big Machine Radio Release Special),345816760,52247,0ZBVckb7D7y6vbYfgkFMCu
7n2Ycct7Beij7Dj7meI4X0,TWICE,Taste of Love,345584091,88120,00vb6sViDbJLmLLchfbRh4
3b8QkneNDz4JHKKKlLgYZg,Florida Georgia Line,Life Rolls On (Deluxe),345181211,51851,40g5hYGdp9TDQriLdIh7p9
0QHgL1lAIqAw0HtD7YldmP,DJ Khaled,We The Best Forever,344859976,167194,7FyxsUO4kVqRfo2ne1aUOg
5he5w2lnU9x7JFhnwcekXX,Skrillex,Make It Bun Dem After Hours EP,344754287,192058,3ipNtzV1LNGEBWu4VSsmjP
5y2Xq6xcjJb2jVM54GHK3t,John Legend,A Legendary Christmas,344562243,4079,67vlDQxXPo2JKnZ5e6tHKY
5y2Xq6xcjJb2jVM54GHK3t,John Legend,A Legendary Christmas,344562243,4079,4rvtCloap7CfNl2Ogl8B87
51Blml2LZPmy7TTiAg47vQ,U2,How To Dismantle An Atomic Bomb,344488974,112420,5PQPur1PEZFDkI0AXbxFlB
1yR65psqiazQpeM79CcGh8,Marília Mendonça,"Festa das Patroas, EP1",344292222,103085,0Z4qKd1CG1VxOMt8knpoQK
0TnOYISbd1XYRBk9myaseg,Pitbull,I Am Armando - Armando Reloaded,344065535,206660,0kv3Rm7PODqJBQaVJiezuB
738wLrAtLtCtFOLvQBXOXp,Major Lazer,Powerful (Remixes),343893224,82932,68DrnPP5beDCUCkcgATmew
738wLrAtLtCtFOLvQBXOXp,Major Lazer,Powerful (Remixes),343893224,82932,0rGekDWJCs3mvxVejZtiaN
1mYsTxnqsietFxj1OgoGbG,A.R. Rahman,Raanjhanaa (Original Motion Picture Soundtrack),343434274,464789,24C47633GRlozws7WBth7t
3fMbdgg4jU18AjLCKBhRSm,Michael Jackson,Anthology: The Best Of Michael Jackson,341807759,104262,36K3cD4i4TK0JkU1sU2wOD
31W5EY0aAly4Qieq6OFu6I,A Boogie Wit da Hoodie,B4 AVA,340852806,118294,1VxVQAgekwkFo8yoXvFZ8o
0oOet2f43PA68X5RxKobEy,Shreya Ghoshal,Jalebi (Original Motion Picture Soundtrack),340402714,219552,2XSR5WDCh2PIYE0fp7C3cN
7n2Ycct7Beij7Dj7meI4X0,TWICE,Perfect World,339640104,76769,17rk8h2IU4wwSFXw9j2uR6
711MCceyCBcFnzjGY4Q7Un,AC/DC,POWER UP,339453051,122909,3bTNxJYk2bwdWBMtrjBxb0
1zNqDE7qDGCsyzJwohVaoX,Anne-Marie,UNHEALTHY (Deluxe),337749692,129886,7tOUgcKglzk78d8hOIMWyr
51Blml2LZPmy7TTiAg47vQ,U2,Rattle And Hum,337390348,107896,7hIoJcH4ObWasDFq78u1x9
3b8QkneNDz4JHKKKlLgYZg,Florida Georgia Line,Life Rolls On,337126808,49718,6dfdmMDGw988CzNEFdnIcY
6Te49r3A6f5BiIgBRxH7FH,Ninho,NI,336545987,156064,6sY6EuHMdhyD4dgZsYcKad
1wRPtKGflJrBx9BmLsSwlU,Pritam,Bhool Bhulaiyaa 2,335296507,135355,4NFcyneOarb6TDWul6jgcB
1sBkRIssrMs1AbVkOJbc7a,Rick Ross,Mastermind (Deluxe),335158428,75069,3wPd5PnHMlkeRCabXyX57s
1wZtkThiXbVNtj6hee6dz9,Wisin,Mas Flow - Los Benjamins,334937681,179855,0sMHBG6T20O56Wrtu1pR1f
7n2Ycct7Beij7Dj7meI4X0,TWICE,MORE & MORE,333918740,60166,5KsduuDNWzt65TaHzmtciv
2ye2Wgw4gimLv2eAKyk1NB,Metallica,72 Seasons,333459810,189143,70uejEPPRPSLBrTRdfghP5
33ScadVnbm2X8kkUqOkC6Z,Don Omar,FOREVER KING,333455026,110462,3BD8a87zdeC9SAXSM1FC3t
711MCceyCBcFnzjGY4Q7Un,AC/DC,Let There Be Rock,331487427,153317,3JwFNl80WWeXPiKEjIFbqa
7jy3rLJdDQY21OgRLCZ9sD,Foo Fighters,Foo Fighters,331169434,104783,4EnNuo8fG7dMoxMefbApRY
7n2Ycct7Beij7Dj7meI4X0,TWICE,Twicecoaster: Lane 1,331015585,93927,5zQhaDNbiXHRqd8Y51I4vy
1wRPtKGflJrBx9BmLsSwlU,Pritam,Desi Boyz,330633073,392619,1Ekdlu676aj6F9lDUcl7ht
3xvaSlT4xsyk6lY1ESOspO,Disney,ZOMBIES 2 (Original TV Movie Soundtrack),330536168,130714,3sZV33Gfqx8tZmAwRBtpCs
4nDoRrQiYLoBzwC5BhVJzF,Camila Cabello,"C,XOXO (Magic City Edition)",330367520,348202,6mym3v2HWcsH1oBN6A7SPm
5Rl15oVamLq7FbSb0NNBNy,5 Seconds of Summer,5 Seconds Of Summer (B-Sides And Rarities),330193099,127370,5wyvhfOpVW7QdOSpToTB7I
1wRPtKGflJrBx9BmLsSwlU,Pritam,Cocktail (Original Motion Picture Soundtrack),329808826,288286,1y5h6GBXEgFjBDHThikj1w
0TnOYISbd1XYRBk9myaseg,Pitbull,Libertad 548,329488281,67986,6nCJAxRvXmPkPiZo8Vh5ZG
26dSoYclwsYLMAKD3tpOr4,Britney Spears,"B In The Mix, The Remixes Vol 2",327936456,212328,6KyOIN8ljZIuggUSvcCnuI
3nFkdlSjzX9mRTtwJOzDYB,JAY-Z,The Blueprint 2: The Gift & The Curse,327802263,161490,7dlgxTkJ7oapkQz8CnyHxT
3nFkdlSjzX9mRTtwJOzDYB,JAY-Z,The Blueprint 2: The Gift & The Curse,327802263,161490,5xHStEOG8PsbzNQb7LkxZU
4YRxDV8wJFPHPTeXepOstw,Arijit Singh,Arijit Singh - Reprise and Unplugged Hits,327557958,251124,2Aa7I2sffdVuuBtR97VBV1
4r63FhuTkUYltbVAg5TQnk,DaBaby,Blank Blank,327443647,36155,6L2X9oAs6pLMweH6pSpfTT
1elUiq4X7pxej6FRlrEzjM,Jorge & Mateus,O Mundo É Tão Pequeno,327304364,398110,7EPROKycuy8kgYCHsHFJu8
0vR2qb8m9WHeZ5ByCbimq2,Reik,Un Dia Mas (Edicion Especial),326551060,222805,0DFhIlgm33q5dTFoz5uH1v
0XwVARXT135rw8lyw1EeWP,Christian Nodal,Recordando A Una Leyenda,326432833,142605,6APWjRHjNqmSLAEauCu1fR
50co4Is1HCEo8bhOyUWKpn,Young Thug,Slime Language,326141823,53793,4OHfmMUq6xwCo8zfQuc9Rf
5he5w2lnU9x7JFhnwcekXX,Skrillex,More Monsters and Sprites EP,326018091,113913,7ltvnXQCjQRwTlMy55XcCz
487N2T9nIPEHrlTZLL3SQs,Zé Neto & Cristiano,Acústico de Novo,325518183,55463,4QyeHXku1kDXZyGR9Do0Jv
4gzpq5DPGxSnKTe4SA8HAU,Coldplay,Live from Spotify London,324925339,74848,573eP6oKtAJDqnpco7Fn9c
4UXqAaa6dQYAk18Lv7PEgX,Fall Out Boy,So Much (For) Stardust,323735523,207083,5rHd8n9uWIpq9w0PP5ZcI3
55Aa2cqylxrFIXC767Z865,Lil Wayne,Funeral,322133114,45775,2x657XotA7LCsPElXmXX4W
55Aa2cqylxrFIXC767Z865,Lil Wayne,Funeral,322133114,45775,4hOMIVFD0c1xFxwyEp5Nxe
55Aa2cqylxrFIXC767Z865,Lil Wayne,Funeral,322133114,45775,0116Ie8eiOavxyJbcCONdT
4zCH9qm4R2DADamUHMCa6O,Anirudh Ravichander,Master (Original Motion Picture Soundtrack),322108512,208811,11YJfivZjEaEUU9lJmeidh
69GGBxA162lTqCwzJG5jLp,The Chainsmokers,Summertime Friends,321774653,206408,06NJ4sxQJg1BiSGH9WkzRE
3PhoLpVuITZKcymswpck5b,Elton John,Never Too Late: The Deeper Cuts,321617031,116394,3im07NLXgEAx9Vi3ABRsUi
6FBDaR13swtiWwGhX1WQsP,blink-182,Neighborhoods (Deluxe),321533946,81623,2xSmzzqWM6cqaC92Hf7Dyv
1wZtkThiXbVNtj6hee6dz9,Wisin,"Los Vaqueros, El Regreso",321329290,186947,4mIV2lIQfHszWU28kvYtJ1
1wZtkThiXbVNtj6hee6dz9,Wisin,"Los Vaqueros, El Regreso",321329290,186947,78dvAMnh1D4Q1uytQVj7np
137W8MRPWKqSmrBGDBFSop,Wiz Khalifa,Khalifa,321047819,26973,40QPuvt8Ft79Bakb0Jc78f
2C6i0I5RiGzDKN9IAF8reh,Banda MS de Sergio Lizárraga,En Preparación,320849780,194272,6SkVZ9EJpL1pQkf79qFnLF
7n2Ycct7Beij7Dj7meI4X0,TWICE,BDZ (Repackage),319587100,74896,1dZtA3Lt9sUGqkM6KWY92x
0L8ExT028jH3ddEcZwqJJ5,Red Hot Chili Peppers,One Hot Minute (Deluxe Edition),319462880,139432,2rQ135imvelvp89D8eEZOi
1wRPtKGflJrBx9BmLsSwlU,Pritam,Laal Singh Chaddha,318929962,211778,5OLQiL6HaWJl734EqPjoY9
3KV3p5EY4AvKxOlhGHORLg,Jeremih,Ready,318110573,133234,6GiPQmHu4MvaNDaSM0lAvB
3KV3p5EY4AvKxOlhGHORLg,Jeremih,Ready,318110573,133234,3fRvoWSlsK90ii0PVRvw4P
3KV3p5EY4AvKxOlhGHORLg,Jeremih,Ready,318110573,133234,1mSsccWmWvV5PWRGNdqjmZ
6jGMq4yGs7aQzuGsMgVgZR,Lil Tjay,222,317318908,185649,3KRqTwjYtuR11MnyM3X2xL
6jGMq4yGs7aQzuGsMgVgZR,Lil Tjay,222,317318908,185649,46LpOEusxUOW5UXN3KGRT5
43ZHCT0cAZBISjO8DG9PnE,Elvis Presley,G.I. Blues,317051916,105634,1TqAYM0PTj6TDdzTcY8VGT
66CXWjxzNUsdJxJ2JdwvnR,Ariana Grande,k bye for now (swt live),316886428,88575,5UACk85y1hNRSUtY0ss8pb
1wRPtKGflJrBx9BmLsSwlU,Pritam,Bajrangi Bhaijaan,316045542,290068,4nZOPP0atfJbBlkedLYi7t
4gzpq5DPGxSnKTe4SA8HAU,Coldplay,Kaleidoscope EP,315650565,50201,0CE9VXSH70pz4BQzMPm9gO
1sBkRIssrMs1AbVkOJbc7a,Rick Ross,Mastermind,315373573,72225,1iTpsn4fbLlsdKDKFuUfsH
6vXTefBL93Dj5IqAWq6OTv,French Montana,Excuse My French (Deluxe),315354276,50445,2Af2xpOLk0VzzJqmqtAW8T
6vXTefBL93Dj5IqAWq6OTv,French Montana,Excuse My French (Deluxe),315354276,50445,4LOpELq9O4yc5EhgNlXMpa
1elUiq4X7pxej6FRlrEzjM,Jorge & Mateus,Jorge & Mateus Ao Vivo Em Goiânia (Ao Vivo Em Goiânia / 2007),314652369,322132,6maNu0jtESLavq0mEsNXHh
1elUiq4X7pxej6FRlrEzjM,Jorge & Mateus,Jorge & Mateus Ao Vivo Em Goiânia (Ao Vivo Em Goiânia / 2007),314652369,322132,6maNu0jtESLavq0mEsNXHh
7vk5e3vY1uw9plTHJAMwjN,Alan Walker,Walkerverse Pt. I & II,313810097,127276,6kbiBMllsbGVYMAy8YJKs9
0eHQ9o50hj6ZDNBt6Ys1sD,Yandel,De Líder a Leyenda,313581326,77086,6t3uUCp5kGlcXKmSfDl3Ul
69GGBxA162lTqCwzJG5jLp,The Chainsmokers,No Hard Feelings,312553071,545418,6zbTpuaPUXU6jRn6RJ0W6K
69GGBxA162lTqCwzJG5jLp,The Chainsmokers,No Hard Feelings,312553071,545418,5D8kaq2gEsI1zaha675eIy
5f7VJjfbwm532GiveGC0ZK,Lil Baby,WHAM (Extended Version),312490278,1915610,5XYdFmT54volmxN5OCI5Xy
13y7CgLHjMVRMDqxdx0Xdo,Gucci Mane,Breath of Fresh Air,312210434,78854,6utPm8NlR2FV93aFGNEhmZ
0L8ExT028jH3ddEcZwqJJ5,Red Hot Chili Peppers,One Hot Minute,312106719,138011,74cQBDmkkzRBntR064f0SD
7Ln80lUS6He07XvHI8qqHH,Arctic Monkeys,Who The F*** Are Arctic Monkeys?,311855674,111941,3tEGBDGnejHf4mx1YSqKnb
2cFrymmkijnjDg9SS92EPM,blackbear,ANONYMOUS,311458505,31908,2GQuVFujesadBWknYzObe3
1SupJlEpv7RS2tPNRaHViT,Nicky Jam,Exitos,311237214,181750,2qSyMVTIKLArOx4GNcvutB
1SupJlEpv7RS2tPNRaHViT,Nicky Jam,Exitos,311237214,181750,4TGmmsYSfg2VTz3sk2J1t3
711MCceyCBcFnzjGY4Q7Un,AC/DC,Rock or Bust,311117210,69500,6OwvO40ahugJE5PH4TjqTg
5me0Irg2ANcsgc93uaYrpb,The Notorious B.I.G.,Born Again,311114690,102754,7zg9ZSOQtYLjWnvSawflg6
5me0Irg2ANcsgc93uaYrpb,The Notorious B.I.G.,Born Again,311114690,102754,1IF8NvtrKDycavQgwFMmMQ
3hcs9uc56yIGFCSy9leWe7,Lil Durk,Only The Family - Lil Durk Presents: Loyal Bros,310523920,123031,7HCh4HQHDNZkXphOzb6ugT
5YGY8feqx7naU7z4HrwZM6,Miley Cyrus,Breakout,310256148,103876,0Yu3czJNOQ68fZgkvpjuHL
1mcTU81TzQhprhouKaTkpq,Rauw Alejandro,TRAP CAKE VOL. 2,309285673,207561,2ZXwd2AzsVWTwp1oT3tfMI
0z4gvV4rjIZ9wHck67ucSV,Akon,Ra-One,309049987,304960,5x2eTJrbEvmOTEcWWWubLy
0z4gvV4rjIZ9wHck67ucSV,Akon,Ra-One,309049987,304960,4JhqBcF7DtLiT0HWSQgNdX
3xvaSlT4xsyk6lY1ESOspO,Disney,High School Musical: The Musical: The Series (Original Soundtrack/Season 2),308983285,91530,5j8ccf2ePPuzngz8j1xcVM
6tbjWDEIzxoDsBA1FuhfPW,Madonna,Rebel Heart (Super Deluxe),308691269,54571,1MfBS0vLHUvlKXWsS7RUun
1mYsTxnqsietFxj1OgoGbG,A.R. Rahman,A.R.Rahman 90's Hits,308274852,276521,3jnuVdVsUIogYwKGpiLczM
6fOMl44jA4Sp5b9PpYCkzz,NF,NF,308266729,57722,2cMXPk9NsWWnawWxa3SSUf
1QAJqy2dA3ihHBFIHRphZj,Cigarettes After Sex,X's,306991357,661691,2nVPmbiBiR3CrAqDnw1inZ
1Mxqyy3pSjf8kZZL4QVxS0,Frank Sinatra,"Days Of Wine And Roses, Moon River And Other Academy Award Winners",306922241,124153,7FAo3wmrJNNzz2W5Z5ZG80
2nszmSgqreHSdJA3zWPyrW,Luis Miguel,Serie Verde- Luis Miguel,306359776,100233,6e7eemEtlg2hi61kjIGDt5
1sBkRIssrMs1AbVkOJbc7a,Rick Ross,Port of Miami 2,306071371,42198,1mgw5rbUS94uif2ce9QCf0
2ye2Wgw4gimLv2eAKyk1NB,Metallica,S&M,305904000,100634,0Les6eQgVs5NrS2WvRGTyc
2ye2Wgw4gimLv2eAKyk1NB,Metallica,S&M,305904000,100634,3kVRcb2fuCcKcqltzczxRP
2cFrymmkijnjDg9SS92EPM,blackbear,Serotonin Dreams,305814702,129569,1I79ZTFJ5FVLwMYRWvhk73
4nDoRrQiYLoBzwC5BhVJzF,Camila Cabello,"C,XOXO",305684118,300850,004ywPlW72Hgn1Bo9PlNOr
4nDoRrQiYLoBzwC5BhVJzF,Camila Cabello,"C,XOXO",305684118,300850,4yvsyIKcqYFmUbD5gzb20W
0oSGxfWSnnOXhD2fKuz2Gy,David Bowie,Divine Symmetry,305369506,97185,6R81KQL9aDneLB1GixHRIH
4UXqAaa6dQYAk18Lv7PEgX,Fall Out Boy,Take This to Your Grave,304923473,153085,7l4nnHG7upOnUM4WvAjToY
6tbjWDEIzxoDsBA1FuhfPW,Madonna,Rebel Heart (Deluxe),304921231,53881,5TAX07toYGN4AFshlKpmZb
5K4W6rqBFWDnAN6FQUkS6x,Kanye West,Champions,304892369,45075,1xuSorM2dDIiB5zhftB5NY
7MiDcPa6UiV3In7lIM71IN,Gusttavo Lima,Buteco Goiânia (Ao Vivo),304835598,44728,00jkZlcpl1OU9kZbgLqBMT
7MiDcPa6UiV3In7lIM71IN,Gusttavo Lima,"Falando de Amor, Vol. 1",304652957,47496,1XNqME96E9GBNYCv8wFbn2
2LIk90788K0zvyj2JJVwkJ,Jack Harlow,Jackman.,303067168,259343,1ep4OEfNOhvcY85STfEtKy
2LIk90788K0zvyj2JJVwkJ,Jack Harlow,Jackman.,303067168,259343,0zKLHvP1TLKdDLSg4FOihB
64M6ah0SkkRsnPGtGiRAbb,Bebe Rexha,I Don't Wanna Grow Up,302691905,32730,7fpYQJGXdDUzmhZAQmf8BE
55Aa2cqylxrFIXC767Z865,Lil Wayne,Tha Carter II,302300736,135797,7slHgsEMuJfnuft5LAPyw6
5JZ7CnR6gTvEMKX4g70Amv,Lauv,All 4 Nothing,302223913,129385,3edu0vIRVJ6vcK3yagi6oS
487N2T9nIPEHrlTZLL3SQs,Zé Neto & Cristiano,Zé Neto & Cristiano - Acústico,302220977,35723,6uthdLP8MEYrgIVCcyAANN
2dIgFjalVxs4ThymZ67YCE,Stray Kids,HOP,302093160,1244587,3IGZmUJql41Q2FSIBweSsz
7hJcb9fa4alzcOq3EaNPoG,Snoop Dogg,Workout Playlist,301836599,177416,3TcjIvyL1G5w0rR7iTJUfV
2nszmSgqreHSdJA3zWPyrW,Luis Miguel,33,301107703,179921,5HooteTWKKPU1GjuOo5Bpf
6XyY86QOPPrYVGvF9ch6wz,Linkin Park,Reanimation,301105237,105822,1MhedvSCTqGphXQz3oucpj
7n2Ycct7Beij7Dj7meI4X0,TWICE,BDZ,301075428,71792,3Bi7hl11zYHpw6uE6gAtSs
7ltDVBr6mKbRvohxheJ9h1,ROSALÍA,Alter Ego,300797039,335081,5eoWRkeplmcCL97afSMJVm
7ltDVBr6mKbRvohxheJ9h1,ROSALÍA,Alter Ego,300797039,335081,0ghlpJtcN9O9Sk72voIHJm
7ltDVBr6mKbRvohxheJ9h1,ROSALÍA,Alter Ego,300797039,335081,3si9Tt0MEyLf26borb6B5p
2IMZYfNi21MGqxopj9fWx8,Rels B,Inéditos,300736779,179160,3i4B0RDk45Aaul2HKQxUPN
0X2BH1fck6amBIoJhDVmmJ,Ellie Goulding,Higher Than Heaven (Deluxe),299712944,112120,6FL3GfTcb8cf4xwMJlcynq
329e4yvIujISKGKz1BZZbO,Farruko,El Talento del Bloque,299685149,287567,2FGhhlr2SX31pVXnrd13kq
5ZS223C6JyBfXasXxrRqOk,Jhené Aiko,Sailing Soul(s),299561945,514020,6zp8MKrhIwSdZojADmIDim
66ihevNkSYNzRAl44dx6jJ,Carin Leon,Lo Más Escuchado del 2023,299246562,313251,3i1CjH1vT2s05QhuYKoxCE
1Mxqyy3pSjf8kZZL4QVxS0,Frank Sinatra,Come Fly With Me (Expanded Edition),299192594,80734,66v9QmjAj0Wwhh2OpbU4BE
2QsynagSdAqZj3U9HgDzjD,Bob Marley & The Wailers,Catch A Fire (50th Anniversary),298965325,125595,5fys4mnxoURHl9ThAEPoKU
7Ln80lUS6He07XvHI8qqHH,Arctic Monkeys,Brianstorm,298804878,119325,48LzgZEtedwMSMSZRWBjiQ
7Ln80lUS6He07XvHI8qqHH,Arctic Monkeys,Brianstorm,298804878,119325,3wes7jJ9Ig44rYtlYGwAh9
1wRPtKGflJrBx9BmLsSwlU,Pritam,Dilwale (Original Motion Picture Soundtrack),297740723,236726,09AmTEo0Po8vC2WDcpviAT
43ZHCT0cAZBISjO8DG9PnE,Elvis Presley,"Elvis' Gold Records, Vol. 4",297615616,126070,3ufobt4J5vaT3z7lgUub6a
6tbjWDEIzxoDsBA1FuhfPW,Madonna,Ray of Light,297301422,155831,6cuNyrSmRjBeekioLdLkvI
0X2BH1fck6amBIoJhDVmmJ,Ellie Goulding,An Introduction To Ellie Goulding EP,297131081,200884,2zRzPgu8WPe2uLtppHv5uD
4zCH9qm4R2DADamUHMCa6O,Anirudh Ravichander,Vikram (Original Background Score),296947812,123121,6S5qpNyT3ZAg7m0e2XSOqx
66ihevNkSYNzRAl44dx6jJ,Carin Leon,Borrachera Con Los Honorables (En Vivo),295449582,93333,5Js6rpaXDIBbdJA5Xn8AYd
7c0XG5cIJTrrAgEC3ULPiq,Ty Dolla $ign,Beach House EP,294849653,38117,2P0JJ9p0o3unqi6EK4iDQw
13y7CgLHjMVRMDqxdx0Xdo,Gucci Mane,So Icy Boyz: The Finale,294533806,51148,5Rb7JdsT1IEITEMgUqcWq2
6eUKZXaKkcviH0Ku9w2n3V,Ed Sheeran,2step (The Remixes),293792705,68576,0a28QsFN8zbrWSvbSQ40PI
0L8ExT028jH3ddEcZwqJJ5,Red Hot Chili Peppers,Mother's Milk,293462731,90327,1oOkcBu5bgkUzZTvKD1m8z
6jGMq4yGs7aQzuGsMgVgZR,Lil Tjay,State of Emergency,293417887,44482,26d9EFfi2YSvhQv7KKcrNw
1VPmR4DJC1PlOtd0IADAO0,$uicideboy$,DIRTIESTNASTIEST$UICIDE,292833288,192203,7mxSvZIgElLmVTdUfVNQFz
3aQeKQSyrW4qWr35idm0cy,T-Pain,Oblivion (Expanded Edition),292515568,40244,4prOSqkoRtSBI2gBiRxafm
3hcs9uc56yIGFCSy9leWe7,Lil Durk,Love Songs 4 the Streets 2,292324362,98041,3kj9O7YYodmvzwq8ObaWU9
69GGBxA162lTqCwzJG5jLp,The Chainsmokers,ADDICTED: REFRESHED,291538239,547614,5WvdQ0rXunG7ZDLneivLio
23zg3TcAtWQy7J6upgbUnj,USHER,Hard II Love,291420321,40519,4HAuPn3A4uu9n7RYNk1dOz
3nFkdlSjzX9mRTtwJOzDYB,JAY-Z,Blueprint 2.1,290881279,146650,5rf9obIGCl072S7xGygzSz
3nFkdlSjzX9mRTtwJOzDYB,JAY-Z,Blueprint 2.1,290881279,146650,6k1icnUbF3aMZM4P2yokMe
0LcJLqbBmaGUft1e9Mm8HV,ABBA,Voyage,290457213,80865,0uUtGVj0y9FjfKful7cABY
1dfeR4HaWDbWqFHLkxsg1d,Queen,Deep Cuts [(1973-1976) 2011 Remaster],290312380,82809,5xuzYEmhEiXIY5Js0rnim2
2dIgFjalVxs4ThymZ67YCE,Stray Kids,Clé 1 : MIROH,289996118,90463,3s6RbqkTprnGwKpoUSYL00
74KM79TiuVKeVCqs8QtB0B,Sabrina Carpenter,fruitcake,289758945,97550,7EisdwWcodpmHxgpGVE5Pg
487N2T9nIPEHrlTZLL3SQs,Zé Neto & Cristiano,"Intenso, Vol. 1 (Ao Vivo)",289416772,195220,25pwFWN0aKyewRko50vKJT
3xvaSlT4xsyk6lY1ESOspO,Disney,ZOMBIES (Original TV Movie Soundtrack),288943473,132670,5OZ8rT5NZcYNxkf8jnIAL0
5y2Xq6xcjJb2jVM54GHK3t,John Legend,Beauty and the Beast (Original Motion Picture Soundtrack/Deluxe Edition),288922375,73661,3AhP76AusdcJ9sZ4XgUcEc
0pePYDrJGk8gqMRbXrLJC8,Luis R Conriquez,"Corridos Bélicos, Vol. 2",288632511,87703,6geYhsANDTi0IoZR30Y5tb
4AK6F7OLvEQ5QYCBNiQWHq,One Direction,Midnight Memories,288383670,89517,4k4apMN5EYs7S2q83BsXyR
13y7CgLHjMVRMDqxdx0Xdo,Gucci Mane,Everybody Looking,288302799,17850,3WjDB3j2yZL4g0hBGHF04i
1SupJlEpv7RS2tPNRaHViT,Nicky Jam,INSOMNIO,287671543,366707,0leCm7DasgqP70lhOVeXyU
1SupJlEpv7RS2tPNRaHViT,Nicky Jam,INSOMNIO,287671543,366707,5uMSlAYTRCqjqGP32e30pC
2kCcBybjl3SAtIcwdWpUe3,Lil Peep,LIL PEEP; PART ONE,287432681,374375,7n4NXIQuDsb7C68oSBVF0M
23zg3TcAtWQy7J6upgbUnj,USHER,COMING HOME (Expanded Edition),286971950,257017,7GZwgBHhaazZ2QnrvbpDPO
7oPftvlwr6VrsViSDV7fJY,Green Day,Warning,286241811,111346,3ifIxGNsG1XmLdoanRRIWB
4tZwfgrHOc3mvqYlEYSvVi,Daft Punk,Alive 2007,286224568,107840,7u6zL7kqpgLPISZYXNTgYk
7jy3rLJdDQY21OgRLCZ9sD,Foo Fighters,Sonic Highways,285862197,28304,2qwN15acAl3sm3Idce5vK9
66ihevNkSYNzRAl44dx6jJ,Carin Leon,"Encerrados Pero Enfiestados, Vol. 2 (En Vivo)",285773516,81102,1BfgliISvoltJW8kQdJel1
23zg3TcAtWQy7J6upgbUnj,USHER,COMING HOME,285771623,255835,7Ic1aiLXMmyyi0cVkk04aS
13y7CgLHjMVRMDqxdx0Xdo,Gucci Mane,So Icy Gang: The ReUp,285375904,143199,53aYSRJmJeUO800GL3Wa1C
6eUKZXaKkcviH0Ku9w2n3V,Ed Sheeran,Loose Change,284907320,23559,3QbPtoOWiJqZurXXxJwaOD
738wLrAtLtCtFOLvQBXOXp,Major Lazer,Essential (Instrumentals),284755845,48933,5CBZ0ohjQBjF2dyuOfJrG9
1mYsTxnqsietFxj1OgoGbG,A.R. Rahman,Rockstar,284604551,291597,15Pp0263atXizZbrwTEWjb
1mYsTxnqsietFxj1OgoGbG,A.R. Rahman,Rockstar,284604551,291597,3RZxrS2dDZlbsYtMRM89v8
1mYsTxnqsietFxj1OgoGbG,A.R. Rahman,Rockstar,284604551,291597,2thjKwqPvHo5SWzSzudVB2
3qm84nBOXUEQ2vnTfUTTFC,Guns N' Roses,Chinese Democracy,283954460,121872,0suNLpB9xraAv1FcdlITjQ
4zCH9qm4R2DADamUHMCa6O,Anirudh Ravichander,Mass Level : Anirudh Ravichander,282147731,246218,36D33FIqo6sa8HVfG4X0W4
1VPmR4DJC1PlOtd0IADAO0,$uicideboy$,7th or St. Tammany,282095090,207342,4BqLJSu0S1KEsA6DBbJ9L4
25uiPmTg16RbhZWAqwLBy5,Charli xcx,Pop 2,281797723,351563,2HIwUmdxEl7SeWa1ndH5wC
3b8QkneNDz4JHKKKlLgYZg,Florida Georgia Line,Heartland,280629177,85713,1a7BlXLCqjTxQh6X8L9JBL
3WrFJ7ztbogyGnTHbHJFl2,The Beatles,Sgt. Pepper's Lonely Hearts Club Band (Super Deluxe Edition),280276800,112198,1ntNLgaYCFCkeW4flGYlY2
7CajNmpbOovFoOoasH2HaY,Calvin Harris,Ready For The Weekend,280229315,82525,46atV5Jl6hrOhQfM4Xgy1M
7CajNmpbOovFoOoasH2HaY,Calvin Harris,Ready For The Weekend,280229315,82525,5Zcfw8EsPjQBJZhA0EbcyM
7CajNmpbOovFoOoasH2HaY,Calvin Harris,Ready For The Weekend,280229315,82525,639SUJhb8VgXc3QnUYOcfQ
15UsOTVnJzReFVN1VCnxy4,XXXTENTACION,"XXXTENTACION Presents: Members Only, Vol. 4",279940799,72260,4EeDFhIVRxOg4dx7ozSNXa
64KEffDW9EtZ1y2vBYgq8T,Marshmello,Joytime III,279634224,44840,662MMKEWOxGXbPXQIcgBlW
60d24wfXkVzDSfLS6hyCjZ,Martin Garrix,Seven,278972041,30958,0f1CZexom6ELxbDZx32fyk
3hcs9uc56yIGFCSy9leWe7,Lil Durk,Who is Nardo Wick?,278895873,91674,338LPt19lJ2GiGmxDSOAtR
6vXTefBL93Dj5IqAWq6OTv,French Montana,Excuse My French,278686248,46101,5Llp1V2yhpdGle13fM1EWh
6vXTefBL93Dj5IqAWq6OTv,French Montana,Excuse My French,278686248,46101,0DlKjiwJm8Rf68PU24uyoL
1l7ZsJRRS8wlW3WfJfPfNS,Christina Aguilera,My Kind Of Christmas,277968558,1945,0EmIJRj74RImuDbGJh4iOu
3fMbdgg4jU18AjLCKBhRSm,Michael Jackson,The Very Best Of Michael Jackson With The Jackson 5,277369774,84659,0I3Si9y8NTqX6zp4RNMfJK
5fMUXHkw8R8eOP2RNVYEZX,Diplo,Random White Dude Be Everywhere,276709961,43770,4c7lxBZCbR8SQsoVvO2lCb
1l7ZsJRRS8wlW3WfJfPfNS,Christina Aguilera,Mi Reflejo,275496626,131420,3TdbZH4OnoGoMgil9f1YzK
0XwVARXT135rw8lyw1EeWP,Christian Nodal,PA'L CORA EP. 01,275282155,320022,0CcqlfIynthDbMOXbc8cIV
5fMUXHkw8R8eOP2RNVYEZX,Diplo,B4 The Storm (Expanded Edition),275118184,92905,4fszOxJ7RWHqPIXOrC2iKY
3EiLUeyEcA6fbRPSHkG5kb,De La Ghetto,Mi Movimiento,274848907,63299,52E77HSrg85k7NrRkKTGT1
6icQOAFXDZKsumw3YXyusw,Lil Yachty,15,274662970,172838,5I0eRWD0PLOmswFHZhcD12
7wlFDEWiM5OoIAt8RSli8b,YoungBoy Never Broke Again,38 Baby 2,274028971,71778,5vjOhA7AkB9WK7I2NnzIex
5he5w2lnU9x7JFhnwcekXX,Skrillex,USB,273973096,195619,6CNWkUVb8kLkM3B464RMTx
0c173mlxpT3dSFRgMO8XPh,Big Sean,Finally Famous (Deluxe),273734177,44654,19DGkH750PrQMMnKqBAxfY
1wRPtKGflJrBx9BmLsSwlU,Pritam,Jannat 2 (Original Motion Picture Soundtrack),272696586,332368,6CtqkIRtoYPHgFc1ft1DPi
41MozSoPIsD1dJM0CLPjZF,BLACKPINK,BLACKPINK (Japanese Version),272452854,42078,6vl7a0PooHBuDRLrtNeUL0
1RyvyyTE3xzB2ZywiAwp0i,Future,56 Nights,272346862,155619,4Mqt4zRLIwFtZyzh7tAUQE
66ihevNkSYNzRAl44dx6jJ,Carin Leon,Cura Local (En Vivo),272176182,131072,3GttJ01ZFSI4Cse6ZCqqg2
1wRPtKGflJrBx9BmLsSwlU,Pritam,Race 2 (Original Motion Picture Soundtrack),271727875,338517,1Q5RHgCR1iKzaZzJurDKEK
3p7PcrEHaaKLJnPUGOtRlT,Henrique & Juliano,Manifesto Musical 2 (Ao Vivo / EP1),271376521,962198,4HothMjvojSA740SFUAiRC
0k17h0D3J5VfsdmQ1iZtE9,Pink Floyd,Animals,271344970,115665,4Xs4NI3J2Nf9eSUqvW7GBn
0k17h0D3J5VfsdmQ1iZtE9,Pink Floyd,Animals,271344970,115665,3b4E89rxzZQ9zkhgKpj8N4
0k17h0D3J5VfsdmQ1iZtE9,Pink Floyd,Meddle,270667977,112152,468ZwCchVtzEbt9BHmXopb
6olE6TJLqED3rqDCT0FyPh,Nirvana,With The Lights Out - Box Set,269614735,140596,784v2vgKR7tIuycQVzWMOg
4IWBUUAFIplrNtaOHcJPRM,James Arthur,Bitter Sweet Love,269220414,243225,02muSEofPSAk276DCafUPb
3DiDSECUqqY1AuBP8qtaIa,Alicia Keys,Girl On Fire,268950217,40127,3qqhNVbjLFNdLviBFrFwCa
3Isy6kedDrgPYoTS1dazA9,Sean Paul,10,268814372,178404,138M0lORis5tDxurpIbd7V
3Isy6kedDrgPYoTS1dazA9,Sean Paul,10,268814372,178404,7pKLvzqcLuNx96e59VFREP
3aQeKQSyrW4qWr35idm0cy,T-Pain,I'm Sprung,268723299,193274,5M2myBiPNSuvhrNDy9Q7aG
46SHBwWsqBkxI7EeeBEQG7,Kodak Black,FEMA (Finesse Elevate Motivate Achieve),268661211,66660,1mUwtBhnrDj0dkwnEjhOj0
1bfl0AU8SqmLkElptOprhC,Jul,Atento Aviso ... Rey Sin Reina,268655108,587649,38uizvY4xqOiAq750FDmW2
2wUjUUtkb5lvLKcGKsKqsR,Alessia Cara,This Summer,267792491,18134,24riCP5KVIEEaXKYvvhshe
5XJDexmWFLWOkjOEjOVX3e,Eladio Carrion,SEN2 KBRN VOL. 1,267674752,97326,7rzr5GOIXMfA41aIkzGtvo
45dkTj5sMRSjrmBSBeiHym,Tate McRae,It's ok I'm ok (remixes),267352499,1018305,3XaVpz5yxOIkha03FETXPQ
4tZwfgrHOc3mvqYlEYSvVi,Daft Punk,Human After All,267245007,112191,1A2GTWGtFfWp7KSQTwWOyo
77ziqFxp5gaInVrF2lj4ht,Sech,The Sensation,266862329,43425,7sxSaAYrq3kXLmTuGkIBFU
1wRPtKGflJrBx9BmLsSwlU,Pritam,Race (Original Motion Picture Soundtrack),266333974,351357,5ZA52EwvGmwTQvHaLujhry
1Mxqyy3pSjf8kZZL4QVxS0,Frank Sinatra,Freaky Styley,265933196,177584,10Oqhoq2akSJnurJOPk8xT
711MCceyCBcFnzjGY4Q7Un,AC/DC,Live at River Plate,265790007,63542,4H6JMsvxmh0U7VBYiWiyLa
137W8MRPWKqSmrBGDBFSop,Wiz Khalifa,The Saga of Wiz Khalifa (Deluxe),265666934,44017,7GmwwE2wcNtyq7nlsrYVuD
1vyhD5VmyZ7KMfW5gqLgo5,J Balvin,Rayo,264757446,473419,1hUqwHvAVIEXMXqIrkHgPo
12vb80Km0Ew53ABfJOepVz,Ñengo Flow,Real G4 Life Vol. 3,264634160,221850,4fIyZEKAUwrH6o4rWrdmT0
487N2T9nIPEHrlTZLL3SQs,Zé Neto & Cristiano,Tarja Preta,264534306,35630,5QBgkxSxKSL0miMmONVo8a
6tbjWDEIzxoDsBA1FuhfPW,Madonna,GHV2,263603504,125763,5frQh0uqxnIQBam99WigU4
4zCH9qm4R2DADamUHMCa6O,Anirudh Ravichander,Velai Illa Pattadhaari (Original Motion Picture Soundtrack),263135641,262412,2TOKHFSj7mBAKfnkrPGxq0
0fA0VVWsXO9YnASrzqfmYu,Kid Cudi,Entergalactic,262948465,132265,4aW4iDepQUl5ZCHd1Gli68
1mYsTxnqsietFxj1OgoGbG,A.R. Rahman,Guru (Original Motion Picture Soundtrack),262397579,429298,6kWI9GDPhMhaGNo80Q1XT5
1mYsTxnqsietFxj1OgoGbG,A.R. Rahman,Guru (Original Motion Picture Soundtrack),262397579,429298,1KUhs5DCSDhq6V1AcgjXab
4zCH9qm4R2DADamUHMCa6O,Anirudh Ravichander,Bromance: Anirudh Ravichander & Sivakarthikeyan,262292126,275664,3sIQWSDp9P7gfVtifRdwml
3tlXnStJ1fFhdScmQeLpuG,Brent Faiyaz,A.M. Paradox,262100823,182100,2pIpBDT8RtmJ5Vhb86BOcd
33ScadVnbm2X8kkUqOkC6Z,Don Omar,King Of Kings (En Directo),260849100,231319,6pZly90sfONPMaGb1rhSVD
6S2OmqARrzebs0tKUEyXyp,Demi Lovato,HOLY FVCK,259840816,74716,2QX21ryT6SIcft6N3PkfeR
17lzZA2AlOHwCwFALHttmp,2 Chainz,Rap Or Go To The League,259380177,26559,1BR69wIifGZUSimcuTjWVg
360IAlyVv4PCEVjgyMZrxK,Miguel,Wildheart,259123072,139115,6b5WANFyoXhaMTXPqLF6ez
7MiDcPa6UiV3In7lIM71IN,Gusttavo Lima,50/50 (Ao Vivo) [Deluxe],258871485,71238,4ibh4ZJMONa5aR7ZtKDJHu
31TPClRtHm23RisEBtV3X7,Justin Timberlake,Everything I Thought It Was,258752787,185455,716B2iWcwoKolCXrqwLGQh
2nszmSgqreHSdJA3zWPyrW,Luis Miguel,Navidades Luis Miguel,258587660,8051,0tu9kY2tDMuuuI6GtSDH9i
0k17h0D3J5VfsdmQ1iZtE9,Pink Floyd,A Momentary Lapse of Reason,258378652,200984,4xODvcpjOOgu4oKWL0sCte
1i8SpTcr7yvPOmcqrbnVXY,Ozuna,Cosmo,257823348,237736,3nEa7WJXcruywRIZXu6qRE
5Rl15oVamLq7FbSb0NNBNy,5 Seconds of Summer,She Looks So Perfect (B-Sides),257694859,54233,7FPkaI35RqABwOd1bOHi05
7wlFDEWiM5OoIAt8RSli8b,YoungBoy Never Broke Again,38 Baby,257485731,133480,2O8EgP8trTkKflc5qtXyrl
0elWFr7TW8piilVRYJUe4P,Natanael Cano,Las 3 Torres,257097011,151271,2JC96lAWIMYId0no3JwmxI
6AgTAQt8XS6jRWi4sX7w49,Polo G,HOOD POET,256806641,157552,4Pl5cYTxBkbhMXxFZxuZLW
2C6i0I5RiGzDKN9IAF8reh,Banda MS de Sergio Lizárraga,Positivo,256798770,86994,3c8hkhNTRu4wPuhe6uHlr5
2C6i0I5RiGzDKN9IAF8reh,Banda MS de Sergio Lizárraga,Positivo,256798770,86994,24eUqyJPZ39GNoQsvc7ffM
6JL8zeS1NmiOftqZTRgdTz,Meghan Trainor,Timeless (Deluxe),256364054,342791,7mePeoRszpMqgvTAc9uRY0
22bE4uQ6baNwSHPVcDxLCe,The Rolling Stones,Aftermath (UK Version),256286698,85004,1MaP82K4mOoGYW5Ej0eUyM
1dfeR4HaWDbWqFHLkxsg1d,Queen,The Miracle,254855010,84018,5IQU4NUxVKn0tdBpJjKCyd
5C4PDR4LnhZTbVnKWXuDKD,Morat,Resiliencia,254219815,233765,1G9BXa8lenZYrFEKhF3BKV
12GqGscKJx3aE4t07u7eVZ,Peso Pluma,Efectos Secundarios,254145440,72879,6ShIhkhCxgHk9l0vnFBVOK
6vXTefBL93Dj5IqAWq6OTv,French Montana,They Got Amnesia,254034327,35844,0dMCnf42bF5BSLhDr2EMyl
0C0XlULifJtAgn6ZNCW2eu,The Killers,Sawdust,253807431,61797,4NtamseeVOGesCm8W9oHSz
1wZtkThiXbVNtj6hee6dz9,Wisin,Super 1's (Vol. 2),253371354,258728,6iqQ3NcQdQSbnYlxGsmya4
57LYzLEk2LcFghVwuWbcuS,Summer Walker,Halo,252197043,329690,2VJD6kU8nmxXVrScRyddqV
4r63FhuTkUYltbVAg5TQnk,DaBaby,BETTER THAN YOU,250002151,76778,1X4W9ApaYSS9ZsmUhIVDD3
3WGpXCj9YhhfX11TToZcXP,Troye Sivan,In A Dream,249489370,48625,6DutwGzMeny33G6mIpujDj
64KEffDW9EtZ1y2vBYgq8T,Marshmello,Joytime II,249194263,31984,0xi4cOWPUHjctyYU8ypCOB
1mYsTxnqsietFxj1OgoGbG,A.R. Rahman,Vinnaithaandi Varuvaayaa (Original Motion Picture Soundtrack),248855636,191566,1VAR4nGvZh6KW3PLioooYM
1mYsTxnqsietFxj1OgoGbG,A.R. Rahman,Vinnaithaandi Varuvaayaa (Original Motion Picture Soundtrack),248855636,191566,0KRpWianDqlwOKCreICQ2Z
5WUlDfRSoLAfcVSX1WnrxN,Sia,Reasonable Woman,248719795,158946,5xcBkdfDSd1g00yPt78ROb
5WUlDfRSoLAfcVSX1WnrxN,Sia,Reasonable Woman,248719795,158946,2JYsCq8rOuQXkwv9BtJEa8
0TnOYISbd1XYRBk9myaseg,Pitbull,Armando (Deluxe),248341669,182093,1q23hvi1qvoADt2fh7FO7P
22bE4uQ6baNwSHPVcDxLCe,The Rolling Stones,Flowers,248029989,77743,7o8DwLov2NtcxsfaO9sfdi
22bE4uQ6baNwSHPVcDxLCe,The Rolling Stones,Flowers,248029989,77743,0z2AF60sMpBcIrWh797cBi
55Aa2cqylxrFIXC767Z865,Lil Wayne,Heres to the Roc,247222869,150679,6FZ0Q7sIo4itjsjn4WYw2C
4zCH9qm4R2DADamUHMCa6O,Anirudh Ravichander,Young Mavericks (Anirudh & Santhosh Narayanan),246833694,255260,0J7LNTkImjkEg3zG2sxMzq
7qG3b048QCHVRO5Pv1T5lw,Enrique Iglesias,FINAL (Vol.2),246509290,164338,5LHd4piJoHcz4CXhjsFKxx
31W5EY0aAly4Qieq6OFu6I,A Boogie Wit da Hoodie,TBA,246341978,43693,2apbRBAafIKmcWwESmLHJi
2dIgFjalVxs4ThymZ67YCE,Stray Kids,Chk Chk Boom (Remixes),246249863,522265,4I3XnuXU5fZJeC6q9yTGwa
1yR65psqiazQpeM79CcGh8,Marília Mendonça,"Pra Ouvir Tomando Uma, Vol. 1",245823550,246963,34wbTHXH6UAGPJKrl3VXOs
137W8MRPWKqSmrBGDBFSop,Wiz Khalifa,The Saga of Wiz Khalifa,245757436,41244,1d0b8HYGGtpsvlAzLR9puz
3xvaSlT4xsyk6lY1ESOspO,Disney,Disney Peaceful Piano: Lullaby,245457681,150769,2CE8v99s07pcaXQwOLYMlS
2cFrymmkijnjDg9SS92EPM,blackbear,help,245164465,12462,4PcOLASOD0VikPG4yB3bxg
6w9ToX5slZ4uIdmD17hJ3c,Bryant Myers,Quién es Dei V?,244924700,245333,2i6InsyHZPR6NBFniDivF5
4iHNK0tOyZPYnBU7nGAgpQ,Mariah Carey,MTV Unplugged EP,244883141,95804,0jpGebANqbNNKbWHq2XhEM
1elUiq4X7pxej6FRlrEzjM,Jorge & Mateus,Aí Já Era...,244310464,347612,2I4edvhGVa3KZpB8YyVoY0
6vWDO969PvNqNYHIOW5v0m,Beyoncé,Naughty Girl,243561229,136976,62hG6EfvFXnViNnlwjIrjB
6vWDO969PvNqNYHIOW5v0m,Beyoncé,Naughty Girl,243561229,136976,3b1Hp6ibAmwzXwAk6wbh7y
1wRPtKGflJrBx9BmLsSwlU,Pritam,Phantom,243535110,241080,0C4j07kqyaF5WR5MXiRpz8
3qm84nBOXUEQ2vnTfUTTFC,Guns N' Roses,The Spaghetti Incident?,243265353,92044,4ieR19hRkKeE81CalJPQNu
7n2wHs1TKAczGzO7Dd2rGr,Shawn Mendes,Shawn,243252771,658385,5FYFgRnlsl9Qrm1xD8cqo7
23fqKkggKUBHNkbKtXEls4,Kygo,Kids in Love (Remixes),243152470,24766,7LbyVLGeEWZYOUKCecv3gI
3nFkdlSjzX9mRTtwJOzDYB,JAY-Z,Reasonable Doubt,242837936,80270,3YPK0bNOuayhmSrs0sIIBR
3nFkdlSjzX9mRTtwJOzDYB,JAY-Z,Reasonable Doubt,242837936,80270,0223RBur9a3VKmgNGOHFR5
3nFkdlSjzX9mRTtwJOzDYB,JAY-Z,Reasonable Doubt,242837936,80270,3gHvsTdiiZWGxEg32lyLwk
25uiPmTg16RbhZWAqwLBy5,Charli xcx,how i'm feeling now,242379472,887741,3a9qH2VEsSiOZvMrjaS0Nu
4iHNK0tOyZPYnBU7nGAgpQ,Mariah Carey,The Remixes,242239655,114526,2G7F89aCUNtwnj3vYKNMfF
4iHNK0tOyZPYnBU7nGAgpQ,Mariah Carey,The Remixes,242239655,114526,7GTZRYNB0eAig7UTsb54XG
4iHNK0tOyZPYnBU7nGAgpQ,Mariah Carey,The Remixes,242239655,114526,2ufZw43MNlgy6u3cPpdwaO
4iHNK0tOyZPYnBU7nGAgpQ,Mariah Carey,The Remixes,242239655,114526,37WsLE5Eny9CTmF9CPzWIq
43ZHCT0cAZBISjO8DG9PnE,Elvis Presley,A Date With Elvis,241874381,72068,2OBpjUGDDEluQzrp8vwtyi
5LHRHt1k9lMyONurDHEdrp,Tyga,Hotel California,241612008,29560,26VZROX9Jo2WN36ijzb5SI
0A0FS04o6zMoto8OKPsDwY,YG,Carnival,241607337,51561,4qSRxDFJlvi8z83JbogGaL
6tbjWDEIzxoDsBA1FuhfPW,Madonna,Madonna,241130846,102902,0QZVRL2HC24voXfxWmpHvd
6tbjWDEIzxoDsBA1FuhfPW,Madonna,Madonna,241130846,102902,5lrlWKjNY0eTDXp9Bd3LpW
6LqNN22kT3074XbTVUrhzX,Kesha,Blow,241038801,292708,2KmKivcXfe4NAvT3jPYfQO
1elUiq4X7pxej6FRlrEzjM,Jorge & Mateus,Gustavo Mioto Ao Vivo Em São Paulo,240653855,155950,7LTRGI9fTyJjXxYIuGjGQy
1SupJlEpv7RS2tPNRaHViT,Nicky Jam,Gargolas 3,240233050,134592,6owe1MO20hyH4dZURGb3Ob
7hJcb9fa4alzcOq3EaNPoG,Snoop Dogg,No Limit Top Dogg,239974252,109292,2evskaXutnTkQAaZeT4PQb
0VRj0yCOv2FXJNP47XQnx5,Quavo,Rocket Power,239671940,108307,0HRZ0CldV3tp7U2sTomtIf
2QsynagSdAqZj3U9HgDzjD,Bob Marley & The Wailers,Bob Marley,239646405,72654,310Ng28Ro2F0sPrgww4rmu
0pePYDrJGk8gqMRbXrLJC8,Luis R Conriquez,Corridos Belicos,239375979,99602,4SaM1i0w9dhbRkIadAPX3c
3WrFJ7ztbogyGnTHbHJFl2,The Beatles,Yellow Submarine Songtrack,238760665,97789,0XRZpF083HqgygM0v1hQyE
718COspgdWOnwOFpJHRZHS,Luke Combs,Fathers & Sons,238694914,355262,02GDaShX8vOw5tcak3OXow
4zCH9qm4R2DADamUHMCa6O,Anirudh Ravichander,Devara Part 1 [TELUGU],238686190,577373,7ixEMlvfmqKqb7yJjB7Chk
3nFkdlSjzX9mRTtwJOzDYB,JAY-Z,Vol. 3... Life And Times Of S. Carter,238566470,93555,3rWJsuu7ukoZZhp7YYkjNZ
4zCH9qm4R2DADamUHMCa6O,Anirudh Ravichander,Love Waves (Tamil),238532677,235419,2SwBN9Fo0Ivzva2yn07D9B
0k17h0D3J5VfsdmQ1iZtE9,Pink Floyd,The Endless River,238289238,29470,0yU7VItpGPmPcvKmwLg0JT
3WrFJ7ztbogyGnTHbHJFl2,The Beatles,Sgt. Pepper's Lonely Hearts Club Band (Deluxe Edition),238108788,92587,6b7ycwe2rxq6FkaupNuGoS
6tbjWDEIzxoDsBA1FuhfPW,Madonna,Madame X (International Deluxe),237943432,32307,3QOVlwTbWtGjLZpdSfYHkR
1wRPtKGflJrBx9BmLsSwlU,Pritam,Phata Poster Nikhla Hero (Original Motion Picture Soundtrack),237844867,250937,2ADyLRU2KWshFA02symTDr
2YZyLoL8N0Wb9xBt1NhZWg,Kendrick Lamar,Overly Dedicated,237796239,124069,7MoLQ8vckhwBbQqEYQTYQC
0A0FS04o6zMoto8OKPsDwY,YG,Back of My Mind,237781270,47574,4IwODpNZKFYkHWXSeWMGmP
6tbjWDEIzxoDsBA1FuhfPW,Madonna,Madame X (Deluxe),237083009,31830,1G2YEQPXaOj1JZwa3ZiGe8
1sBkRIssrMs1AbVkOJbc7a,Rick Ross,Rather You Than Me,237050813,20824,08XXyTmAv1vNghZS4p0ng2
3PhoLpVuITZKcymswpck5b,Elton John,Duets,236840683,100075,7ptAfRrbwr8pzM1oeUsRea
3PhoLpVuITZKcymswpck5b,Elton John,Duets,236840683,100075,3cdclv2AHxC4DTjlIujNeC
5YGY8feqx7naU7z4HrwZM6,Miley Cyrus,ATTENTION: MILEY LIVE,236560021,188578,5G5s00CN4Kmxz340ED2WL2
43ZHCT0cAZBISjO8DG9PnE,Elvis Presley,Peace In The Valley - The Complete Gospel Recordings,236165653,87671,0aErTlK9VurHpgFTdA0T8V
4SsVbpTthjScTS7U2hmr1X,Arcángel,Ares,235846597,45173,7wE65dSZ8LZ1JgUIaMNsRw
1Cs0zKBU1kc0i8ypK3B9ai,David Guetta,Pop Life,235584792,151622,6zJcDGIgURV28s5IdA9pSG
1Cs0zKBU1kc0i8ypK3B9ai,David Guetta,Pop Life,235584792,151622,2ox4UcntoWsFQL5RDPKFUF
1Cs0zKBU1kc0i8ypK3B9ai,David Guetta,Pop Life (Bonus Track with Continuous Mix),234915584,151508,2GOMCM99UeqBIGNd0DIgUC
1VPmR4DJC1PlOtd0IADAO0,$uicideboy$,Gray/Grey,234763429,161983,3uOjCKXJFyF5hbWz7mGYrr
6XkjpgcEsYab502Vr1bBeW,Grupo Frontera,"En Vivo, Vol.1",234545279,83713,6IowhUMQKAxWr2V7qyPbcM
7n2Ycct7Beij7Dj7meI4X0,TWICE,With YOU-th,234327151,193429,575TQDOQqc0MAheeEeKWUR
1yR65psqiazQpeM79CcGh8,Marília Mendonça,"Decretos Reais, Vol.1",234217193,56951,24aslPrdihuSQ59jrB2eBB
1ZwdS5xdxEREPySFridCfh,2Pac,Resurrection (Music From And Inspired By The Motion Picture),233666554,112169,3MJVucN9nO8WHaLo3KHuWO
6TIYQ3jFPwQSRmorSezPxX,mgk,Half Naked & Almost Famous - EP,232950592,29498,1Wq55jbVrMrh8QmWynSiuW
3DiDSECUqqY1AuBP8qtaIa,Alicia Keys,HERE,232430917,21069,66RQAPD5x5nQgQzOa0X3sz
6Xgp2XMz1fhVYe7i6yNAax,Trippie Redd,MANSION MUSIK,232107580,97662,6Id1Bjjjf9rfPHXKHMYtfq
1sBkRIssrMs1AbVkOJbc7a,Rick Ross,"God Forgives, I Don't (Deluxe Edition)",231793322,77897,1YSb516nyR6ALY2ji1eCAV
2hlmm7s2ICUX0LVIhVFlZQ,Gunna,TYLA,231541020,244828,3KGVOGmIbinlrR97aFufGE
7n2Ycct7Beij7Dj7meI4X0,TWICE,PAGE TWO,231388829,105392,6q2oUEqL9uzVXHCeKoA8JV
4VMYDCV2IEDYJArk749S6m,Daddy Yankee,King Daddy,231276146,101537,3xtMlD79fXUjZ92e1c4TnX
6w9ToX5slZ4uIdmD17hJ3c,Bryant Myers,El Hombre,231102642,156586,5hzbgBTxfikktf9cOvggGF
1VPmR4DJC1PlOtd0IADAO0,$uicideboy$,SHAMELESS $UICIDE,230500544,158091,2Ogn4iWeeSPzxJJNW1HC6M
1wZtkThiXbVNtj6hee6dz9,Wisin,La Revolucion Live,230500270,136963,6SlGFtD8repwofcI4SZ1Us
05fG473iIaoy82BF1aGhL8,Slipknot,"The End, So Far",230351751,136843,3hWTXO0w02D6YpVRyLRmQz
757aE44tKEUQEqRuT6GnEB,Roddy Ricch,Free Dem Boyz,229066448,70595,4zJiUubJvgUJNq0BVD9Mvs
55Aa2cqylxrFIXC767Z865,Lil Wayne,Lil Tunechi 3,228895781,103531,1xq9mCgTemQfSVgBkhHlxk
3JhNCzhSMTxs9WLGJJxWOY,Macklemore,The Unplanned Mixtape,228755527,40822,0Oy5pcr8Ijx4TqNn9AbC2k
73sIBHcqh3Z3NyqHKZ7FOL,Childish Gambino,Bando Stone and The New World,228309383,241679,4yUqNSK6jMi7Y6eWl03U5r
6w9ToX5slZ4uIdmD17hJ3c,Bryant Myers,Cambio de Clima,227860755,83472,3f8ilKUbFtOSPM2aVq0zCl
22bE4uQ6baNwSHPVcDxLCe,The Rolling Stones,Singles 1963-1965,227599755,58233,5po3XeTxZ1Oy9xMX62daWm
2HPaUgqeutzr3jx5a9WyDV,PARTYNEXTDOOR,PARTYPACK,227552391,207475,1ZJpGFHYQSTDTIk6bzo5sh
43ZHCT0cAZBISjO8DG9PnE,Elvis Presley,'68 Comeback Special (50th Anniversary Edition) [Live],226988429,66157,62CwfDeiM9t81FaFHebuUm
4V8Sr092TqfHkfAA5fXXqG,Luis Fonsi,Aire (Versión Día),226584622,45994,6ra5IJfLnuwbBm8NhxA2zX
0oOet2f43PA68X5RxKobEy,Shreya Ghoshal,Ramaiya Vastavaiya (Original Motion Picture Soundtrack),225614345,412873,1VgXTSQsIrRn150j5MJrxR
5y2Xq6xcjJb2jVM54GHK3t,John Legend,Once Again,225500210,59079,1ZWwFwSKaREGLWxpGiPAoF
1mYsTxnqsietFxj1OgoGbG,A.R. Rahman,Jodhaa Akbar (Original Motion Picture Soundtrack),225383458,193200,60Omt7taTKwehAq1gETKCW
1dfeR4HaWDbWqFHLkxsg1d,Queen,Deep Cuts 3 [(1984-1995) 2011 Remaster],224698661,61222,7raY9fyrzExnOpNtccVUOp
6wWVKhxIU2cEi0K81v7HvP,Rammstein,Raritäten (1994 - 2012),224670296,94362,0o0QM3HLgDRQQslL2ott2a
12vb80Km0Ew53ABfJOepVz,Ñengo Flow,Real G 4 Life Part 2,224617909,273458,77fzDzAQPrAtPcXBHNxAQj
50co4Is1HCEo8bhOyUWKpn,Young Thug,Slime Season,224574987,110774,3KSeRpEslZsZGRnJHe5nXt
7MiDcPa6UiV3In7lIM71IN,Gusttavo Lima,Inventor dos Amores (Ao Vivo),224191138,98387,1D81lhNgOwG2ITkLKAak5s
3WrFJ7ztbogyGnTHbHJFl2,The Beatles,Abbey Road (Super Deluxe Edition),224032963,76039,5iT3F2EhjVQVrO4PKhsP8c
2nszmSgqreHSdJA3zWPyrW,Luis Miguel,Cómplices (Edición Especial),224016222,111995,63up1MbRz4A0I8gXD7CAQc
6vWDO969PvNqNYHIOW5v0m,Beyoncé,I Am...World Tour,223791965,37417,5O7PYNgE3VLWrvB80fIaDZ
2cFrymmkijnjDg9SS92EPM,blackbear,misery lake,223763981,47839,6vqNFOfIgqe0l2Ui47YSyO
3fMbdgg4jU18AjLCKBhRSm,Michael Jackson,The Ultimate Collection,223439259,77468,3JYT9f8X9LOfpTzbKDWN4a
1RyvyyTE3xzB2ZywiAwp0i,Future,Pluto 3D,223371619,120647,1MJ0UQh7nta4JGuFYW4gCg
6LuN9FCkKOj5PcnpouEgny,Khalid,Scenic Drive (The Tape),223302130,42815,5HBwLKK7l3N8fovxDlTBpE
7MiDcPa6UiV3In7lIM71IN,Gusttavo Lima,Embaixador - 15 Anos (Ao Vivo),222963654,128496,0u4tUXZo8fVWG5BgCg1Tm2
1wRPtKGflJrBx9BmLsSwlU,Pritam,Once Upon Ay Time In Mumbai Dobaara !,222792217,551886,381lOukp7nV59bJS13TkPe
5YGY8feqx7naU7z4HrwZM6,Miley Cyrus,Meet Miley Cyrus,222397761,125464,0lB2NEOuH7WRqaWotxmIDH
0elWFr7TW8piilVRYJUe4P,Natanael Cano,Corazon Tumbado,222052433,242952,1szNQrO35SYGUVFbInudGc
1wRPtKGflJrBx9BmLsSwlU,Pritam,Barfi! (Original Motion Picture Soundtrack),221998525,235079,2KZs4INik6X4KeZEsEWEm4
2ye2Wgw4gimLv2eAKyk1NB,Metallica,St. Anger,221726797,83372,4ljK2LVKvEPd5xPgUJn0Bs
360IAlyVv4PCEVjgyMZrxK,Miguel,Rogue Waves,221524882,62641,4sJXyIfwduIWFISb4iCq2f
1wRPtKGflJrBx9BmLsSwlU,Pritam,Bhool Bhulaiyaa,221308909,271440,4BKbiFqwZBaBG6MeDdkwID
2dIgFjalVxs4ThymZ67YCE,Stray Kids,THE SOUND,220800528,111172,4ZW5rXkLINHYqH2MIAhkP2
2nszmSgqreHSdJA3zWPyrW,Luis Miguel,Cómplices,220496276,110848,0PsSywVZE4qeOPBNiSj4Hz
1sBkRIssrMs1AbVkOJbc7a,Rick Ross,"God Forgives, I Don't",219651559,72849,564AoiN69bUez9vDE5uQKc
4gzpq5DPGxSnKTe4SA8HAU,Coldplay,Ghost Stories Live 2014,219614835,26571,1hNS0RsxPTFjmKXCgmjSLS
3e7awlrlDSwF3iM0WBjGMp,Little Mix,DNA - Remixes,219195625,53663,6hKDVXPjgaWiHJrSLFBnn4
5C4PDR4LnhZTbVnKWXuDKD,Morat,Grabado En Madera EP,219018559,92345,2IwFiyMUgfbR6vA3JSTXIc
3IYUhFvPQItj6xySrBmZkd,Creedence Clearwater Revival,Creedence Clearwater Revival (Expanded Edition),218283405,76128,7oIftk0P8cViwNpNEdCYl2
1RyvyyTE3xzB2ZywiAwp0i,Future,Pluto,218153498,91404,6vmsGTuTYTo5GDHkosmq2E
1mcTU81TzQhprhouKaTkpq,Rauw Alejandro,"Trap Cake, Vol. 1",217422250,175170,37rUi63O4koMFvrSC1EMam
1wRPtKGflJrBx9BmLsSwlU,Pritam,Woh Lamhe,217386261,196218,4HQwIiFKCkiOCI6b9oAiAR
0oSGxfWSnnOXhD2fKuz2Gy,David Bowie,Young Americans (2016 Remaster),217312281,74546,0lITGovWgaQGi42EfqcE5P
2jku7tDXc6XoB6MO2hFuqg,Tory Lanez,Sorry 4 What,217198481,149550,7MUY0WxCmHcgEEeQNjoe8a
6XyY86QOPPrYVGvF9ch6wz,Linkin Park,One More Light Live,216866598,51173,0zcNtUZ2oEpRmiDuWBFvcX
1l7ZsJRRS8wlW3WfJfPfNS,Christina Aguilera,Lotus (Deluxe Version),216359090,39713,56vCgdP2fIuKtvMu6MBL2Q
3hcs9uc56yIGFCSy9leWe7,Lil Durk,Just Cause Y'all Waited,215937640,49450,1R8YtoBYJgC2ue7eq9Xa8d
5me0Irg2ANcsgc93uaYrpb,The Notorious B.I.G.,Whos The Man ? Soundtrack,215512812,162380,2lka9gSjkghBBSjktHnN6o
1VPmR4DJC1PlOtd0IADAO0,$uicideboy$,DIRTIERNASTIER$UICIDE,215456117,96879,6gjGquz7wIJCvQ6gehf1rO
7wlFDEWiM5OoIAt8RSli8b,YoungBoy Never Broke Again,Ain't Too Long,214809849,109744,6x8UUVU226h0RB4ewfdqWQ
4xRYI6VqpkE3UwrDrAZL8L,Logic,Uncle Drew (Original Motion Picture Soundtrack),214583901,41500,4tedCRHFkPOlzi6HR54tqd
2HPaUgqeutzr3jx5a9WyDV,PARTYNEXTDOOR,COLOURS,214520004,128609,0318GAH0AN431KMF6jhFdz
2HPaUgqeutzr3jx5a9WyDV,PARTYNEXTDOOR,COLOURS,214520004,128609,52a6XWxLVhW59OlLbEuw1I
21E3waRsmPlU7jZsS13rcj,Ne-Yo,Libra Scale,213242227,96783,2qqB7RaEdn2Lkte4St3Ban
0C0XlULifJtAgn6ZNCW2eu,The Killers,Imploding The Mirage (Deluxe),213139375,65685,7CicJk8ELO3w5os2fr2LBQ
7n2Ycct7Beij7Dj7meI4X0,TWICE,MOONLIGHT SUNRISE (The Remixes),213042113,61705,5ya9sryT3d0UH4Uh37lg9z
1dfeR4HaWDbWqFHLkxsg1d,Queen,Live At Wembley Stadium,212984964,53915,3uk2r2tVRHy9L15rHJhD2S
1dfeR4HaWDbWqFHLkxsg1d,Queen,Live At Wembley Stadium,212984964,53915,0pipZo4jBQ2hA4HphdFccg
6jJ0s89eD6GaHleKKya26X,Katy Perry,1432,212889494,351978,5Xd0KCzb0EJtPbUEiyxYVH
3WrFJ7ztbogyGnTHbHJFl2,The Beatles,Let It Be (Super Deluxe),212346549,71266,1BdxbYp1FaNejpDgtDo25V
711MCceyCBcFnzjGY4Q7Un,AC/DC,For Those About to Rock (We Salute You),212103625,99503,7DUvURQ0wfA1kgG8j99frR
6S2OmqARrzebs0tKUEyXyp,Demi Lovato,Don't Forget,211027740,84565,0X4XyC6gwsBtEO2iJlSJgw
6S2OmqARrzebs0tKUEyXyp,Demi Lovato,Don't Forget,211027740,84565,4XpFceunWiu4ijyCbhDLQG
7c0XG5cIJTrrAgEC3ULPiq,Ty Dolla $ign,MIH-TY,211000197,19669,16rRmI5wxWWO5dnRWUKCPA
0TnOYISbd1XYRBk9myaseg,Pitbull,Armando,210757619,150043,5PeAAIMt9AD5Ph4Te8SbqS
7c0XG5cIJTrrAgEC3ULPiq,Ty Dolla $ign,Campaign,210389617,11119,7bSsdgWDh5VRI3ZVOXQEj4
2nszmSgqreHSdJA3zWPyrW,Luis Miguel,Mis Romances,209709832,127696,0hAqX9l2oj2RQAHLWrilLv
3IYUhFvPQItj6xySrBmZkd,Creedence Clearwater Revival,Creedence Clearwater Revival,208770469,74574,5su5jyS4P8jKDk6aiEWx43
4Z8W4fKeB5YxbusRsdQVPb,Radiohead,The King Of Limbs,208648945,87016,3P17levwUPzmFfLYdAK3A7
7n2Ycct7Beij7Dj7meI4X0,TWICE,&TWICE (Repackage),208475206,43434,64Tvx7Ca3BjA4STHq1wFap
3PhoLpVuITZKcymswpck5b,Elton John,Jewel Box,208332874,57380,2iYJtrayurslsdw7qswCNs
1DxLCyH42yaHKGK3cl5bvG,Maria Becerra,Se Agradece,208330045,171923,2Lmb5xFacnm56wDhFRdUDO
66ihevNkSYNzRAl44dx6jJ,Carin Leon,Pistiembre Todo El Año (En Vivo),207596801,73189,7ehOg9A1Xm3hLX8Cg8hZs4
58lV9VcRSjABbAbfWS6skp,Bon Jovi,These Days,207535183,107591,1b6ChQEPZbOHVNi5vjqYr6
3DiDSECUqqY1AuBP8qtaIa,Alicia Keys,Vault Volume 1,207088351,40657,0dICqPiSgbmRRRqWAT0XKk
1r4hJ1h58CWwUQe3MxPuau,Maluma,#7DJ (7 Días En Jamaica),206882080,30644,7vZC8PTQUCcw3687OxqY98
4SsVbpTthjScTS7U2hmr1X,Arcángel,Los Favoritos 2.5,206688691,31585,1VkgKNe63Fqsyc7gRPQ1qC
1bfl0AU8SqmLkElptOprhC,Jul,Con Banda,206216785,127844,2525QjTlcuO1zaYoBCl1Z9
7n2Ycct7Beij7Dj7meI4X0,TWICE,The Story Begins,206082658,78028,72WWZVAx6GtSbEeGESwDLo
3xvaSlT4xsyk6lY1ESOspO,Disney,Descendants: The Rise of Red (Original Soundtrack),205929168,294485,3KPOdANPLDWwF0U4TOzjrK
0C0XlULifJtAgn6ZNCW2eu,The Killers,Imploding The Mirage,205175169,64409,1uROBP2G4MP0O4w1v5Cpbg
08GQAI4eElDnROBrJRGE0X,Fleetwood Mac,The Essential,204720004,83789,3KxTqS1MTcfDPtVrMUox4r
6LuN9FCkKOj5PcnpouEgny,Khalid,Sincere (Deluxe),204391969,250336,5Vy5Zym9vIpikh6uGhtp9P
6LuN9FCkKOj5PcnpouEgny,Khalid,Sincere (Deluxe),204391969,250336,5MsuDSyzQYhuL1U3mzgFKw
1mYsTxnqsietFxj1OgoGbG,A.R. Rahman,Jab Tak Hai Jaan,204309643,242556,3G0diKadKaufyFybV3TzuP
6JL8zeS1NmiOftqZTRgdTz,Meghan Trainor,Timeless,204032649,189106,3C3t2bKhwEL3wdKioqWUDh
6JL8zeS1NmiOftqZTRgdTz,Meghan Trainor,Timeless,204032649,189106,4sceISkCvRuDbd74AtKeEH
6JL8zeS1NmiOftqZTRgdTz,Meghan Trainor,Timeless,204032649,189106,58UwdMAci96aMa30xLuutY
6JL8zeS1NmiOftqZTRgdTz,Meghan Trainor,Timeless,204032649,189106,07oUxYZMdbyNQtxBsaNhyB
6JL8zeS1NmiOftqZTRgdTz,Meghan Trainor,Timeless,204032649,189106,0LKggW3hJO6iEbAEmVmk5a
1Xylc3o4UrD53lo9CvFvVg,Zara Larsson,1,203458967,36087,1Rlo7Ga1Dmrx5cV4KOe4Fs
33ScadVnbm2X8kkUqOkC6Z,Don Omar,Los Bandoleros Reloaded,203439684,222397,3jUsmTTG71hVp1VLkpURnn
7bXgB6jMjp9ATFy66eO08Z,Chris Brown,Graffiti (Expanded Edition),203267334,58833,20aDO05QIgZMY7BcKKI44D
0L8ExT028jH3ddEcZwqJJ5,Red Hot Chili Peppers,Return of the Dream Canteen,203132697,90113,0KJc9ksnoJJsdpQxV3z5i1
6jJ0s89eD6GaHleKKya26X,Katy Perry,143,202968068,321477,3jxt1S4JtW4uFalBwlfehS
7wlFDEWiM5OoIAt8RSli8b,YoungBoy Never Broke Again,The Last Slimeto Sampler,202726174,89083,3S8yHRsyel6ATHtZdwZyFq
47mIJdHORyRerp4os813jD,League of Legends,Warsongs,202687679,29469,25iitzpEYGoW3AxyWL6Zb8
1VPmR4DJC1PlOtd0IADAO0,$uicideboy$,Dark Side of the Clouds,202572639,103017,3blujlZ2W1BZAM9KcHrbP8
0fA0VVWsXO9YnASrzqfmYu,Kid Cudi,A Kid Named Cudi,202282225,91845,2blXZboio9DF8VC39LmUag
4V8Sr092TqfHkfAA5fXXqG,Luis Fonsi,Exitos: 98:06,202279324,143051,4Acq7RwYS1kADwNugWdBhp
5LHRHt1k9lMyONurDHEdrp,Tyga,Kyoto,202192377,12432,2AoE3mTcrazotgJ8PTwxOM
6eUKZXaKkcviH0Ku9w2n3V,Ed Sheeran,Autumn Variations (Fan Living Room Sessions),202028161,109490,5bLE2kmkZWlzAYeb6To6LA
329e4yvIujISKGKz1BZZbO,Farruko,CVRBON VRMOR,201989244,131949,4ZOlDViNpY9CrAXTNZMffm
2QsynagSdAqZj3U9HgDzjD,Bob Marley & The Wailers,Chant Down Babylon,201875130,85119,4hV6TxaUkzEi4wUN6Fd0s7
50co4Is1HCEo8bhOyUWKpn,Young Thug,I'm Up,201672509,32911,4sAB9WulPpnAcig7alDGTg
50co4Is1HCEo8bhOyUWKpn,Young Thug,I'm Up,201672509,32911,1lYwHVKZBazUvxykiD1u3M
0fA0VVWsXO9YnASrzqfmYu,Kid Cudi,INSANO,201671042,145224,0tpIUAzCeUkoV4u2r5NrQr
58lV9VcRSjABbAbfWS6skp,Bon Jovi,Have A Nice Day,201129078,79639,3VfBy3QX5peTfME0UxzZ2P
58lV9VcRSjABbAbfWS6skp,Bon Jovi,Have A Nice Day,201129078,79639,0RV22GbMwez1PeB19im0ti
4UXqAaa6dQYAk18Lv7PEgX,Fall Out Boy,Make America Psycho Again,200729565,28498,4vfQ7uk37WT80Ed8JeIdNO
7wlFDEWiM5OoIAt8RSli8b,YoungBoy Never Broke Again,Realer 2,200607165,83630,0HYHImbSqwsuU61PSMEe8J
40ZNYROS4zLfyyBSs2PGe2,Zach Bryan,All My Homies Hate Ticketmaster (Live from Red Rocks),200076557,97764,5hVCiOPye3IDJG4rbO44UH
1KCSPY1glIKqW2TotWuXOR,P!nk,Sober,199493217,78907,4N04d4lvre3E3IbXugDWcA
1KCSPY1glIKqW2TotWuXOR,P!nk,Sober,199493217,78907,13nbH3BMBBSquEYYNG3kKy
3PhoLpVuITZKcymswpck5b,Elton John,Ice On Fire,198960630,93663,0xuxPr53iRlhWCu7QqHH24
1dfeR4HaWDbWqFHLkxsg1d,Queen,Deep Cuts 2 [(1977-1982) 2011 Remaster],198948162,46193,3O1Q71H5oHb4Hu2BVdN4j6
2dIgFjalVxs4ThymZ67YCE,Stray Kids,Christmas EveL,198605150,72878,1qVuQI0WRn2Mczbdxx54Ih
7n2Ycct7Beij7Dj7meI4X0,TWICE,&TWICE,198562096,42103,2MwyDQhotK4B1WcZ5ogrtB
1RyvyyTE3xzB2ZywiAwp0i,Future,BEASTMODE 2,198290647,41554,6Ew52HWkgfbth9ihRAq2Xd
4SsVbpTthjScTS7U2hmr1X,Arcángel,Los Favoritos,198031591,37184,0WM9c7Wi78j7jEGArDwBtM
4SsVbpTthjScTS7U2hmr1X,Arcángel,Los Favoritos,198031591,37184,1KnajNEXp1OcOaw02DKKGB
4SsVbpTthjScTS7U2hmr1X,Arcángel,Los Favoritos,198031591,37184,09X3J7aOAnURzOFXZ55BI3
3Isy6kedDrgPYoTS1dazA9,Sean Paul,Scorcha,197733002,39329,1hVo8fqEJffd9IjV8gHjQ5
3Isy6kedDrgPYoTS1dazA9,Sean Paul,Scorcha,197733002,39329,6iur22oJuIdd3SGZ2cq21q
4gzpq5DPGxSnKTe4SA8HAU,Coldplay,Live 2012,196999772,49843,2OkEsqGTfu8PWRrNHzfr0m
31W5EY0aAly4Qieq6OFu6I,A Boogie Wit da Hoodie,International Artist,196930745,19481,6opJjTuHd4tQ1h2qrus7jH
757aE44tKEUQEqRuT6GnEB,Roddy Ricch,Feed Tha Streets III,195875309,80351,2ZiBfBw770CJC0f4SI1Tji
2dIgFjalVxs4ThymZ67YCE,Stray Kids,Clé : LEVANTER,195808562,56385,0st9OqpsKmmtwUz6cS14Fj
3fMbdgg4jU18AjLCKBhRSm,Michael Jackson,Michael,195616814,75088,2mBH7RhAS6vRKkSlA7IRIJ
3fMbdgg4jU18AjLCKBhRSm,Michael Jackson,Michael,195616814,75088,5S7ySBYbWKsZdVYQrNtrWf
5f7VJjfbwm532GiveGC0ZK,Lil Baby,Harder Than Hard,195379344,49328,2zXJkApMEHfHuZxs6Z1pfA
5JZ7CnR6gTvEMKX4g70Amv,Lauv,I met you when I was 18. (the extras),195085323,20370,5I7BBETjn2Ovrc7ElR0QCJ
4zCH9qm4R2DADamUHMCa6O,Anirudh Ravichander,Chill Level : Anirudh Ravichander,194919990,186806,2KDMRM2k1g8cchMuJE5J1U
1dKdetem2xEmjgvyymzytS,Grupo Firme,"En Vivo Desde Anaheim, CA",194469422,58702,4D44ytY7f3XZaOrZ1cAmi1
1wRPtKGflJrBx9BmLsSwlU,Pritam,Gangster (Original Motion Picture Soundtrack),194380422,161721,4iVTKZvu3oFUlnNG4PqYST
43ZHCT0cAZBISjO8DG9PnE,Elvis Presley,Loving You,194181363,58284,7KZSeiE569txmIxoNBQLS2
1Xyo4u8uXC1ZmMpatF05PJ,The Weeknd,Live At SoFi Stadium,193787789,95833,1OARrXe5sB0gyy3MhQ8h92
0oOet2f43PA68X5RxKobEy,Shreya Ghoshal,Finesse: Shreya Ghoshal,193647538,198263,6nodqb5xLTmEoeKINdcxVd
1bfl0AU8SqmLkElptOprhC,Jul,¿Quién?,193558213,703563,12gF2dVVtalHzmn5z9wNiy
4gzpq5DPGxSnKTe4SA8HAU,Coldplay,The Blue Room,193295467,53349,3MVb2CWB36x7VwYo5sZmf2
4O15NlyKLIASxsJ0PrXPfz,Lil Uzi Vert,RED & WHITE,193290847,129374,4aTdfh8F07U59ClqhljKHp
47mIJdHORyRerp4os813jD,League of Legends,The Music of League of Legends Vol. 1,193112767,89242,4pg51OJaG6MGlpRFxWWLpr
43ZHCT0cAZBISjO8DG9PnE,Elvis Presley,If I Can Dream: Elvis Presley with the Royal Philharmonic Orchestra,192899544,61088,3BYCjGZjrTkilIY7U25fNt
7wlFDEWiM5OoIAt8RSli8b,YoungBoy Never Broke Again,Until I Return,192617375,71472,16KXrAw3eocY4j77dD2EUk
7n2Ycct7Beij7Dj7meI4X0,TWICE,Celebrate,192119647,59569,2J1MgVzUHslTmih65U0jia
7n2Ycct7Beij7Dj7meI4X0,TWICE,Celebrate,192119647,59569,3dJZXxXb0jpophCXhkl5UZ
7n2Ycct7Beij7Dj7meI4X0,TWICE,Celebrate,192119647,59569,3JWwlQso9kjpJ7q7aw8C2F
7n2Ycct7Beij7Dj7meI4X0,TWICE,Celebrate,192119647,59569,1nqz3cEjuvCMo8RHLBI9kM
1l7ZsJRRS8wlW3WfJfPfNS,Christina Aguilera,Liberation,191416402,24438,7MfUiQkVEDkOSmU83A2C9q
7oPftvlwr6VrsViSDV7fJY,Green Day,¡UNO!,191190961,41185,6AFJIZmd1zWQDBBwHyeo9w
1wRPtKGflJrBx9BmLsSwlU,Pritam,Muskurane - Romantic,190555639,236302,1IUcac0ikoFRdqzp0QMNy8
0C8ZW7ezQVs4URX5aX7Kqx,Selena Gomez,Slow Down,190462141,70242,4dDNvSSwUVvHMPAWNEserq
181bsRPaVXVlUKXrxwZfHK,Megan Thee Stallion,Ehhthang Ehhthang,190248199,266738,0SW0LplxFID1otCk4bhhHI
3xvaSlT4xsyk6lY1ESOspO,Disney,Moana 2 (Original Motion Picture Soundtrack/Deluxe Edition),190209726,1269301,3K7KtvJLEzijZoLJfKsOma
6XyY86QOPPrYVGvF9ch6wz,Linkin Park,RECHARGED,189921225,42807,2FUsvD1bw53HGOjAg56vRD
1mYsTxnqsietFxj1OgoGbG,A.R. Rahman,Delhi-6,189740599,189303,2oEJvIPxiVWejbACLjq6Lh
7n2wHs1TKAczGzO7Dd2rGr,Shawn Mendes,MTV Unplugged,189719798,16715,0AvTcYvLE30zb3qIwxzf3o
7n2wHs1TKAczGzO7Dd2rGr,Shawn Mendes,MTV Unplugged,189719798,16715,5hxH5SSwxf6oObJB1KzS7J
1wZtkThiXbVNtj6hee6dz9,Wisin,La Revolucion Live Volume One,189631291,110581,1vA5aek9crSUW6CrOrdHj3
2dIgFjalVxs4ThymZ67YCE,Stray Kids,I am WHO,189613470,33814,2SACeVKmkXeAXHqLDdTU9N
6LuN9FCkKOj5PcnpouEgny,Khalid,Sincere,189411236,210975,0Tu7Vpu49X7oduL2AVbKZq
1mYsTxnqsietFxj1OgoGbG,A.R. Rahman,A.R. Rahman Essentials (Rediscover),189381166,154917,00WUuZ45qOHewLrexr4OZi
13y7CgLHjMVRMDqxdx0Xdo,Gucci Mane,The State vs. Radric Davis (Deluxe),189373856,113668,0VeraxKSlJGusnOHYGOtWq
13y7CgLHjMVRMDqxdx0Xdo,Gucci Mane,The State vs. Radric Davis (Deluxe),189373856,113668,6a0iTSs9Qfb8QcG2iacxnq
0elWFr7TW8piilVRYJUe4P,Natanael Cano,Soy El Nata,189198235,101472,7AGkmNOYEjPDNAeoL9K4PN
2QsynagSdAqZj3U9HgDzjD,Bob Marley & The Wailers,Natty Dread,189128974,88080,1d8lF3nZpEIFeEbWmAt9Ey
5y2Xq6xcjJb2jVM54GHK3t,John Legend,CITIZENS,189020466,89768,3nh4uK04eRkHyrxIDWEfkp
22bE4uQ6baNwSHPVcDxLCe,The Rolling Stones,Between The Buttons,188641146,62015,36BIYdP4WtviD9Ngqc4SK5
1Mxqyy3pSjf8kZZL4QVxS0,Frank Sinatra,Sinatra/Jobim: The Complete Reprise Recordings,187895887,132569,5280NkLzxe2w7K1JW9I8jX
6eUKZXaKkcviH0Ku9w2n3V,Ed Sheeran,Autumn Variations,187734159,105253,5LXOgcszGvUkYzYL4v6wYg
7wlFDEWiM5OoIAt8RSli8b,YoungBoy Never Broke Again,From The Bayou,187382658,77805,2oyN9nzl627l8ZeovPo46F
26dSoYclwsYLMAKD3tpOr4,Britney Spears,Everytime,186498873,74319,6kDDRGr2w2Bn3znBq84hZ0
26dSoYclwsYLMAKD3tpOr4,Britney Spears,Everytime,186498873,74319,0c8rJlZVrwV2EwVdqf0Uzj
6Te49r3A6f5BiIgBRxH7FH,Ninho,GOAT,186306548,405228,1xqzmgR6M6YqCKS7htHEiJ
2nszmSgqreHSdJA3zWPyrW,Luis Miguel,Nada Es Igual,186173740,123790,0WN5rXI75cVpVMiZ646oyn
7wlFDEWiM5OoIAt8RSli8b,YoungBoy Never Broke Again,Richest Opp,186109472,109308,1rBIdADJWSisiYXHRdw1v2
20sxb77xiYeusSH8cVdatc,Meek Mill,"MMG Presents: Self Made, Vol. 1",186070713,79313,1xE3Obhzdpw4aIqPDMf4I4
1mYsTxnqsietFxj1OgoGbG,A.R. Rahman,I (Original Motion Picture Soundtrack),186043081,154001,1fYpftlxL5gVVKIz8kZ8lr
0A0FS04o6zMoto8OKPsDwY,YG,My Life 4Hunnid,186013823,25253,3g2sgN6wC92EwuEA9hLbH0
1bfl0AU8SqmLkElptOprhC,Jul,Corazón Mágico,185735899,111499,2X8z7fMtWHjzRBYCRj9IAI
7jy3rLJdDQY21OgRLCZ9sD,Foo Fighters,Medicine At Midnight,185646414,37680,1FyNZvJ6MHO01kl3ySMPdc
7vk5e3vY1uw9plTHJAMwjN,Alan Walker,End of Time (Remixes),185451905,49209,582ZuQBC3kHcc7PRTuJMqd
08GQAI4eElDnROBrJRGE0X,Fleetwood Mac,Fleetwood Mac's Greatest Hits,185139040,69472,4eBD6gIQk7KA2GTG5HzXes
1RyvyyTE3xzB2ZywiAwp0i,Future,Beast Mode,184999657,50566,02Mp4Q83TVhpe8VeCpMZjZ
1VPmR4DJC1PlOtd0IADAO0,$uicideboy$,Grey Sheep II,184869993,64603,1aVnxqszPG45yn2nFsVQRS
7n2Ycct7Beij7Dj7meI4X0,TWICE,SIGNAL,184361123,63811,28PwDunFAR71toOCTYRvkf
0TnOYISbd1XYRBk9myaseg,Pitbull,The Boatlift,184194720,98478,7m9AYxqeFPagkaqlg6WE0J
1pQWsZQehhS4wavwh7Fnxd,Lenny Tavárez,BRILLAR,183859298,97175,4Ks3FX1TliFM3R8hBIhlTy
5lwmRuXgjX8xIwlnauTZIP,Romeo Santos,The King Stays King - Sold Out at Madison Square Garden,183607631,13084,1AKN4ZhJ3pdKQXCS4CNQRT
0A0FS04o6zMoto8OKPsDwY,YG,I GOT ISSUES,182417013,55657,4fu0jN1IzoaXgzCfqdjOjJ
0eHQ9o50hj6ZDNBt6Ys1sD,Yandel,DYNASTY,182316680,52057,58YsVjb7H6iov9MmLuvome
46SHBwWsqBkxI7EeeBEQG7,Kodak Black,Kutthroat Bill: Vol. 1,182182698,109982,3QA68hsAUFPxoys8NGNtjs
3Nrfpe0tUJi4K4DXYWgMUX,BTS,Youth,182069699,50819,442zUwKHCTO47XPF7cUSqY
3Nrfpe0tUJi4K4DXYWgMUX,BTS,Youth,182069699,50819,0ctfduE1sLhqIjbcFokWvv
7Gi6gjaWy3DxyilpF1a8Is,Junior H,Mi Vida en un Cigarro,181800499,55671,16JVkAnni8riQ9trQ76lVs
1wRPtKGflJrBx9BmLsSwlU,Pritam,Crook (Original Motion Picture Soundtrack),181680020,157642,298NO23hfv1nhAE0gQ5vLN
0A0FS04o6zMoto8OKPsDwY,YG,Furious 7: Original Motion Picture Soundtrack,181500319,31562,7hTMaPfK488vRcC1Ar4bOm
1bfl0AU8SqmLkElptOprhC,Jul,Tu Amigo Nada Más,180305358,100611,1eLe9veDFuCD9ZIQYhsaI2
4iHNK0tOyZPYnBU7nGAgpQ,Mariah Carey,Mariah Carey,180132244,75671,5SwNGsGw1I8H361DKiYnnn
3aQeKQSyrW4qWr35idm0cy,T-Pain,Three Ringz (Thr33 Ringz) [Expanded Edition],179061627,80684,2J2PDIvk1YCTFy0HbJjyr7
1wRPtKGflJrBx9BmLsSwlU,Pritam,Ludo,179021522,74813,6FoLUhYlbncGfVYckWTqLv
31W5EY0aAly4Qieq6OFu6I,A Boogie Wit da Hoodie,Better Off Alone,178885424,134242,0tvOiqQkHp6bqYzzPfPc4B
1mYsTxnqsietFxj1OgoGbG,A.R. Rahman,Vendhu Thanindhathu Kaadu (Original Motion Picture Soundtrack),178336486,82904,6ID1od4fd4L19s7ZjoCeW4
0TnOYISbd1XYRBk9myaseg,Pitbull,The Boatlift - Clean,177348402,97830,6ODOJvYpaQ3p0O6Agrlt4B
3aQeKQSyrW4qWr35idm0cy,T-Pain,Three Ringz (Thr33 Ringz) [Edited Version],177020327,79741,3mjPMGtShjPzDcRPD3FsLU
4zCH9qm4R2DADamUHMCa6O,Anirudh Ravichander,Ethir Neechal (Original Motion Picture Soundtrack),176284633,161214,3xTQmYK4S7vj9mv3zcJYWg
0k17h0D3J5VfsdmQ1iZtE9,Pink Floyd,The Final Cut,176273010,69732,1yMenUMOx7BpfTDuVQs99y
3xvaSlT4xsyk6lY1ESOspO,Disney,Wish (Original Motion Picture Soundtrack/Deluxe Edition),175701117,180788,0E1E9rycn3meGC321pYwmZ
60d24wfXkVzDSfLS6hyCjZ,Martin Garrix,Sentio,175457641,64416,45gsxfnJ5Nt2RZp82SQenc
3JhNCzhSMTxs9WLGJJxWOY,Macklemore,BEN,175250684,94455,3xo2soey9XEBI5DlmT4KlQ
3JhNCzhSMTxs9WLGJJxWOY,Macklemore,BEN,175250684,94455,6K5RX7xasf8WdeQjapsThS
6tbjWDEIzxoDsBA1FuhfPW,Madonna,Hard Candy,174824874,93477,7jgBVzMVZuuhaTG5zQ0Vgk
6tbjWDEIzxoDsBA1FuhfPW,Madonna,Hard Candy,174824874,93477,1Ms3J8LcSCMH29tG5bSKLu
3fMbdgg4jU18AjLCKBhRSm,Michael Jackson,Got To Be There,174689495,36879,0F4XW0iBOhNFkbn1BuQ8cu
1wRPtKGflJrBx9BmLsSwlU,Pritam,Murder 3 (Original Motion Picture Soundtrack),174617805,219297,59mJQyT1wOf5irSqfJNI43
2dIgFjalVxs4ThymZ67YCE,Stray Kids,SKZ2021,174157625,96510,3sMj0uu8dKNRnyqQozC1Xv
1vCWHaC5f2uS3yhpwWbIA6,Avicii,True: Avicii By Avicii,174135870,24998,0ignCov9foaLxuqND5GMtl
5WUlDfRSoLAfcVSX1WnrxN,Sia,We Are Born,174085635,20408,2sefE1XYR7ox1JTKCPerSI
5WUlDfRSoLAfcVSX1WnrxN,Sia,We Are Born,174085635,20408,55vXDESMdISZiIBL1GMsWr
6tbjWDEIzxoDsBA1FuhfPW,Madonna,MDNA (Deluxe Version),174016082,40173,6xmfXi6p6SAxD4Rd7swccG
6tbjWDEIzxoDsBA1FuhfPW,Madonna,MDNA (Deluxe Version),174016082,40173,6JlKrwy7tJKFBum4i9vxW2
43ZHCT0cAZBISjO8DG9PnE,Elvis Presley,Elvis In Person (Live),173823137,66285,6QYwwvoQU4xMDrf6OflYsS
0TnOYISbd1XYRBk9myaseg,Pitbull,M.I.A.M.I.,173816752,89004,76N6imyjQ9h5p2NzakHT32
2LIk90788K0zvyj2JJVwkJ,Jack Harlow,Loose,173226442,30340,50UV94JhFbWhF37n74Jhk3
0oSGxfWSnnOXhD2fKuz2Gy,David Bowie,Low (2017 Remaster),172836042,49370,2de6LD7eOW8zrlorbS28na
2dIgFjalVxs4ThymZ67YCE,Stray Kids,ALL IN,172608830,61292,1JmxywVSSWS6RCBd7avdRO
2dIgFjalVxs4ThymZ67YCE,Stray Kids,ALL IN,172608830,61292,06EHg8PHtDhbZMpE0jmhEn
2dIgFjalVxs4ThymZ67YCE,Stray Kids,ALL IN,172608830,61292,2my3scIg8dImUFBYcn3DEG
66ihevNkSYNzRAl44dx6jJ,Carin Leon,Palabra De To's,172465661,1069872,2ZzClIM2jdVPjt7HBICDQP
1dfeR4HaWDbWqFHLkxsg1d,Queen,Queen II (Deluxe Remastered Version),172251405,47335,2RKEso6nin3nhRyAd36Omv
4iHNK0tOyZPYnBU7nGAgpQ,Mariah Carey,Emotions,172095137,71203,0SHpIbyBLUugMXsl3yNkUz
0oSGxfWSnnOXhD2fKuz2Gy,David Bowie,Scary Monsters (And Super Creeps) [2017 Remaster],172058124,57142,5fxvWHvIDPIALfTfRiwyB0
3DiDSECUqqY1AuBP8qtaIa,Alicia Keys,ALICIA: The Selects,172012349,24007,3d4awp3tsTErQX0n0aUThs
1z7b1Pr1rSlvWRzsW3HOrS,Russ,Pink Elephant,171226141,27334,4V815W8axtS0RnsH9f2h4G
6tbjWDEIzxoDsBA1FuhfPW,Madonna,MDNA,170814053,39068,6jtHplxM3zv2SWYBR4gmoj
6tbjWDEIzxoDsBA1FuhfPW,Madonna,MDNA,170814053,39068,2trAegxlPgPnZHfYrUNvp0
55Aa2cqylxrFIXC767Z865,Lil Wayne,Back on My Shit,170626305,40086,3oa0dIJoKKUxy3QbI5r1wT
0oSGxfWSnnOXhD2fKuz2Gy,David Bowie,Aladdin Sane (2013 Remaster),170197285,59411,3HZKOk1knxrUU3y5ZIOdbz
66ihevNkSYNzRAl44dx6jJ,Carin Leon,UVV Vol. 8 (En Vivo),170024800,199687,270yHmtmUVaxF0nSm1J21K
1mYsTxnqsietFxj1OgoGbG,A.R. Rahman,Rang De Basanti (Original Motion Picture Soundtrack),169708856,148145,0NKNDn80mhKn4Xi6nHrsqQ
1z7b1Pr1rSlvWRzsW3HOrS,Russ,Just In Case,169475046,29280,1LgijIY2d3GFKb5bhWYOf4
1z7b1Pr1rSlvWRzsW3HOrS,Russ,Just In Case,169475046,29280,0WIxaplySiWdE7y6Jw8mTG
1z7b1Pr1rSlvWRzsW3HOrS,Russ,Just In Case,169475046,29280,7CC9iqq2JZ3j4jF9SNNLL7
6S2OmqARrzebs0tKUEyXyp,Demi Lovato,Here We Go Again,169412460,45805,1MIlk0URqciXoiT8xqLzZf
6S2OmqARrzebs0tKUEyXyp,Demi Lovato,Here We Go Again,169412460,45805,01yg4gm9pFOJbwQKj46ZYK
43ZHCT0cAZBISjO8DG9PnE,Elvis Presley,That's the Way It Is (Deluxe Edition),169223969,65114,2J7LSpd6suKj8qd9MkjuGK
5JZ7CnR6gTvEMKX4g70Amv,Lauv,Elemental (Original Motion Picture Soundtrack),169057625,144020,7L15PXtti3kXEn7vTXi8ZV
6oMuImdp5ZcFhWP0ESe6mG,Migos,Yung Rich Nation,169031110,12617,34DPoSeDW5fw2QW9Hl5Y92
13y7CgLHjMVRMDqxdx0Xdo,Gucci Mane,The Gooch,168668757,76379,4LM7ibF4BGEDBqlzcY6zly
1mYsTxnqsietFxj1OgoGbG,A.R. Rahman,Mimi (Original Motion Picture Soundtrack),168648656,96936,0DUOcMjmHGVLqFkWqfNC0z
7oPftvlwr6VrsViSDV7fJY,Green Day,American Idiot - The Original Broadway Cast Recording,168521226,34436,1wO2srr9om17YtEvouoBue
55Aa2cqylxrFIXC767Z865,Lil Wayne,Like Father Like Son,168438897,80039,3DLSu5fxSIaG7Ph8G5YVBp
5JZ7CnR6gTvEMKX4g70Amv,Lauv,Without You,167862951,31208,6WtvmIQ1CPfH7vI2C0wn1E
1HY2Jd0NmPuamShAr6KMms,Lady Gaga,Cheek To Cheek (Deluxe),167668397,24264,2VX9rp6NAC19TQN4IgkmYu
08GQAI4eElDnROBrJRGE0X,Fleetwood Mac,The Dance,167582898,128547,70MrKoi2AdCFBxKqeXDPHZ
26VFTg2z8YR0cCuwLzESi2,Halsey,Sing 2 (Original Motion Picture Soundtrack),167528359,106912,3WCLzYOlSmLD2cy1RXdwUd
1RyvyyTE3xzB2ZywiAwp0i,Future,Purple Reign,167476549,154727,76G83osdQ4whezYjnYwwq2
1dfeR4HaWDbWqFHLkxsg1d,Queen,Queen II,167328202,46338,6Cg1pPfnfFXlR1qH2H6NDL
08GQAI4eElDnROBrJRGE0X,Fleetwood Mac,English Rose,167315635,60400,6UQyg4DOgAGfKnjSciPKBe
13y7CgLHjMVRMDqxdx0Xdo,Gucci Mane,Woptober II,167309816,19475,6hopdoEE79EsQ6mjjBUbFU
1mYsTxnqsietFxj1OgoGbG,A.R. Rahman,Dil Bechara (Original Motion Picture Soundtrack),167218620,60002,5zrZPXoYsu772sB3CwVuxr
4zCH9qm4R2DADamUHMCa6O,Anirudh Ravichander,Jawan (TAMIL),166306908,119973,6IPocVtoXfw3YaBwC9M5tX
41MozSoPIsD1dJM0CLPjZF,BLACKPINK,"BLACKPINK ARENA TOUR 2018 ""SPECIAL FINAL IN KYOCERA DOME OSAKA""",166083912,33394,1dH4B2bWb5Ys7aszi9KWHA
0eHQ9o50hj6ZDNBt6Ys1sD,Yandel,ELYTE,165716118,117784,6TJh9B7dVXOoGjnDRUY7Ea
0vR2qb8m9WHeZ5ByCbimq2,Reik,Reik En Vivo Auditorio Nacional,165522287,28949,3nFMhhRvntmafaNnxJqcYX
2QsynagSdAqZj3U9HgDzjD,Bob Marley & The Wailers,Kaya (40th Anniversary Edition),164902512,72761,03qooTimirvmMq8U1peQ5Y
0oSGxfWSnnOXhD2fKuz2Gy,David Bowie,Blackstar,164612561,31066,0vxg8oJKDu3i0bXQu7vEpi
0LcJLqbBmaGUft1e9Mm8HV,ABBA,Ring Ring (Deluxe Edition),164334755,63201,1pVtxVKXwhU2nsvrTI1WqT
7iK8PXO48WeuP03g8YR51W,Myke Towers,CASSETTE 01,163790948,197821,0cuBq2nDgGbjalgB4iUc7M
13y7CgLHjMVRMDqxdx0Xdo,Gucci Mane,The State vs. Radric Davis,163237978,81457,1vbvzcnygidEcLg4BP5quw
43ZHCT0cAZBISjO8DG9PnE,Elvis Presley,Moody Blue,163225980,61946,08bROKoMarHS0jRzZOEv08
4LLpKhyESsyAXpc4laK94U,Mac Miller,Balloonerism,162853520,686581,2ANFIaCb53iam0MBkFFoxY
5y2Xq6xcjJb2jVM54GHK3t,John Legend,Think Like A Man - Music From & Inspired By The Film,162651830,42064,45EKCe8Ji8HI8mgqQMN4KJ
1r4hJ1h58CWwUQe3MxPuau,Maluma,Magia,162557515,65375,14YMgKbaj0NVyvOckxX6AZ
55Aa2cqylxrFIXC767Z865,Lil Wayne,Tha Carter,162121102,61933,5POcKy926GgzFHZpGptJac
4LLpKhyESsyAXpc4laK94U,Mac Miller,On And On And Beyond,162044897,23673,7txNeD0Uu71EqWwYMKKo5r
0LcJLqbBmaGUft1e9Mm8HV,ABBA,Ring Ring,161957006,62299,3Il2ad1NGO9zoY1FIVBuHD
6M2wZ9GZgrQXHCFfjv46we,Dua Lipa,Spotify Session,161932806,31266,3Zao4egmTSVP5LfAhHO4o1
6M2wZ9GZgrQXHCFfjv46we,Dua Lipa,Spotify Session,161932806,31266,3NW16XZ8U99Qm8E9v52UTz
6M2wZ9GZgrQXHCFfjv46we,Dua Lipa,Spotify Session,161932806,31266,06fX7PRgASxHLhhn9F4fXH
1elUiq4X7pxej6FRlrEzjM,Jorge & Mateus,Sem Cortes,161698187,155278,71KsVU9BNq03UvP8ILwoNQ
1l7ZsJRRS8wlW3WfJfPfNS,Christina Aguilera,Bionic (Deluxe Version),161102118,36630,1HfdmIok11uUjysVWdxq6H
1Mxqyy3pSjf8kZZL4QVxS0,Frank Sinatra,The Essential Frank Sinatra,160869154,16795,0r7da132K35RCtPvE7H7U3
3qm84nBOXUEQ2vnTfUTTFC,Guns N' Roses,Live Era '87-'93,160470442,44325,3ZwjaVcnVo2TwhK8N8WWVs
3qm84nBOXUEQ2vnTfUTTFC,Guns N' Roses,Live Era '87-'93,160470442,44325,3nzKw4CYT0mAxI7xM41NyF
21451j1KhjAiaYKflxBjr1,Zion & Lennox,Biografía,160229565,68294,3wLLsfcFRMs0FkvI0LU3jE
1wRPtKGflJrBx9BmLsSwlU,Pritam,Azhar,160077281,194163,0V1JQaeLB033XjgS7JqNbP
7wlFDEWiM5OoIAt8RSli8b,YoungBoy Never Broke Again,Don't Try This At Home,159959078,92087,6mS81Go5P5wQKoybVT68NW
4YRxDV8wJFPHPTeXepOstw,Arijit Singh,Arijit Singh - Unheard Gems,159848854,63222,68fMXL8ncgfgzpEQ16HJu8
21E3waRsmPlU7jZsS13rcj,Ne-Yo,GOOD MAN (Deluxe),159705219,31568,5kXmI1B0BLb2joTTAckz9n
2dIgFjalVxs4ThymZ67YCE,Stray Kids,Mixtape,159442450,40879,1kTzTL0iOIE2IAGw83yY4O
3IYUhFvPQItj6xySrBmZkd,Creedence Clearwater Revival,Mardi Gras,159257871,59431,4HirIvj3y4Ok3o2MCZtdfB
4AK6F7OLvEQ5QYCBNiQWHq,One Direction,Rarities - EP,159251628,29782,7FGlnbYUbnqdlr6yk0JoPC
77ziqFxp5gaInVrF2lj4ht,Sech,En Honor Al Que Ama,159242501,135540,5Fto1VFi4UvBlM5GJcdHYy
64KEffDW9EtZ1y2vBYgq8T,Marshmello,Shockwave,159104788,47987,6yXPyhVxt3PHBwkinPFn6I
5Rl15oVamLq7FbSb0NNBNy,5 Seconds of Summer,LIVESOS,158934389,12635,2HO2oCe6AM8rGKbiCBEEAZ
0pePYDrJGk8gqMRbXrLJC8,Luis R Conriquez,MIJA NO TE ASUSTES,158709259,703437,34OOEmWpj7OnO5kCfal1MO
0oSGxfWSnnOXhD2fKuz2Gy,David Bowie,The Man Who Sold the World (2015 Remaster),158650909,55358,4h9rWFWhgCSSrvIEQ0YhYG
711MCceyCBcFnzjGY4Q7Un,AC/DC,Stiff Upper Lip,158596613,66451,5JPVHEB67TREre4Q8JOfCQ
57LYzLEk2LcFghVwuWbcuS,Summer Walker,CLEAR 2: SOFT LIFE EP,158540547,103780,034Q9kY3buGcizT3Xpj9Re
3fMbdgg4jU18AjLCKBhRSm,Michael Jackson,BLOOD ON THE DANCE FLOOR/ HIStory In The Mix,158399339,82398,0RNsFWWdiz1rrdLI1pwbvJ
08GQAI4eElDnROBrJRGE0X,Fleetwood Mac,The Pious Bird of Good Omen,158281225,58065,0G4x2AqGbajCGoSR08wOhc
7oPftvlwr6VrsViSDV7fJY,Green Day,Saviors,158099366,193231,4AIeqAMDyIT884A9uA2A0i
43ZHCT0cAZBISjO8DG9PnE,Elvis Presley,The Wonder of You: Elvis Presley with the Royal Philharmonic Orchestra,157860355,31011,6oWz2hJ89n9mKarg3SO9ou
1sBkRIssrMs1AbVkOJbc7a,Rick Ross,Black Market (Deluxe),157469579,31001,5OQ46UiKltoHtHrGFXB1HI
1mYsTxnqsietFxj1OgoGbG,A.R. Rahman,Ponniyin Selvan Part - 1 (Original Motion Picture Soundtrack),157435812,29129,0aKkwn0Vq6oW8XmmcY8ouE
1URnnhqYAYcrqrcwql10ft,21 Savage,Slaughter King,157434642,23333,1HSyuTHvLXMWyPJQGnQTLw
3PhoLpVuITZKcymswpck5b,Elton John,Captain Fantastic And The Brown Dirt Cowboy (Deluxe Edition),157408680,51764,01sJklSgqDgyR7nlhnRcFA
1mYsTxnqsietFxj1OgoGbG,A.R. Rahman,Maryan (Original Motion Picture Soundtrack),157043979,154392,4NHRsm0K6U2PhxFgNhEBby
0ys2OFYzWYB5hRDLCsBqxt,Fuerza Regida,Del Barrio Hasta Aquí,156023901,42601,1kkgaqEDusHWTP51xkiUn1
7oPftvlwr6VrsViSDV7fJY,Green Day,Father of All...,155833148,25998,7ij8wQxCAexZiXZbMOHcxE
02kJSzxNuaWGqwubyUba0Z,G-Eazy,Step Brothers,155744230,9535,3fPVpa5c6VFluIWqn176sV
1wRPtKGflJrBx9BmLsSwlU,Pritam,Dum Maaro Dum,155279220,186813,5RM8pIBX8zU9g8U5WG4zfZ
0vR2qb8m9WHeZ5ByCbimq2,Reik,20 -- 21,155095597,38808,7H9fuEWZlieEdYj4galfnc
7hJcb9fa4alzcOq3EaNPoG,Snoop Dogg,Sexy Songs 2020,155092639,91811,7HxknjzFr59SJZjFiUycUK
6olE6TJLqED3rqDCT0FyPh,Nirvana,Live at Reading,154671849,32413,01Z1nufhjxJVXVDuMRmNEM
1yR65psqiazQpeM79CcGh8,Marília Mendonça,Agora É Que São Elas Ao Vivo (Acústico) - EP,154391353,8880,0RojAwslfWnqV2v3xkuazf
1uNFoZAHBGtllmzznpCI3s,Justin Bieber,My Worlds Acoustic,154294614,26527,1frzMyOTpRjXVJv476f9LU
3PhoLpVuITZKcymswpck5b,Elton John,Captain Fantastic And The Brown Dirt Cowboy,154181955,51198,4UcpKa4yD9AA3iEHI8MFSF
329e4yvIujISKGKz1BZZbO,Farruko,Pepas Remix EP,154124608,69695,2xRv34ZY4d7b2G0cbHoxSF
2QsynagSdAqZj3U9HgDzjD,Bob Marley & The Wailers,Exodus 40,153740944,42662,3lxHj7xzLBkPpg98eJ7G8B
51Blml2LZPmy7TTiAg47vQ,U2,Zooropa,153712839,57098,0IYjMBLA9PgtXyRPlLmTDE
12GqGscKJx3aE4t07u7eVZ,Peso Pluma,Sembrando,153710044,77016,0jCDeUgyLX8Jx3fhG8ouiZ
5ZsFI1h6hIdQRw2ti0hz81,ZAYN,ROOM UNDER THE STAIRS (Z SIDES),153677690,261825,0fITnszcOkuUVYERV4XYOT
2dIgFjalVxs4ThymZ67YCE,Stray Kids,I am YOU,153179003,37780,7naY6j4wcgUxfHB98G79CW
2dIgFjalVxs4ThymZ67YCE,Stray Kids,I am YOU,153179003,37780,2zIr9PncoM7K02FmIMtluH
2nszmSgqreHSdJA3zWPyrW,Luis Miguel,Decidete,153069790,43222,3mO9TKGfnyfWGionNCwYvq
1ZwdS5xdxEREPySFridCfh,2Pac,Pac's Life,153029629,51409,5eVcXpQNaB4ILrocqaUdmT
4Gso3d4CscCijv0lmajZWs,Don Toliver,Donny Womack,152847557,45920,2VubyYz7rZ5Z68IJ3CjwNf
5y2Xq6xcjJb2jVM54GHK3t,John Legend,LEGEND,152465965,56266,48XBEHGNh0oVF5foY3ZtvT
5y2Xq6xcjJb2jVM54GHK3t,John Legend,LEGEND,152465965,56266,0kRBs6M0VbrourQ6fYbCiJ
1Mxqyy3pSjf8kZZL4QVxS0,Frank Sinatra,The Christmas Collection,152344581,4291,1k0fZo1NgwWJUXsVX8SBHa
2IMZYfNi21MGqxopj9fWx8,Rels B,Player Hater,152140382,92866,3spJmrm4rJcBaZVPxnXJhb
6vWDO969PvNqNYHIOW5v0m,Beyoncé,Deja Vu (feat. JAY-Z),151924031,84501,6eHfcoiz0EF4Dkyy5gUV1i
6vWDO969PvNqNYHIOW5v0m,Beyoncé,Deja Vu (feat. JAY-Z),151924031,84501,5cMzlGMCalkgbde0Wyfh4z
4zCH9qm4R2DADamUHMCa6O,Anirudh Ravichander,Kaththi (Original Motion Picture Soundtrack),151685290,139087,2jo4lZjhgTwX7ldHD5hl1t
55Aa2cqylxrFIXC767Z865,Lil Wayne,No Ceilings,151457936,100514,15rah8uTv13tEhScI9Nv8z
7jy3rLJdDQY21OgRLCZ9sD,Foo Fighters,But Here We Are,151444299,69053,4wp4aWWpoYfNcspimVAnel
7n2Ycct7Beij7Dj7meI4X0,TWICE,STRATEGY,150423084,588214,5YamV8eSywqu7g1Ms4GoqA
5WUlDfRSoLAfcVSX1WnrxN,Sia,Some People Have REAL Problems,150298733,29833,6jwrliQ4758qVYMtdgQtZt
1HY2Jd0NmPuamShAr6KMms,Lady Gaga,Cheek To Cheek,150029923,21243,56uP6C9dDe31eLwhpfgIWT
53XhwfbYqKCa1cC15pYq2q,Imagine Dragons,Hell And Silence EP,149961243,29393,0q0BORsAWpbFNf7UqWwDbd
4O15NlyKLIASxsJ0PrXPfz,Lil Uzi Vert,Eternal Atake 2,149237237,262692,7awBKnBq0qRLNyD5lI47R0
2ye2Wgw4gimLv2eAKyk1NB,Metallica,Metallica Through The Never (Music from the Motion Picture),149120267,25411,72grIwGP38Iy2S1jxt1Gjd
7jy3rLJdDQY21OgRLCZ9sD,Foo Fighters,Skin And Bones (Live),149012927,24218,4IBQvwIbtDluogvDe2qpaB
4YRxDV8wJFPHPTeXepOstw,Arijit Singh,Sanam Teri Kasam (Original Motion Picture Soundtrack) [Deluxe Edition],148795217,491645,4NVJGZt19WsKL78VY7uqV8
6tbjWDEIzxoDsBA1FuhfPW,Madonna,Angel,148606963,78015,0fQ0yGghNPFuRgxQJhaDh8
1mYsTxnqsietFxj1OgoGbG,A.R. Rahman,Saathiya,147686875,140287,6BJPcgCN37gDKtPh7gmJ3p
1Cs0zKBU1kc0i8ypK3B9ai,David Guetta,Nothing but the Beat - The Electronic Album,147227509,15998,3evsUmSaqqRzNeOTzuhpBP
1bfl0AU8SqmLkElptOprhC,Jul,En Vivo,147178713,88761,3ziPLZjFDBwoMY6ivUwsPN
6DPYiyq5kWVQS4RGwxzPC7,Dr. Dre,2001 Instrumental,146863842,44806,3t3Ar2cJUVLY6yTRmrezI8
3hcs9uc56yIGFCSy9leWe7,Lil Durk,Lil Durk Presents: Loyal Bros 2,146716423,49243,4lXLULUDQvqV1yHtLW5fyL
0QHgL1lAIqAw0HtD7YldmP,DJ Khaled,Suffering From Success,146598247,41977,0nRAbeyOElQVVHsDTRYbOO
5y2Xq6xcjJb2jVM54GHK3t,John Legend,Evolver,146566492,34162,11sKu4dBGvmEZTuVw9EC9A
1KCSPY1glIKqW2TotWuXOR,P!nk,Try This,146373909,39032,0b9g1swHnqRcxYQPZgjz48
4xRYI6VqpkE3UwrDrAZL8L,Logic,Bobby Tarantino III,146106452,24189,5gJDUpoOlZxxgk2SDsTa6h
2LRoIwlKmHjgvigdNGBHNo,Feid,Así Como Suena,145826398,24717,6fgCoE70eE6bPQLrkcLVS9
0vR2qb8m9WHeZ5ByCbimq2,Reik,Panorama,145377442,138364,4ktP2lR8aPjwFORYmyV1bD
6wWVKhxIU2cEi0K81v7HvP,Rammstein,Paris (Live),145351213,37585,75kG9OU9FwAd4HQOLylOB1
43ZHCT0cAZBISjO8DG9PnE,Elvis Presley,NBC-TV Special (Live),145129984,51761,4OaxrDxZe97lotUT4cxoRX
0oSGxfWSnnOXhD2fKuz2Gy,David Bowie,Station to Station (2016 Remaster),144778020,47632,0MWrKayUshRuT8maG4ZAOU
0elWFr7TW8piilVRYJUe4P,Natanael Cano,Trap Tumbado,144688518,64905,6xO4H08B7Ps67z9wuPExZb
6LqNN22kT3074XbTVUrhzX,Kesha,High Road,144509646,23016,5cWglkyJvWPOeH14VLvbeu
6LqNN22kT3074XbTVUrhzX,Kesha,High Road,144509646,23016,4HZ195qaMlhiKebUtF36ni
3AA28KZvwAUcZuOKwyblJQ,Gorillaz,D-Sides [Special Edition],144473829,32315,2w4tLG1JH25BysuILfkI0x
4tZwfgrHOc3mvqYlEYSvVi,Daft Punk,TRON: Legacy Reconfigured,144394605,36356,382ObEPsp2rxGrnsizN5TX
4xRYI6VqpkE3UwrDrAZL8L,Logic,YS Collection Vol. 1,144227457,57919,3UTazkAlLS4ZmVbIgJentC
1VPmR4DJC1PlOtd0IADAO0,$uicideboy$,"Live Fast, Die Whenever",143930468,41053,2qGwYxpeUhKtCg253EQVZj
4xRYI6VqpkE3UwrDrAZL8L,Logic,College Park,143285410,57534,7KcBjQ5f47uYAmvWCbB2FX
5LHRHt1k9lMyONurDHEdrp,Tyga,Bitch I'm the Shit 2,143196529,15090,4BqsBWrnGJQHSgmA9xk5rh
5LHRHt1k9lMyONurDHEdrp,Tyga,B*tch I'm the Sh*t 2,143195137,15090,6MDoqpC29hTr48aHe3Pw7n
1sBkRIssrMs1AbVkOJbc7a,Rick Ross,Black Market,142979289,28294,7nOg3OdkfbwKqLX0FQxkir
73sIBHcqh3Z3NyqHKZ7FOL,Childish Gambino,EP (2011 Re-Release),142884053,29809,6L4gtDcKB0RBRpx2DhHrsQ
02kJSzxNuaWGqwubyUba0Z,G-Eazy,These Things Happen Too,142692630,31642,4j7Y3vNhgBBRAujJl85UDk
1Mxqyy3pSjf8kZZL4QVxS0,Frank Sinatra,The Columbia Years (1943-1952): The Complete Recordings: Volume 9,142649282,2806,0QkSQIesTKSWIhtWOq2nvj
2dIgFjalVxs4ThymZ67YCE,Stray Kids,CIRCUS,142037386,69094,4IQHY28D4aHus9lGDlSdPp
2dIgFjalVxs4ThymZ67YCE,Stray Kids,CIRCUS,142037386,69094,5lBLKPJtpcRwd0tJFIMw8A
711MCceyCBcFnzjGY4Q7Un,AC/DC,Powerage,141825939,68827,4iMaHsHqTg3rwOtRa5wEbm
4iHNK0tOyZPYnBU7nGAgpQ,Mariah Carey,Caution,141702487,16649,64zK6tmksJw9gNZR0L4DVx
4iHNK0tOyZPYnBU7nGAgpQ,Mariah Carey,Caution,141702487,16649,6GhWU8SIWavH4IQAoeJazI
0C8ZW7ezQVs4URX5aX7Kqx,Selena Gomez,Selfish Love (with Selena Gomez) EP,141461228,27342,5gaTlwqxtq9ciRVqgOfusR
3AA28KZvwAUcZuOKwyblJQ,Gorillaz,D-Sides,141348813,31916,0pdYY0CHFRVFLBZEPEKTMZ
4kYSro6naA4h99UJvo89HB,Cardi B,Gangsta Bitch Music Vol. 2,141275221,7140,47IM97GbpNyDREWlr2HtNM
13y7CgLHjMVRMDqxdx0Xdo,Gucci Mane,Delusions of Grandeur,141256221,13423,2FDYcU1NTibzvrv4XDJofN
1dfeR4HaWDbWqFHLkxsg1d,Queen,Queen On Air,140867009,10087,60TXSuzXQoEy3p5cQEkLu7
6l3HvQ5sa6mXTsMTB19rO5,J. Cole,Revenge Of The Dreamers II,140508259,45468,0h7Rqxud5GknQMMoLHNx80
3xvaSlT4xsyk6lY1ESOspO,Disney,ZOMBIES 3 (Original Soundtrack),140330037,76231,4utT7N3IehsJfbtUhNDaeF
4xRYI6VqpkE3UwrDrAZL8L,Logic,Vinyl Days,140229581,31433,0RTHMVF27KRMHIGnF7iLru
21451j1KhjAiaYKflxBjr1,Zion & Lennox,El Sistema,140206928,13969,0kDg1ceIubRuJHXyIRGrBM
4zCH9qm4R2DADamUHMCa6O,Anirudh Ravichander,Remo (Original Motion Picture Soundtrack),140124736,138485,58colQLIZDAInrHq3eT2PF
13y7CgLHjMVRMDqxdx0Xdo,Gucci Mane,Trap House 3,140111683,89852,4iTLFFT8jaDsQcLnS08vvL
6l3HvQ5sa6mXTsMTB19rO5,J. Cole,D-Day: A Gangsta Grillz Mixtape,139870803,61803,3tFjhFPqGhhLrCULnPu7Wy
3EiLUeyEcA6fbRPSHkG5kb,De La Ghetto,Masacre Musical,139474083,67517,7bomhBj43r4bhkdFLNoQEe
2kCcBybjl3SAtIcwdWpUe3,Lil Peep,Vertigo,139473672,41655,7LtyHC1cjcnVQTYWSgFddT
2kCcBybjl3SAtIcwdWpUe3,Lil Peep,Vertigo,139473672,41655,6w3nfDkvA8YhR2v81oWkOT
51Blml2LZPmy7TTiAg47vQ,U2,I Believe In Father Christmas EP,139438589,26560,6RvE3NTJQI7P732gb8o4zD
4xRYI6VqpkE3UwrDrAZL8L,Logic,Supermarket (Soundtrack),139251994,17251,7C5J8fG34IbOKe2pQPq9SU
5ZsFI1h6hIdQRw2ti0hz81,ZAYN,ROOM UNDER THE STAIRS,138760783,208236,0PGluYePuY9INYN7SQheZ0
0pePYDrJGk8gqMRbXrLJC8,Luis R Conriquez,"Corridos Bélicos, Vol. 3",138442094,64832,2tqw9Hsyxr5G3bCR5NgWGo
1dfeR4HaWDbWqFHLkxsg1d,Queen,Queen Rock Montreal,138389192,30811,2IY3Ty8CrUyvpibt8AcZmp
4iHNK0tOyZPYnBU7nGAgpQ,Mariah Carey,Shake It Off - EP,138359168,86789,0yG1IncJrAPnoV4AMGoOYX
3xvaSlT4xsyk6lY1ESOspO,Disney,Disney Guitar: Lullaby,138312506,82520,3TRzs2Bn8dm6oHqt2LpR6z
4zCH9qm4R2DADamUHMCa6O,Anirudh Ravichander,Maari (Original Motion Picture Soundtrack),138171447,132527,5g4gqBANFcdQ7G5zjGddvl
25uiPmTg16RbhZWAqwLBy5,Charli xcx,Vroom Vroom EP,138147765,110585,261QvR3MgGdyL2HyYIlgfd
4SsVbpTthjScTS7U2hmr1X,Arcángel,THE WORLD IS YOURS,138137679,133317,1Hno6CtKbaFNAEPjRHDrc6
4zCH9qm4R2DADamUHMCa6O,Anirudh Ravichander,Vanakkam Chennai (Original Motion Picture Soundtrack),137684515,103379,4GDrPlprtCalr2sk3wbA4o
66ihevNkSYNzRAl44dx6jJ,Carin Leon,Pa' Las De Vidrio (En Vivo),137656905,17576,0mYBDLqcmcWKYZXXb5Vobj
1wRPtKGflJrBx9BmLsSwlU,Pritam,Aakrosh,137440488,177108,4vEEM3r28ziX8aYSPhnaC9
2cFrymmkijnjDg9SS92EPM,blackbear,cashmere noose (Deluxe),137246618,8088,73noZpfh0GBKKQ80gtbjYg
2dIgFjalVxs4ThymZ67YCE,Stray Kids,GIANT,137192767,314145,2vVMz605sZeoefSLbbBNeb
1sBkRIssrMs1AbVkOJbc7a,Rick Ross,Trilla,137058622,62107,4p64nRgh9PnMvojkk2Xj4t
7qG3b048QCHVRO5Pv1T5lw,Enrique Iglesias,Cosas Del Amor,136745328,91153,3DWm5mRGgDkBBQ8BH4TYIB
3b8QkneNDz4JHKKKlLgYZg,Florida Georgia Line,6-Pack,136743598,19272,3C5JkDI9fDqS9BZd0lNsma
0KPX4Ucy9dk82uj4GpKesn,Dalex,Unisex,136728403,22608,4HBSwyNAlIwgVkUNqDdWbn
0KPX4Ucy9dk82uj4GpKesn,Dalex,Unisex,136728403,22608,1jBQp6pMhXit5aTC494d9z
2dIgFjalVxs4ThymZ67YCE,Stray Kids,Clé 2 : Yellow Wood,136105729,27443,7a3luOh8mK0q8YsRkNUjrU
55Aa2cqylxrFIXC767Z865,Lil Wayne,Sorry 4 The Wait,136033848,116189,6MVsBi4m5eAzfjb6C3JKwp
1mYsTxnqsietFxj1OgoGbG,A.R. Rahman,Lagaan (Original Motion Picture Soundtrack),135883835,112281,1emmJiAJRnSYETup4o1UsM
4iHNK0tOyZPYnBU7nGAgpQ,Mariah Carey,Mariah Carey's Magical Christmas Special (Apple TV+ Original Soundtrack),135809112,4356,5VfesyhwiNgpEEPXlO5c84
1Mxqyy3pSjf8kZZL4QVxS0,Frank Sinatra,Francis Albert Sinatra & Antonio Carlos Jobim (50th Anniversary Edition),135755700,92094,3xN9KNcFz7zgjfNu6mQD6M
5fMUXHkw8R8eOP2RNVYEZX,Diplo,Revolution,135631062,25277,1LfYvibIWM1oqBIzO7XY3c
46SHBwWsqBkxI7EeeBEQG7,Kodak Black,Bill Israel,134728970,55083,051k93izd0reEjp85OgEo6
2IMZYfNi21MGqxopj9fWx8,Rels B,SMILE BIX :),134722497,70496,3svLfGfwUxt84cOTkyijl8
26VFTg2z8YR0cCuwLzESi2,Halsey,Room 93: The Remixes,134684534,18428,6XMQpJUwiG6KAniW9nziXt
22bE4uQ6baNwSHPVcDxLCe,The Rolling Stones,Hackney Diamonds (Live Edition),134181572,60260,5rFsKSgldStbYgO4CNygLn
13y7CgLHjMVRMDqxdx0Xdo,Gucci Mane,WOPTOBER,134046910,10237,4A70XLIysm5lTaZYtCDveX
3AA28KZvwAUcZuOKwyblJQ,Gorillaz,G-Sides,133942057,36214,6z8arLj8lWDoxk99ayMYlz
1i8SpTcr7yvPOmcqrbnVXY,Ozuna,Afro,133894535,85870,4UB2nT0IAEunpdUFiuFUxA
4zCH9qm4R2DADamUHMCa6O,Anirudh Ravichander,Master (Original Background Score),133807853,69048,4iFurFyAPhOlzwQTc5aXN2
17lzZA2AlOHwCwFALHttmp,2 Chainz,So Help Me God!,133671398,20807,5RYrgGSMiYXGF8iwj2i1wF
7wlFDEWiM5OoIAt8RSli8b,YoungBoy Never Broke Again,Master the Day of Judgement,132771803,31339,3rNf2SErEqCBoyHVYEDNU9
4UXqAaa6dQYAk18Lv7PEgX,Fall Out Boy,**** Live In Phoenix,132739264,28716,2JA03Yv9LA7rRxHvZ15WXh
1mYsTxnqsietFxj1OgoGbG,A.R. Rahman,A.R. Rahman Essentials (Nostalgia),132551270,116272,3jE8K5BiDfZx73saTcUUZC
1VPmR4DJC1PlOtd0IADAO0,$uicideboy$,G.R.E.Y.G.O.D.S.I.I.,132368214,75532,5JPMrbyhWdReHLXNa0V1Vs
3DiDSECUqqY1AuBP8qtaIa,Alicia Keys,Try Sleeping With A Broken Heart - EP,132325231,38465,0O6CKntngnQvTRUvnWjVac
4UXqAaa6dQYAk18Lv7PEgX,Fall Out Boy,Live In Phoenix,131456349,28559,5QFioUfHFxQFKULZli3BTF
06HL4z0CvFAxyc27GXpf02,Taylor Swift,Speak Now World Tour Live,130956172,30029,6fyR4wBPwLHKcRtxgd4sGh
5LHRHt1k9lMyONurDHEdrp,Tyga,#BitchImTheShit,130913487,20904,6xJC9AbMpm4ebrTWz6Fd5S
51Blml2LZPmy7TTiAg47vQ,U2,No Line On The Horizon,130863000,26893,2cVfcuckyfRP6KVAHsRPHC
0vR2qb8m9WHeZ5ByCbimq2,Reik,De México,130766499,42467,52R4l0OYnS6DBSeiJ4KnBV
58lV9VcRSjABbAbfWS6skp,Bon Jovi,This House Is Not For Sale (Deluxe),130672560,18025,74qSdlV98jwj4Q6KMD4GUm
58lV9VcRSjABbAbfWS6skp,Bon Jovi,This House Is Not For Sale (Deluxe),130672560,18025,08Pq7Aj43ljWU32CDbLsPS
6FBDaR13swtiWwGhX1WQsP,blink-182,Cheshire Cat,130655075,48030,6uTjljlshthbtA2U7V6u83
3YQKmKGau1PzlVlkL1iodx,Twenty One Pilots,Arcane League of Legends: Season 2 (Soundtrack from the Animated Series),130406606,501190,2x6LWti2bjYS6AllSomoV7
6tbjWDEIzxoDsBA1FuhfPW,Madonna,Bedtime Stories,130155615,66454,1saoZHjleM0tAQQoCvpMrB
0oOet2f43PA68X5RxKobEy,Shreya Ghoshal,Tere Naal Love Ho Gaya (Original Motion Picture Soundtrack),130066777,222646,0OhM0xKiFdqKakSWYx0hs4
7iK8PXO48WeuP03g8YR51W,Myke Towers,LYKE MIIKE (DELUXE),130021518,927732,27bcWf41ghwRCrfTS1OjXj
7qG3b048QCHVRO5Pv1T5lw,Enrique Iglesias,Quizás,129758144,98993,4yZ94VdhoJGQMz6aNUlcc0
5WUlDfRSoLAfcVSX1WnrxN,Sia,Spotify Sessions,129509548,15067,2fBKreCrztEPXW5bUIgBTf
5WUlDfRSoLAfcVSX1WnrxN,Sia,Spotify Sessions,129509548,15067,4RTM2aJ9TN4xhk3Qy1DhTV
5WUlDfRSoLAfcVSX1WnrxN,Sia,Spotify Sessions,129509548,15067,6OFv8k32CcUZGXBoZQ0IiD
5WUlDfRSoLAfcVSX1WnrxN,Sia,Spotify Sessions,129509548,15067,6SembYKumFch1Mm9FL0c8O
5WUlDfRSoLAfcVSX1WnrxN,Sia,Spotify Sessions,129509548,15067,2nnlLfiRNxFpwErX4vjCSv
5WUlDfRSoLAfcVSX1WnrxN,Sia,Spotify Sessions,129509548,15067,3QOKeZDunAx4TCt9tjaQrC
5WUlDfRSoLAfcVSX1WnrxN,Sia,Spotify Sessions,129509548,15067,5a9eEglYpjWyj6PSxUIiwU
5WUlDfRSoLAfcVSX1WnrxN,Sia,Spotify Sessions,129509548,15067,5n0Ykbp6MCm6NAy2JpErVx
5WUlDfRSoLAfcVSX1WnrxN,Sia,Spotify Sessions,129509548,15067,6v1KAcOknj5z6QxMGh3mlY
5WUlDfRSoLAfcVSX1WnrxN,Sia,Spotify Sessions,129509548,15067,0ryfxFVYctq06Btwatl8zE
5WUlDfRSoLAfcVSX1WnrxN,Sia,Spotify Sessions,129509548,15067,0CL4Zsk4SKMXvLQKa41BOv
5WUlDfRSoLAfcVSX1WnrxN,Sia,Spotify Sessions,129509548,15067,0kE3eroQzJ7OQH6qF1XqyO
5WUlDfRSoLAfcVSX1WnrxN,Sia,Spotify Sessions,129509548,15067,4Ea6kB7AvZSz9jRxviJrdI
5WUlDfRSoLAfcVSX1WnrxN,Sia,Spotify Sessions,129509548,15067,2EbYCSY7fkYH28YRtXQOEq
1KCSPY1glIKqW2TotWuXOR,P!nk,Dear Mr. President,129310933,33228,488ljzgpZDM4Nwh7eVkrYz
1KCSPY1glIKqW2TotWuXOR,P!nk,Dear Mr. President,129310933,33228,4prIsJExWzq2USjH1eh9gg
1KCSPY1glIKqW2TotWuXOR,P!nk,Can't Take Me Home (Expanded Edition),129299249,39053,6PSOOxrBZuoLe88zn0wGQr
22bE4uQ6baNwSHPVcDxLCe,The Rolling Stones,Hackney Diamonds,129098229,58379,1AxMcdQRLguJqSZMxvRNdO
7ltDVBr6mKbRvohxheJ9h1,ROSALÍA,Los Ángeles,128954885,23026,7mGsUwMuhsKiOKx9X9k7tj
12vb80Km0Ew53ABfJOepVz,Ñengo Flow,"Real G 4 Life Baby, Pt. 2.5",128830296,182038,6qIRPnbpu7WKpSWFDNePg4
2jku7tDXc6XoB6MO2hFuqg,Tory Lanez,DAYSTAR,128744701,61294,1fSr7CMs4ewhuylB6NZCPo
1Cs0zKBU1kc0i8ypK3B9ai,David Guetta,Just a Little More Love,128435722,107942,78M16AQffV0YUfvseg60MT
711MCceyCBcFnzjGY4Q7Un,AC/DC,Ballbreaker,128402331,42293,1zXYNAA57WJ33GgZJHchhX
4zCH9qm4R2DADamUHMCa6O,Anirudh Ravichander,Vikram Hitlist (Original Motion Picture Soundtrack),128249931,49942,2xfHm4julom1Ip3QwpHXFZ
7CajNmpbOovFoOoasH2HaY,Calvin Harris,I Created Disco,128116611,39303,76FpZrTEmDPHQAoNjkcHJr
7CajNmpbOovFoOoasH2HaY,Calvin Harris,I Created Disco,128116611,39303,5gDkjyJBK8VLZjKqqUd79K
7CajNmpbOovFoOoasH2HaY,Calvin Harris,I Created Disco,128116611,39303,507DSnX3hTUOiBiBEDgwfx
4zCH9qm4R2DADamUHMCa6O,Anirudh Ravichander,Gang Leader (Original Motion Picture Soundtrack),128011023,103689,3JdE4IkqObXwTWzYKieCUv
1r4hJ1h58CWwUQe3MxPuau,Maluma,Marry Me (Original Motion Picture Soundtrack),128004613,22201,6seUERIBHA7qbR5ReDm66x
7MiDcPa6UiV3In7lIM71IN,Gusttavo Lima,"Falando de Amor, Vol. 2",127888218,18297,4AmYNtcUeuaLZfQo5uDTKh
43ZHCT0cAZBISjO8DG9PnE,Elvis Presley,That's the Way It Is,127272758,53412,5Daouulcid6tWztS39KWhc
17lzZA2AlOHwCwFALHttmp,2 Chainz,COLLEGROVE,127032446,13238,56TQNcSoy3eQpyWtNwQnrD
1ZwdS5xdxEREPySFridCfh,2Pac,2Pacalypse Now,126942812,35396,5Ijk8JGsEkwCZd5i0Iy09a
08GQAI4eElDnROBrJRGE0X,Fleetwood Mac,Mirage (Deluxe Edition),126920254,68117,1dZNgJ3Gh3wp6ohzk29JUG
4zCH9qm4R2DADamUHMCa6O,Anirudh Ravichander,Vettaiyan (Original Motion Picture Soundtrack),126744016,271681,6Xw7XAQQwpsy9KfUnJTrHz
1mYsTxnqsietFxj1OgoGbG,A.R. Rahman,Pathu Thala (Original Motion Picture Soundtrack),126614699,81550,6y3yImd357ZGmMfb0mb1ts
33ScadVnbm2X8kkUqOkC6Z,Don Omar,The Last Album,126508867,14610,30t1kkG1NrdaCnr4NppWzs
5ZsFI1h6hIdQRw2ti0hz81,ZAYN,Flames (The EP),126400276,12110,3prH55RqDC10PjVqqUIhSl
7MiDcPa6UiV3In7lIM71IN,Gusttavo Lima,Do Outro Lado da Moeda,126036615,38813,6QPDShgwdoyhCBYGYrltJv
1l7ZsJRRS8wlW3WfJfPfNS,Christina Aguilera,AGUILERA,125932223,28514,1yzGdDRVUtPRGWATYs7J35
2cFrymmkijnjDg9SS92EPM,blackbear,drink bleach,125592015,7978,4VQDvbycoUett0aIo9ku6r
58lV9VcRSjABbAbfWS6skp,Bon Jovi,This House Is Not For Sale,125226554,16904,400D8LXbvMuOzi4lVv89FM
26VFTg2z8YR0cCuwLzESi2,Halsey,The Great Impersonator,124949657,163578,4C23ofFqNhsaAEkThw2yRB
26VFTg2z8YR0cCuwLzESi2,Halsey,The Great Impersonator,124949657,163578,3rnRG8mHzOpShNNJpYQQDR
0QHgL1lAIqAw0HtD7YldmP,DJ Khaled,Kiss The Ring (Deluxe),124917091,45162,1KDc01X8ZF9VYqVW6c4lvr
0QHgL1lAIqAw0HtD7YldmP,DJ Khaled,Kiss The Ring (Deluxe),124917091,45162,00TIXWmwRvA6bfvf98hRSk
1wRPtKGflJrBx9BmLsSwlU,Pritam,Dangal (Original Motion Picture Soundtrack),124826541,177373,354TJOapvmkc4JCxi9vJHh
1wRPtKGflJrBx9BmLsSwlU,Pritam,Life In A Metro (Original Motion Picture Soundtrack),124596895,118780,6leYdBPs1XzfUgpc8xgeSi
0oOet2f43PA68X5RxKobEy,Shreya Ghoshal,Shreya Ghoshal: Straight from the Heart,124305705,129990,3cm1WiU0t86BGxG0bJnzVL
0eHQ9o50hj6ZDNBt6Ys1sD,Yandel,Legacy - De Líder a Leyenda Tour (Deluxe Edition),123806641,19342,0kEZti5UKQ2Dgc5o5ts5TQ
7hJcb9fa4alzcOq3EaNPoG,Snoop Dogg,Tha Last Meal,123620742,53851,71VPCdeQQs1dmyVbflhPjX
60d24wfXkVzDSfLS6hyCjZ,Martin Garrix,BYLAW EP,123569611,13263,5dv1oLETxdsYOkS2Sic00z
1U1el3k54VvEUzo3ybLPlM,Kali Uchis,TO FEEL ALIVE EP,123531796,50240,2qn5Z50z9x2qAIyWV5lt9E
2cFrymmkijnjDg9SS92EPM,blackbear,in loving memory,123287633,39232,0ZvU2iSXtYxBeR9QzvHQau
0KPX4Ucy9dk82uj4GpKesn,Dalex,La Nueva Ola,123223516,14185,25w0kbwVprNRy6RisuqLOt
0QHgL1lAIqAw0HtD7YldmP,DJ Khaled,Kiss The Ring,123094500,44903,3QGDxSAA25wjIDU6touDwA
1yR65psqiazQpeM79CcGh8,Marília Mendonça,"Festa das Patroas, EP 3",122524901,21691,6Pwkeo5nLhvGzCO4ZwDnRo
4kYSro6naA4h99UJvo89HB,Cardi B,Bongos: The Pack,122477038,59558,72fCiWWDkVJ3mbCVapAY8K
21451j1KhjAiaYKflxBjr1,Zion & Lennox,Los Verdaderos,122317411,114546,136hWio0iQxyaM4Fldl0Ol
21451j1KhjAiaYKflxBjr1,Zion & Lennox,Los Verdaderos,122317411,114546,3jsGdxB4wVM7iT4w21fPtH
21451j1KhjAiaYKflxBjr1,Zion & Lennox,Los Verdaderos,122317411,114546,03hw2i4WIjQ9RSO4puyJ9V
1elUiq4X7pxej6FRlrEzjM,Jorge & Mateus,Jorge & Mateus Elétrico,122094911,107301,0RkEgK2Ch7H5IURwDYTTnt
43ZHCT0cAZBISjO8DG9PnE,Elvis Presley,Way Down in the Jungle Room,122060888,52844,0aDuEoOhb33KsJjfkaqaCr
6FBDaR13swtiWwGhX1WQsP,blink-182,"The Mark, Tom And Travis Show (The Enema Strikes Back!) [Live]",121900578,51014,1rkcABZWlix3sYH6XLUSAz
12vb80Km0Ew53ABfJOepVz,Ñengo Flow,Real G 4 Life,121748323,191637,6oGXALVuSmMjwfXZeOCw7e
3hcs9uc56yIGFCSy9leWe7,Lil Durk,Lil Durk 2X (Deluxe),121356601,29943,0V68iflWNZri1Zc8txsLyg
5WUlDfRSoLAfcVSX1WnrxN,Sia,"LABRINTH, SIA, DIPLO PRESENT... LSD (REMIXES) (feat. Sia, Diplo & Labrinth)",121010134,21482,0YAYI6pK9cbgb9VgSUyCY4
3PhoLpVuITZKcymswpck5b,Elton John,Blue Moves,120894047,58055,0XsM7TdicJh19osmKPUoR2
711MCceyCBcFnzjGY4Q7Un,AC/DC,Live (Collector's Edition),120559116,33068,6jOO0YHvuHP4UkJuDpcAoz
1mYsTxnqsietFxj1OgoGbG,A.R. Rahman,Roja (Original Motion Picture Soundtrack),120119674,79003,2lORIs7BAIYVH7xxcXsUn7
1RyvyyTE3xzB2ZywiAwp0i,Future,SAVE ME,119596287,35039,65hRa80KDworqyE8242rLN
1wRPtKGflJrBx9BmLsSwlU,Pritam,Singh Is Kinng (Original Motion Picture Soundtrack),119322628,158479,5fIuxZbDv4x6Hi4FUKGMF7
6icQOAFXDZKsumw3YXyusw,Lil Yachty,Summer Songs 2,119296209,10167,1Ea4UfFW7K1UzbjkDVaPri
6XyY86QOPPrYVGvF9ch6wz,Linkin Park,Live in Texas,119246643,65431,0ZBE7rVC0zKFVt5osvXlnz
6Xgp2XMz1fhVYe7i6yNAax,Trippie Redd,A Love Letter To You 5,119120123,58012,0ITPUZfqnXi720BiYRJWPq
2FXC3k01G6Gw61bmprjgqS,Hozier,Spotify Sessions London,119083824,12239,4IEY5pUQMlTAAMfMNCc4pb
2FXC3k01G6Gw61bmprjgqS,Hozier,Spotify Sessions London,119083824,12239,3RpDqtToIqvKnD6iQe9WT4
7Ln80lUS6He07XvHI8qqHH,Arctic Monkeys,My Propeller,118913865,53218,22fXxkb8RzPUam6OkkasGD
7wlFDEWiM5OoIAt8RSli8b,YoungBoy Never Broke Again,Nobody Safe,118883729,29902,1w3bK9CG80xsuDPlrz5EV7
0pePYDrJGk8gqMRbXrLJC8,Luis R Conriquez,Mi Vida Mi Muerte,118881956,464530,338NDGMHtB4t5mp8RhMnh3
4zCH9qm4R2DADamUHMCa6O,Anirudh Ravichander,Petta (Original Motion Picture Soundtrack),118857425,106795,3NAMtgP845mM6cJjYDYy1g
3fMbdgg4jU18AjLCKBhRSm,Michael Jackson,Music And Me,118835908,26990,1MCA50GzswxscAouRWnrES
3fMbdgg4jU18AjLCKBhRSm,Michael Jackson,Music And Me,118835908,26990,19vhLDr0Fw8Lja1I8xVV09
2nszmSgqreHSdJA3zWPyrW,Luis Miguel,Luis Miguel (Edición De Lujo),118599004,34686,3MpbAt21ozNGRmmLCmP2ed
0QHgL1lAIqAw0HtD7YldmP,DJ Khaled,We The Best,117648992,53791,3fuoUsluBXjdFjpt7sBKwf
1mYsTxnqsietFxj1OgoGbG,A.R. Rahman,Highway,117543453,162735,4MRvvPTLIVBHVEMfVC20jI
3nFkdlSjzX9mRTtwJOzDYB,JAY-Z,The Dynasty: Roc La Familia,117491304,44558,3VfeeJElCEDeXlDiNZbn3E
4zCH9qm4R2DADamUHMCa6O,Anirudh Ravichander,Leo (Telugu) [Original Motion Picture Soundtrack],117353154,69940,5J1XhEG5CrCThq6bL9pzoY
2wUjUUtkb5lvLKcGKsKqsR,Alessia Cara,In The Meantime,117235938,31721,5reEg9or7xqpXy6XLVIoTE
5K4W6rqBFWDnAN6FQUkS6x,Kanye West,VULTURES PACK,117164483,57033,28pcV1bRvJ8WoVDFcF2Rl9
6vWDO969PvNqNYHIOW5v0m,Beyoncé,Check On It (Remix 5 Pak) (feat. Bun B & Slim Thug),117146961,65579,7rzuaWl7eker4dHdJsBfGr
4kYSro6naA4h99UJvo89HB,Cardi B,Gangsta Bitch Music Vol 1,117121486,5875,4hRSrC7bRqBqDDSfhe5qRO
1dKdetem2xEmjgvyymzytS,Grupo Firme,Nos Divertimos Logrando Lo Imposible,116929593,23958,6WH1PNV2u9Mia1Qduh5JCz
1dfeR4HaWDbWqFHLkxsg1d,Queen,Queen I (Collector's Edition),116900086,23944,2vSW70hwFzUyFd4Mlgap0J
7oPftvlwr6VrsViSDV7fJY,Green Day,¡DOS!,116895785,33797,71rrqHKVkUFx2CSVfxrrLs
1Mxqyy3pSjf8kZZL4QVxS0,Frank Sinatra,Sinatra's Swingin' Session!!! And More (Remastered / Expanded Edition),116895101,50238,0rnnzYSJbxKoxcp9U5I2zF
0ys2OFYzWYB5hRDLCsBqxt,Fuerza Regida,Pisteando Con La Regida,116751173,67631,6XCfOtEcXJgbq6ka1C7eAc
7Ln80lUS6He07XvHI8qqHH,Arctic Monkeys,Live at the Royal Albert Hall,116542551,38757,7Heaa0B4KOxdWhSICTR2wE
7Ln80lUS6He07XvHI8qqHH,Arctic Monkeys,Live at the Royal Albert Hall,116542551,38757,4gUsJN2YKVWz5RRWAIOE40
7Ln80lUS6He07XvHI8qqHH,Arctic Monkeys,Live at the Royal Albert Hall,116542551,38757,1A253TQGd0C0DIba96h85G
0A0FS04o6zMoto8OKPsDwY,YG,Red Friday,116492196,10342,4VqdntbxmB7r1At6sPKRnb
22bE4uQ6baNwSHPVcDxLCe,The Rolling Stones,Bridges To Babylon (Remastered),116454044,52643,6lbQFxYqubkf4GbEtXARE7
0GM7qgcRCORpGnfcN2tCiB,Tainy,NEON16 TAPE: THE KIDS THAT GREW UP ON REGGAETON,116123149,20760,0yYekqi5aLywihK4YtigeN
0eHQ9o50hj6ZDNBt6Ys1sD,Yandel,DEMBO$$,115941929,58552,7bp8TEGxs1Q8bCB3HbzghV
58lV9VcRSjABbAbfWS6skp,Bon Jovi,Bounce,115788891,52977,6U0ccm2uCFZG82mPkucZ3c
58lV9VcRSjABbAbfWS6skp,Bon Jovi,Bounce,115788891,52977,67vqUSurP7icdgCiZ3DZsY
1HY2Jd0NmPuamShAr6KMms,Lady Gaga,Dawn Of Chromatica,115709979,34325,3OevODyllQCrhudfLLnV3y
43ZHCT0cAZBISjO8DG9PnE,Elvis Presley,"50,000,000 Elvis Fans Can't Be Wrong: Elvis' Gold Records, Vol. 2",115666502,33398,0s357yjkkRrf0KCXtnISGe
43ZHCT0cAZBISjO8DG9PnE,Elvis Presley,Girls! Girls! Girls!,115612699,44305,6wH0jlf2q1yCprUO5XWSdz
3AA28KZvwAUcZuOKwyblJQ,Gorillaz,The Fall,115476785,26449,5jJGGsAztgUEXUHHZ2zrah
0EmeFodog0BfCgMzAIvKQp,Shakira,Live From Paris,115361724,29815,0qE6Dd97eQiywwpbrhb5fX
0EmeFodog0BfCgMzAIvKQp,Shakira,Live From Paris,115361724,29815,26XqMUMmuKOtKSpwcUWj1z
4r63FhuTkUYltbVAg5TQnk,DaBaby,Baby Talk 5,115264651,23457,3VFolwKJSdknVtSixGPsRG
3WGpXCj9YhhfX11TToZcXP,Troye Sivan,Blue Neighbourhood (The Remixes),114918964,10337,0mhxJEWGDhp6tEE4uFhD7C
3q7HBObVc0L8jNeTe5Gofh,50 Cent,Animal Ambition: An Untamed Desire To Win,114902788,24492,0KmKhrRc4dFTA5dHMJlm5w
137W8MRPWKqSmrBGDBFSop,Wiz Khalifa,TGOD Mafia: Rude Awakening,114888323,6203,7tdV8Iup7GJM2SSDTfrzBt
0hEurMDQu99nJRq8pTxO14,John Mayer,The Village Sessions,114592624,18551,6DcQ0gH9Hxp42PvNBoo5gX
66ihevNkSYNzRAl44dx6jJ,Carin Leon,Desvelada Con Banda Y Mariachi (En Vivo),114489238,12436,3FJXsvMG4qE7cPZEBORwoF
4zCH9qm4R2DADamUHMCa6O,Anirudh Ravichander,Leo (Hindi) [Original Motion Picture Soundtrack],114016755,68109,46q8kxKZAjtotHTSMhPObC
0k17h0D3J5VfsdmQ1iZtE9,Pink Floyd,Relics,113925136,27080,361QTNnQcBcNJ38gn8ZWQw
1wRPtKGflJrBx9BmLsSwlU,Pritam,R...Rajkumar (Original Motion Picture Soundtrack),113895883,142785,63LbVjB7pLA3acQZuA7Gu7
1Mxqyy3pSjf8kZZL4QVxS0,Frank Sinatra,Duets (20th Anniversary Deluxe Edition),113796984,56139,67TRGeFfMzq6ArsHrJkzya
3DiDSECUqqY1AuBP8qtaIa,Alicia Keys,KEYS II,113547511,51983,4z4IDBBvwAl3SyUOorj5M0
3DiDSECUqqY1AuBP8qtaIa,Alicia Keys,KEYS II,113547511,51983,52Y1gGjYphRowQYLxu8bxX
6oMuImdp5ZcFhWP0ESe6mG,Migos,Young Rich N*ggas,113521308,12728,4YmTZjHk8SmTFTiVMXBN1A
1dKdetem2xEmjgvyymzytS,Grupo Firme,"Desde Mazatlán, Sinaloa (En Vivo)",113324502,187367,6VE5VAjHrptT2rWYr8xeIW
7n2Ycct7Beij7Dj7meI4X0,TWICE,DIVE,113271209,95762,0riep5s1F9ynpobjOSzbcr
7n2Ycct7Beij7Dj7meI4X0,TWICE,DIVE,113271209,95762,7tgTOUXm74GKA12wsQIUPu
08GQAI4eElDnROBrJRGE0X,Fleetwood Mac,Mirage (2016 Remaster),113231647,63170,2962eYkQa0R7EnIGZqeARS
6tbjWDEIzxoDsBA1FuhfPW,Madonna,American Life,113129443,39373,6makHXbA3KBYNlYEPXyFJW
711MCceyCBcFnzjGY4Q7Un,AC/DC,Backtracks,112861373,35794,0I7FkYrckzJtK1ND8vzqoO
41MozSoPIsD1dJM0CLPjZF,BLACKPINK,BLACKPINK 2018 TOUR 'IN YOUR AREA' SEOUL (Live),112500765,17142,4i0XmhtxZBPxwpgNeJ1Tvg
2RdwBSPQiwcmiDo9kixcl8,Pharrell Williams,In My Mind (Deluxe Edition),112422190,60875,5pYJCnVKIXdZVySWQe4DEl
5INjqkS1o8h1imAzPqGZBb,Tame Impala,Hyperdrama,112383591,297015,6ooBxhsOVedpX4zPTCyL86
43ZHCT0cAZBISjO8DG9PnE,Elvis Presley,Elvis At Stax,111830868,39778,3EHxFLhmgSGEBmJ7tFXwRz
2RdwBSPQiwcmiDo9kixcl8,Pharrell Williams,In My Mind,111762587,60341,2AYyw0FbE1GXlNHnx2Gj4a
2RdwBSPQiwcmiDo9kixcl8,Pharrell Williams,In My Mind,111762587,60341,15iSR05cslUeYgf2kuWDhu
2RdwBSPQiwcmiDo9kixcl8,Pharrell Williams,In My Mind,111762587,60341,41duN0n7N0S55yLmI3W8tj
2RdwBSPQiwcmiDo9kixcl8,Pharrell Williams,In My Mind,111762587,60341,412mL0hMStgwl1ukZjLxR8
1mYsTxnqsietFxj1OgoGbG,A.R. Rahman,Kadal (Original Motion Picture Soundtrack),111743313,92925,3j8iyHi0RxqLLV97ZGOCPm
4zCH9qm4R2DADamUHMCa6O,Anirudh Ravichander,Leo (Malayalam) [Original Motion Picture Soundtrack],111666349,65755,7zhTmRoaKA0T9pLFFMZqzF
1dfeR4HaWDbWqFHLkxsg1d,Queen,Queen (Deluxe Remastered Version),111581773,25923,64axF9Amc2ExcZbFs8btdv
4zCH9qm4R2DADamUHMCa6O,Anirudh Ravichander,Leo (Kannada) [Original Motion Picture Soundtrack],111468853,65769,3zWkGoBdWlFsR407go6Q2e
2IMZYfNi21MGqxopj9fWx8,Rels B,nostalgia EP,111407081,514246,1fhc3XX8W5Z4fMZrEW4DzO
1Mxqyy3pSjf8kZZL4QVxS0,Frank Sinatra,A Swingin' Affair! (Remastered / Expanded Edition),111284745,30687,5Jxf3eOoGvWDGg957iXEkj
6eUKZXaKkcviH0Ku9w2n3V,Ed Sheeran,No.5 Collaborations Project,111051046,8204,6DpIyaMgt5p9HlGd1c0LDM
02kJSzxNuaWGqwubyUba0Z,G-Eazy,B-Sides,110941013,8294,2C6M7W3XuPMko8hacm8Ibo
2dIgFjalVxs4ThymZ67YCE,Stray Kids,I am NOT,110835662,26968,6xP5hGAHaLArPqF07UYVJL
3Isy6kedDrgPYoTS1dazA9,Sean Paul,Full Frequency,110646798,23489,4AYXhebGFYlUU4Fh0LLTIB
1wRPtKGflJrBx9BmLsSwlU,Pritam,Billu,110469555,178019,0Yh63z8eqUG51rnjnah5NN
43ZHCT0cAZBISjO8DG9PnE,Elvis Presley,On Stage (Live),110348386,53242,1SDYhhFK9vXLI46trPpzYA
2LRoIwlKmHjgvigdNGBHNo,Feid,LOS 9 DE FERXXO Y SKY ROMPIENDO,110295092,366496,5L3PAo50R75rOZLlEvokZZ
738wLrAtLtCtFOLvQBXOXp,Major Lazer,Be Together (Australazer),110178579,20847,0Q50IddjxBfjaVslAc8ibG
2C6i0I5RiGzDKN9IAF8reh,Banda MS de Sergio Lizárraga,Escuela De Rancho,110149921,49261,3MAavJryyyldhnZGkgMr2T
0TnOYISbd1XYRBk9myaseg,Pitbull,Trackhouse,109581884,63121,1l86t4bTNT2j1X0ZBCIv6R
3EiLUeyEcA6fbRPSHkG5kb,De La Ghetto,Los Chulitos,109273977,15610,61OuBz5Vh5z1n8z6Yu8rlN
25uiPmTg16RbhZWAqwLBy5,Charli xcx,Number 1 Angel,109157223,95426,37rI2gAtakAmSFtbIE9THq
2QsynagSdAqZj3U9HgDzjD,Bob Marley & The Wailers,Easy Skanking In Boston '78,109077478,7131,3DZmcdIS8JlZwYFhbN9Pbc
6LqNN22kT3074XbTVUrhzX,Kesha,JOYRIDE. (The Remixes),109010258,162077,304UG7ek71F0nIIplETW8E
55Aa2cqylxrFIXC767Z865,Lil Wayne,Welcome 2 Collegrove,108641314,61897,2LdlfTE6xqf2Ez8LPAFZSy
7hJcb9fa4alzcOq3EaNPoG,Snoop Dogg,BUSH,108565681,9787,3UesepjW7Scwi8DV62Qqyn
1Mxqyy3pSjf8kZZL4QVxS0,Frank Sinatra,Baby Blue Eyes,108487363,23081,0LM90G0IGNZ9O5PkQcjOpw
137W8MRPWKqSmrBGDBFSop,Wiz Khalifa,Kush & Orange Juice,108135981,68326,0bOEKxKa00RPU5OscdYdC5
7oPftvlwr6VrsViSDV7fJY,Green Day,¡TRÉ!,108111450,20985,1t9rzuEEFVHPdqRYzsaWC8
1GxkXlMwML1oSg5eLPiAz3,Michael Bublé,Higher,107671415,38377,3zDrL6uXT0UIkIiAPqNpcy
1GxkXlMwML1oSg5eLPiAz3,Michael Bublé,Higher,107671415,38377,0pC2nDSKjfCdEth7murfOu
1GxkXlMwML1oSg5eLPiAz3,Michael Bublé,Higher,107671415,38377,6b6xEoiubMlgeGN6nrWM2V
1GxkXlMwML1oSg5eLPiAz3,Michael Bublé,Higher,107671415,38377,3qIJqbxuiYCwwGVLkLSZ1P
1GxkXlMwML1oSg5eLPiAz3,Michael Bublé,Higher,107671415,38377,0WYjnOZexOmpn0ZvA6jXfi
4iHNK0tOyZPYnBU7nGAgpQ,Mariah Carey,Merry Christmas II You,107444207,2508,4q88opkbXkvvL0iIvbs0pv
1z7b1Pr1rSlvWRzsW3HOrS,Russ,Silence,107274094,7942,2bw00gRKNKbTFOqCkohbSh
1z7b1Pr1rSlvWRzsW3HOrS,Russ,Silence,107274094,7942,2s7lwmva05g4kccq1f31oK
3xvaSlT4xsyk6lY1ESOspO,Disney,Mufasa: The Lion King (Original Motion Picture Soundtrack/Deluxe Edition),107093018,684852,5pMwIoxFUbf0mHvjlMGWLq
1wRPtKGflJrBx9BmLsSwlU,Pritam,Kismat Konnection (Original Motion Picture Soundtrack),107013955,145478,61cQuizKixGgQTi0Le6M8N
2dIgFjalVxs4ThymZ67YCE,Stray Kids,Social Path / Super Bowl -Japanese ver.-,107000098,74478,7xBMOCdTrdP3Y7rDBHp2AW
1mYsTxnqsietFxj1OgoGbG,A.R. Rahman,Ekk Deewana Tha (Original Motion Picture Soundtrack),106937790,70608,7u8VFwwX4grIUnuHriflDf
6JL8zeS1NmiOftqZTRgdTz,Meghan Trainor,The Love Train,106834806,11915,0kPe8FDWUOInMERIeolerd
0oSGxfWSnnOXhD2fKuz2Gy,David Bowie,Labyrinth (From The Original Soundtrack Of The Jim Henson Film),106721128,52580,6cvdkUIC4IdBypl9L5Ae74
2nszmSgqreHSdJA3zWPyrW,Luis Miguel,Luis Miguel,106577268,32102,1gpyLgIsXBUpq8RVGDSnZF
0EmeFodog0BfCgMzAIvKQp,Shakira,Shakira MTV Unplugged,106426529,36211,3yQQUyIA3vRIRnB4rqtThe
1mYsTxnqsietFxj1OgoGbG,A.R. Rahman,O Kadhal Kanmani (Original Motion Picture Soundtrack),106266337,70922,6XBC9UsX48MzHICIr9m0hj
1dKdetem2xEmjgvyymzytS,Grupo Firme,Viva México (En Vivo),106251205,50832,3D3QKcpxh5MPOYQVZJ4qdE
6tbjWDEIzxoDsBA1FuhfPW,Madonna,Finally Enough Love: 50 Number Ones,105881315,54970,5WWD7T6lI2JV1oyABrFq10
41MozSoPIsD1dJM0CLPjZF,BLACKPINK,BLACKPINK 2021 'THE SHOW' LIVE,105761916,29039,5IDJBkr9EzMofENo4ScNxi
0eHQ9o50hj6ZDNBt6Ys1sD,Yandel,The One,105650457,7278,7GXpfuIGY411TO168GbVyf
0eHQ9o50hj6ZDNBt6Ys1sD,Yandel,The One,105650457,7278,4NTuwAi626NDLpE0ghnCC8
0eHQ9o50hj6ZDNBt6Ys1sD,Yandel,The One,105650457,7278,5WbC2jwkdiRD3lcgC2SAHa
0eHQ9o50hj6ZDNBt6Ys1sD,Yandel,The One,105650457,7278,2F7Ek0CRJJMHSirX8sBD3u
3Nrfpe0tUJi4K4DXYWgMUX,BTS,Wake Up (Standard Edition),105560879,44612,2bXp5bEM5sgZdIznTesQZb
1Mxqyy3pSjf8kZZL4QVxS0,Frank Sinatra,The Song Is You,105206340,54194,4Oueg97h9XCM0p5urdChlq
7n2Ycct7Beij7Dj7meI4X0,TWICE,Doughnut,105081805,30457,2g8Uav5MCzs3B4pJO9U24p
7n2Ycct7Beij7Dj7meI4X0,TWICE,Doughnut,105081805,30457,1eIMbbLLxejimwwLW4Rdl8
08GQAI4eElDnROBrJRGE0X,Fleetwood Mac,Say You Will,105024181,80335,6dMdadS6Ng71pD9As93ufx
1wRPtKGflJrBx9BmLsSwlU,Pritam,Shehzada,104704873,27861,1f7Azj2aXoQeaHQE9eLcxo
2HPaUgqeutzr3jx5a9WyDV,PARTYNEXTDOOR,Seven Days,104407671,12733,5hGC6Zuhu4JaC0YXb8iejw
53XhwfbYqKCa1cC15pYq2q,Imagine Dragons,Imagine Dragons Live in Vegas,104146673,114857,0fQaGkCbRIg5z7ta2SCrY0
4r63FhuTkUYltbVAg5TQnk,DaBaby,Back On My Baby Jesus Sh!t AGAIN,103898307,21356,6IqDBDKg1kWzZfpKorTv0B
3DiDSECUqqY1AuBP8qtaIa,Alicia Keys,Unplugged,103285796,18186,39Ux32dLjlKAS0UvtnZuY5
3DiDSECUqqY1AuBP8qtaIa,Alicia Keys,Unplugged,103285796,18186,4KCe4KPxUSyKPLu5a6mDVg
2ye2Wgw4gimLv2eAKyk1NB,Metallica,S&M2,102786879,34146,4vxkHVyS6D66Rwt0mpz0cS
2ye2Wgw4gimLv2eAKyk1NB,Metallica,S&M2,102786879,34146,7Hc3m7konwS0ugyN8vJhNg
6M2wZ9GZgrQXHCFfjv46we,Dua Lipa,Club Future Nostalgia (DJ Mix),102160673,20565,3W04W2HfQ5kVeByxfjbu2C
1elUiq4X7pxej6FRlrEzjM,Jorge & Mateus,Live In London - At The Royal Albert Hall - Músicas Extras,102126319,79658,6JxAtvSXy4KDs7EaU9YjLz
3xvaSlT4xsyk6lY1ESOspO,Disney,Mufasa: The Lion King (Original Motion Picture Soundtrack),102056088,659838,6J3qzhviHgjLxhL8Bk5CRy
0k17h0D3J5VfsdmQ1iZtE9,Pink Floyd,Obscured by Clouds,101953320,47808,00BBpx0gG4KfQtxSJBPKUZ
137W8MRPWKqSmrBGDBFSop,Wiz Khalifa,Deal Or No Deal,101929806,15744,2LQcw9w73DG6GgmWiwnug0
6l3HvQ5sa6mXTsMTB19rO5,J. Cole,"Forest Hills Drive: Live from Fayetteville, NC",101862594,6051,7tixruBIQtyhfvKetsoKZM
3fMbdgg4jU18AjLCKBhRSm,Michael Jackson,The Original Soul Of Michael Jackson,101469279,22083,1VDUI8iG0jUdMh4QI06qI5
20JZFwl6HVl6yg8a4H3ZqK,Panic! At The Disco,Viva Las Vengeance,101424710,30913,25DhBz5cckEAFcivcSzSTo
0ys2OFYzWYB5hRDLCsBqxt,Fuerza Regida,En Vivo Puros Corridos,101303951,12569,6cuMLImONAtfxkZOOIaIev
2ye2Wgw4gimLv2eAKyk1NB,Metallica,Live S**t: Binge & Purge,101162497,29994,4iBN00FZaKlaXVYfxV7bBQ
7vk5e3vY1uw9plTHJAMwjN,Alan Walker,Fake A Smile (feat. salem ilese) [Remixes],101045465,19565,2fqN9pZSHYwf1PaaEgPeyO
1mYsTxnqsietFxj1OgoGbG,A.R. Rahman,Minsara Kanavu (Original Motion Picture Soundtrack),100750297,78620,79sIQEpPymbRpykImP7u2e
1mYsTxnqsietFxj1OgoGbG,A.R. Rahman,Minsara Kanavu (Original Motion Picture Soundtrack),100750297,78620,2UoJ6dDjERJs7HEYerjgTU
4iHNK0tOyZPYnBU7nGAgpQ,Mariah Carey,It's Like That - EP,100381929,64404,4gXKAIwhU44Uzu9Mf9YHoD
4LLpKhyESsyAXpc4laK94U,Mac Miller,Live From Space,100177409,33236,52Bso9BSusrjWj3SA3bBzM
4LLpKhyESsyAXpc4laK94U,Mac Miller,Live From Space,100177409,33236,1aDhas2rvJmiGw3zVVI3mm
22bE4uQ6baNwSHPVcDxLCe,The Rolling Stones,Blue & Lonesome,100145021,15330,43TJjpNBfw0qY6E87VeIxX
5YGY8feqx7naU7z4HrwZM6,Miley Cyrus,Miley Cyrus & Her Dead Petz,99999823,24685,6cfcdjtSR9ARnpnpwtEGaS
487N2T9nIPEHrlTZLL3SQs,Zé Neto & Cristiano,Zé Neto & Cristiano Voz & Violão,99795594,8360,4W5OXF1DfLc08dcDLZ8poS
0k17h0D3J5VfsdmQ1iZtE9,Pink Floyd,The Piper at the Gates of Dawn,99765059,28371,2Se4ZylF9NkFGD92yv1aZC
329e4yvIujISKGKz1BZZbO,Farruko,Imperio Nazza (Farruko Edition),99632396,119818,4Z0l4cuznDAsB2DytEF6uy
738wLrAtLtCtFOLvQBXOXp,Major Lazer,Guns Don't Kill People... Lazers Do (15th Anniversary Edition),99199405,13910,7EvrREouijwfYKIcaK8TwN
2C6i0I5RiGzDKN9IAF8reh,Banda MS de Sergio Lizárraga,En Vivo CDMX,99138104,17087,1x7UM1LXYNvVuWhZbZf9uT
1mYsTxnqsietFxj1OgoGbG,A.R. Rahman,Raavanan (Original Motion Picture Soundtrack),99101604,91219,7ywJmodDrksHrxbnqHSDuT
4V8Sr092TqfHkfAA5fXXqG,Luis Fonsi,El Viaje,98961448,165811,4iQQnrUj7fhHgw2iOGTvpU
1Mxqyy3pSjf8kZZL4QVxS0,Frank Sinatra,My Songs Volume II,98900757,25823,4Zspi953yia8c2RDG2qeAV
329e4yvIujISKGKz1BZZbO,Farruko,TMPR The Most Powerful Rookie,98830873,50756,7we6nVThWlLqmzPEaBijzP
51Blml2LZPmy7TTiAg47vQ,U2,Boy (Deluxe Edition Remastered),98734621,29375,4YCjEFs1aDmcilTMbqMwjY
711MCceyCBcFnzjGY4Q7Un,AC/DC,Live,98724685,26370,2uPVIkklUbdENG9S2MgjTU
711MCceyCBcFnzjGY4Q7Un,AC/DC,Live,98724685,26370,1dmBXO2zmCbsf8qAicqbs0
711MCceyCBcFnzjGY4Q7Un,AC/DC,Live,98724685,26370,14oeuE9HHmvB07pfQ3Fu7N
7hJcb9fa4alzcOq3EaNPoG,Snoop Dogg,I Wanna Thank Me,98293447,11153,0a8d4BfLP3XEiuZZTWxxEQ
2cFrymmkijnjDg9SS92EPM,blackbear,the afterglow,98199076,5193,4nXtqtaVW7MmYM9L8fxXqh
4V8Sr092TqfHkfAA5fXXqG,Luis Fonsi,Abrazar La Vida,97877761,70890,7u8IWfPzlYcqN4N6tU4FcW
3hcs9uc56yIGFCSy9leWe7,Lil Durk,300 Days 300 Nights,97663235,29526,7dgbUj8qhJGj7tYsM67JM3
1mYsTxnqsietFxj1OgoGbG,A.R. Rahman,A.R.RAHMAN VIBRATION,97338028,101283,2xcX4329gzbTfJu6xc0Kui
77ziqFxp5gaInVrF2lj4ht,Sech,El Bloke Hills,97318655,42860,3bUFjO2k4a1KpnSjtpfwxc
6icQOAFXDZKsumw3YXyusw,Lil Yachty,Michigan Boy Boat,96688165,72838,1WELnoLbD0VAAg1HvI3VbC
7n2Ycct7Beij7Dj7meI4X0,TWICE,I GOT YOU (Voyage ver.),96664693,69850,5cnrcbdcdt6BJgAig9Tn3P
3hcs9uc56yIGFCSy9leWe7,Lil Durk,Signed to the Streets 2.5,96497952,26725,7ur402aEploQusH5JUSZyy
738wLrAtLtCtFOLvQBXOXp,Major Lazer,Guns Don't Kill People... Lazers Do,96357227,11865,60FG6sEszLd3ByoXY4oLyE
7wlFDEWiM5OoIAt8RSli8b,YoungBoy Never Broke Again,Before I Go (Reloaded),96277763,35328,5qMLxjae8aZ4yWMNiOoIvN
17lzZA2AlOHwCwFALHttmp,2 Chainz,Dope Don't Sell Itself,96238508,24938,5IGnGTSdX9jMvEMostmUfu
1wRPtKGflJrBx9BmLsSwlU,Pritam,Naqaab (Original Motion Picture Soundtrack),96228551,215469,2j5YFIVVwfOhzCI53Wej2K
4iHNK0tOyZPYnBU7nGAgpQ,Mariah Carey,Fantasy EP,95708086,45190,4aK77BPpiigFVQaLqs7AI4
3nFkdlSjzX9mRTtwJOzDYB,JAY-Z,American Gangster,95268650,29307,6QOGDVh3mVnAJYPnt66Qj5
3e7awlrlDSwF3iM0WBjGMp,Little Mix,LM5 - EP,95094237,8087,4H9aW9bRNBV49fusgFUBGz
7wlFDEWiM5OoIAt8RSli8b,YoungBoy Never Broke Again,Decided 2,94995740,90510,5kK8oDrnJr64xQhyaHFjtQ
6vXTefBL93Dj5IqAWq6OTv,French Montana,Corleone,94919303,62554,5kFm2qP6M186qWYI9wY0ji
1mYsTxnqsietFxj1OgoGbG,A.R. Rahman,Azhagiya Tamil Magan (Original Motion Picture Soundtrack),94793607,128854,2julNGSzjKDVit5yPV36GI
6oMuImdp5ZcFhWP0ESe6mG,Migos,YRN 2 (Young Rich Niggas 2),94787090,7917,7Hd1Gqx8xFRAnQOLHAZxn3
0TnOYISbd1XYRBk9myaseg,Pitbull,Trackhouse (Daytona 500 Edition),94590592,123317,56jg3KJcYmfL7RzYmG2O1Q
3WrFJ7ztbogyGnTHbHJFl2,The Beatles,Revolver (Super Deluxe),94589305,64522,7C221PnWhYGv8Tc0xSbfdc
0oOet2f43PA68X5RxKobEy,Shreya Ghoshal,Bhaag Milkha Bhaag (Original Motion Picture Soundtrack),94490323,298097,3m5FIubiCHr9mH3BU7ngY4
6M2wZ9GZgrQXHCFfjv46we,Dua Lipa,Live Acoustic EP,94414235,11635,7ahC3nVbClJ8pqASWOIhda
2QsynagSdAqZj3U9HgDzjD,Bob Marley & The Wailers,The Best Of The Early Singles,94215952,9649,3EDSy09tEbIcPG2SlSZuCP
02kJSzxNuaWGqwubyUba0Z,G-Eazy,Scary Nights,94125312,7894,77Q0xwlCfFLhUNO1Sh8ORM
21E3waRsmPlU7jZsS13rcj,Ne-Yo,Self Explanatory,94035933,28536,01Uup2bu0jcnyaNmHjgTF4
21E3waRsmPlU7jZsS13rcj,Ne-Yo,Self Explanatory,94035933,28536,6GDRF8EqwmHYR7k5CxvNU4
1dfeR4HaWDbWqFHLkxsg1d,Queen,Flash Gordon (Deluxe Remastered Version),93775517,17753,0JCLXuGXJ7lKKOD5mc1Ela
0pePYDrJGk8gqMRbXrLJC8,Luis R Conriquez,Corridos 2019 Vol. 2,93201591,15731,7qWQtf7ia2Bf8q22TPMn8D
0k17h0D3J5VfsdmQ1iZtE9,Pink Floyd,The Later Years,93151312,30877,619Oth6zcoYKqotDbRPRpn
0LcJLqbBmaGUft1e9Mm8HV,ABBA,Live At Wembley Arena,93133779,10791,1mc8M9eR9ZIBxqWA2CA4Wo
2C6i0I5RiGzDKN9IAF8reh,Banda MS de Sergio Lizárraga,PUNTO Y APARTE,93120428,19587,7gweMRej5j0jzExxgwreci
43ZHCT0cAZBISjO8DG9PnE,Elvis Presley,King Creole,92828607,33631,7hdMmwpZmRf8efyh7G2pOl
22bE4uQ6baNwSHPVcDxLCe,The Rolling Stones,Emotional Rescue (2009 Re-Mastered),92789429,32052,5mEjFOLcBs94wSchOtMCTB
1Mxqyy3pSjf8kZZL4QVxS0,Frank Sinatra,The Columbia Years (1943-1952): The Complete Recordings: Volume 1,92565791,7682,3M2qBfA1BijmP7q5b5QAh2
1dfeR4HaWDbWqFHLkxsg1d,Queen,Hungarian Rhapsody (Live In Budapest 1986),92518926,15899,4qiBZSTJnt1zlVF7jdWOSL
3e7awlrlDSwF3iM0WBjGMp,Little Mix,Confetti - EP,92484385,13969,0qB2zpPEUceYIKVPvsTYE2
3EiLUeyEcA6fbRPSHkG5kb,De La Ghetto,Geezy Boyz The Album,92332361,39077,0l4i0Un5UQS3gFjmRC4pQQ
4obzFoKoKRHIphyHzJ35G3,Becky G,ENCUENTROS,92302071,122563,6Q2RSXigUcxzMKHzVYiyHw
1Cs0zKBU1kc0i8ypK3B9ai,David Guetta,One Love (Club Version),92295619,25507,2CuI0AW9srCLZLMStZMift
0k17h0D3J5VfsdmQ1iZtE9,Pink Floyd,Delicate Sound of Thunder (Live),92218233,26813,4Iy1JP7YE0d256eCwn3VJA
43ZHCT0cAZBISjO8DG9PnE,Elvis Presley,How Great Thou Art,92209687,46619,7N1t7WzloZyMj95jk6CSCt
540vIaP2JwjQb9dm3aArA4,DJ Snake,Shang-Chi and The Legend of The Ten Rings: The Album,92206234,22979,2kAqjStKcwlDD59H0llhGC
3KV3p5EY4AvKxOlhGHORLg,Jeremih,Late Nights: Europe,91881754,5289,7fA1iHkq1YpylDaZewt65w
73sIBHcqh3Z3NyqHKZ7FOL,Childish Gambino,Atavista,91738196,80051,692R05mxz7V6eOFoj5PMlQ
1GxkXlMwML1oSg5eLPiAz3,Michael Bublé,Save the Last Dance for Me EP,91727848,47942,1Ytcv0Z8lcWucefqljdY2K
7MiDcPa6UiV3In7lIM71IN,Gusttavo Lima,Ao Vivo em São Paulo,91071842,26531,4W9hStkV2XU2CZLdMeDG0T
7MiDcPa6UiV3In7lIM71IN,Gusttavo Lima,Ao Vivo em São Paulo,91071842,26531,2JfE4wIs7NMeTvM39pDQZO
51Blml2LZPmy7TTiAg47vQ,U2,Boy (Remastered),90989065,28028,2co53OwPjlTvPDQTpErBtU
1wRPtKGflJrBx9BmLsSwlU,Pritam,Dil Toh Baccha Hai Ji,90951964,172508,4YPnhvF8PfaQrO3Jl8Tm0q
1Mxqyy3pSjf8kZZL4QVxS0,Frank Sinatra,In The Wee Small Hours,90907945,27398,3GmwKB1tgPZgXeRJZSm9WX
137W8MRPWKqSmrBGDBFSop,Wiz Khalifa,"Laugh Now, Fly Later",90903673,5368,7gGdhlPptWrRYPXZw3j8dS
6nVcHLIgY5pE2YCl8ubca1,JHAYCO,Eyez On Me,90852973,20994,7m51d0tuYAbLmA5R1yV6nY
1URnnhqYAYcrqrcwql10ft,21 Savage,Spiral: From The Book of Saw Soundtrack,90759160,20159,5gTisM7GUr1idB1UL3Yva6
6eUKZXaKkcviH0Ku9w2n3V,Ed Sheeran,Don't,90702434,8431,2oVtDZf7Xk3gLY7qN78asX
1TtXnWcUs0FCkaZDPGYHdf,Darell,Darell 2024,90489403,69557,0Af4itz2VhMleEUXB2sf6G
58lV9VcRSjABbAbfWS6skp,Bon Jovi,Lost Highway,90389882,26721,3Dxca4qkrQuwU4Fcix3l1a
58lV9VcRSjABbAbfWS6skp,Bon Jovi,Lost Highway,90389882,26721,3gdEGvhFJCxZTUe6N0SVc1
51Blml2LZPmy7TTiAg47vQ,U2,Pop,90188150,26830,5mojJwWgWNJcY3odUGgQc3
6S2OmqARrzebs0tKUEyXyp,Demi Lovato,REVAMPED,89959375,55596,14d0QzazggZIpjO2dtkRWo
7n2Ycct7Beij7Dj7meI4X0,TWICE,Breakthrough,89894076,18672,7LWfEiSeue9BXPbUOH34q6
7n2Ycct7Beij7Dj7meI4X0,TWICE,Breakthrough,89894076,18672,7dU0vceNngXWT2XZUU4y9W
51Blml2LZPmy7TTiAg47vQ,U2,Boy,89892507,27735,7ddxzwtg0QQj9kXYK29rpG
1mYsTxnqsietFxj1OgoGbG,A.R. Rahman,Bombay (Original Motion Picture Soundtrack),89087756,82595,4ejbQMeAknwJAl346hKxMN
0fA0VVWsXO9YnASrzqfmYu,Kid Cudi,Speedin' Bullet 2 Heaven,88941042,12949,6e8pwYKSF9iZjpPep1DVzx
4zCH9qm4R2DADamUHMCa6O,Anirudh Ravichander,Agnyaathavaasi,88779500,85895,6RsL60SSZTVwigjfyY8mD2
7CajNmpbOovFoOoasH2HaY,Calvin Harris,Acceptable In The 80s,88689903,31360,1XpU9Its7fYWw0DsAlVCtt
7CajNmpbOovFoOoasH2HaY,Calvin Harris,Acceptable In The 80s,88689903,31360,3pPwssIXWoFz7r5Wjusbme
1yR65psqiazQpeM79CcGh8,Marília Mendonça,"Decretos Reais, Vol. 3",88468142,30162,1ZIOn3boIPlcctKdVNNHRm
1wRPtKGflJrBx9BmLsSwlU,Pritam,Tadap,88467270,41429,0DJZIbdTIjBW9yApAdp40R
7hJcb9fa4alzcOq3EaNPoG,Snoop Dogg,Ego Trippin',88262577,31858,0m85AvihFOnoaN3hpRsRBy
7hJcb9fa4alzcOq3EaNPoG,Snoop Dogg,Ego Trippin',88262577,31858,5EtVXHkqYV1ebAoYNDFmmY
2QsynagSdAqZj3U9HgDzjD,Bob Marley & The Wailers,Live At The Roxy - The Complete Concert,88047684,12734,4N3FRWAVeD4mWSgIpitOVw
6l3HvQ5sa6mXTsMTB19rO5,J. Cole,Friday Night Lights,87733354,167327,4ghGEhWzY5ffry2IqgrnRg
6Xgp2XMz1fhVYe7i6yNAax,Trippie Redd,genre : sadboy,87588552,74406,1WkykSHhndyQJcYNwL7zxY
3hcs9uc56yIGFCSy9leWe7,Lil Durk,Family Over Everything,87542696,19011,4T7cvmdhs8ehPlhghwStjM
14zUHaJZo1mnYtn6IBRaRP,Justin Quiles,Imperio Nazza: Justin Quiles Edition,87365941,62948,2EvjAC9MHVgWBnpdXYuLN5
3Isy6kedDrgPYoTS1dazA9,Sean Paul,Imperial Blaze,87308894,36137,0TaTIqRKuaTrWhCw8hEi8X
0GM7qgcRCORpGnfcN2tCiB,Tainy,Club Dieciséis,86736387,66083,4cvaXlyY8HozBQXr6VzsEU
3WrFJ7ztbogyGnTHbHJFl2,The Beatles,Anthology 1,86608843,30770,1pBBIxK5yURfbv8Xd5lta1
4zCH9qm4R2DADamUHMCa6O,Anirudh Ravichander,Rajini The Jailer (Original Motion Picture Soundtrack),86174057,44930,10VAd1X8DZD0G1bEBvQq4i
2hlmm7s2ICUX0LVIhVFlZQ,Gunna,Drip Season 2,86166121,28109,3vObc2h4jNdpjUoA1XlxCQ
3IYUhFvPQItj6xySrBmZkd,Creedence Clearwater Revival,The Concert,86142028,15956,61MgZIlIkgU1Fb4P9MUV2g
6tbjWDEIzxoDsBA1FuhfPW,Madonna,Erotica (PA Version),86096479,42469,1a2NoE9makqEWb1uUogxFQ
7iK8PXO48WeuP03g8YR51W,Myke Towers,LYKE MIIKE,86060117,433068,0G1YnsWxzQoJ2B1QtZLj1e
5LHRHt1k9lMyONurDHEdrp,Tyga,Hit Me When U Leave The Klub: The Playlist,85830669,42404,46ewpqal8NF1SSkarlK7FZ
0oSGxfWSnnOXhD2fKuz2Gy,David Bowie,The Next Day,85787506,10405,2BW7T8PojNxH9RPq4WWa6h
3hcs9uc56yIGFCSy9leWe7,Lil Durk,Remember My Name (Deluxe),85711704,7606,3quLLvWeivpGuxi3WiGgzg
1Mxqyy3pSjf8kZZL4QVxS0,Frank Sinatra,"Trilogy: Past, Present & Future",85470482,45440,4Cv61B08yHx3fwkylkhCxe
6tbjWDEIzxoDsBA1FuhfPW,Madonna,Erotica,85391046,42231,2QjCLLlSs1k7YVEWZ0moCV
3xvaSlT4xsyk6lY1ESOspO,Disney,Disney Peaceful Piano: Calm,85378188,52019,6NrUAostaKMBvKjI9Oc7jj
7qG3b048QCHVRO5Pv1T5lw,Enrique Iglesias,Vivir,85270184,59954,3jSHDDkwNvjOeui59fI6PQ
4Z8W4fKeB5YxbusRsdQVPb,Radiohead,In Rainbows (Disk 2),85197954,82600,6zTAW5oRuOmxJuUHhcQope
22bE4uQ6baNwSHPVcDxLCe,The Rolling Stones,Playing With Fire,85127558,26553,4fIJ4HHSo0JSJVaugBHxp6
1mYsTxnqsietFxj1OgoGbG,A.R. Rahman,Cobra (Original Motion Picture Soundtrack),85057417,31360,5QlbnAP1xU0GMwpjchHLA3
0A0FS04o6zMoto8OKPsDwY,YG,Just Re'd up 2,84659547,67241,6LYs6vCaIZd3kemw1JDGti
0LcJLqbBmaGUft1e9Mm8HV,ABBA,Gracias Por La Musica (Deluxe Edition),84417980,48318,1ZVourNSOich8buZk5ILdZ
7n2Ycct7Beij7Dj7meI4X0,TWICE,#TWICE,84272489,14142,3RU5xvGbTAXCWoUSqGf7dk
06HL4z0CvFAxyc27GXpf02,Taylor Swift,The Taylor Swift Holiday Collection,84209984,9559,7vzYp7FrKnTRoktBYsx9SF
43ZHCT0cAZBISjO8DG9PnE,Elvis Presley,Elvis Is Back,84118325,39084,2SBAAtgdyjgfTO1UMHnza1
5INjqkS1o8h1imAzPqGZBb,Tame Impala,Neverender (Remixes),84058820,309652,166m4twTzvOpUzPD2SUbwL
1sBkRIssrMs1AbVkOJbc7a,Rick Ross,Richer Than I Ever Been (Deluxe),83530635,27181,1gYOL0RfVpMgd2J0v69UoR
1sBkRIssrMs1AbVkOJbc7a,Rick Ross,Richer Than I Ever Been (Deluxe),83530635,27181,5e01XtoCQVZ7gAEsZiv0xH
4zCH9qm4R2DADamUHMCa6O,Anirudh Ravichander,Maan Karate Special (Original Motion Picture Soundtrack),83526290,90881,7L1P4t0HRWWE3J5pJdlpg3
2wY79sveU1sp5g7SokKOiI,Sam Smith,Dear Evan Hansen (Original Motion Picture Soundtrack),83339263,20159,0yURloAyqmXCjQ1rmX0ltA
3WrFJ7ztbogyGnTHbHJFl2,The Beatles,Live At The Hollywood Bowl,83184491,6740,0n9SWDBEftKwq09B01Pwzw
4AK6F7OLvEQ5QYCBNiQWHq,One Direction,Remixes - EP,83047877,5775,2rRZQhPP68jHhLF9V7yiJJ
1mYsTxnqsietFxj1OgoGbG,A.R. Rahman,Rani Se Mardaani,82913290,86276,2JA2oTYjsDwDjQuvBleX9F
3e7awlrlDSwF3iM0WBjGMp,Little Mix,Bounce Back - EP,82578944,8275,2zYYg4A2Lt1IQyWwgECuIt
3hcs9uc56yIGFCSy9leWe7,Lil Durk,Remember My Name,82186361,7319,3HJOnj3kyhRVT6hdd9eWYW
6FBDaR13swtiWwGhX1WQsP,blink-182,Dogs Eating Dogs,82159242,34422,3Jpdv1X5cweLrcebtM1tar
55Aa2cqylxrFIXC767Z865,Lil Wayne,Tha Fix Before Tha VI (Bonus),82143114,36172,5M07HCuwYANod8eLdDvMwy
1Xyo4u8uXC1ZmMpatF05PJ,The Weeknd,Avatar: The Way of Water (Original Motion Picture Soundtrack),81991463,17281,4M2Mf4pmARKGVT9MLCe3HA
1Mxqyy3pSjf8kZZL4QVxS0,Frank Sinatra,Sinatra Sings His Greatest Hits,81707840,7763,57vPH8jXw3PF0zD6zeaNOD
0fA0VVWsXO9YnASrzqfmYu,Kid Cudi,KiD CuDi presents SATELLITE FLIGHT: The journey to Mother Moon,81635759,11189,4u9kEyafQ7sW0Z1gpJrDxp
25uiPmTg16RbhZWAqwLBy5,Charli xcx,True Romance (Deluxe),81397098,43216,63az8CIMtCPKUSJxoaIiMk
20JZFwl6HVl6yg8a4H3ZqK,Panic! At The Disco,Live in Chicago,81353693,9643,2zuVGxuEzVhhRHNS2ZeRja
2QsynagSdAqZj3U9HgDzjD,Bob Marley & The Wailers,"Live Forever: The Stanley Theatre, Pittsburgh, PA, 9/23/1980",81211246,4988,52NaVc6LFCFKWofNwDnpMN
1z7b1Pr1rSlvWRzsW3HOrS,Russ,NASTY (All Versions),81005759,44070,1v4xrIauXyLaxgiR3mSzrA
7hJcb9fa4alzcOq3EaNPoG,Snoop Dogg,Neva Left,80820208,12559,4HGpekiabmZyat5xw23uZB
0k17h0D3J5VfsdmQ1iZtE9,Pink Floyd,"The Early Years, 1967-1972, Cre/ation",80784154,15148,7tH16DtKOmdIyN7TV9SvhG
3nFkdlSjzX9mRTtwJOzDYB,JAY-Z,"In My Lifetime, Vol.1",80647421,30803,2nJapeqTbOhnhHUhh5tzpB
6eUKZXaKkcviH0Ku9w2n3V,Ed Sheeran,Live at the Bedford,80547971,4027,4JUtnlZKdLr01xEIymhm0G
13y7CgLHjMVRMDqxdx0Xdo,Gucci Mane,El Gato: The Human Glacier,80533903,4165,1u5gq15cYorEthAD0IDDOB
7oPftvlwr6VrsViSDV7fJY,Green Day,Kerplunk!,80511513,39084,1UShup0VvfxhxS7j3Omxh2
0ys2OFYzWYB5hRDLCsBqxt,Fuerza Regida,Las Romanticas Favoritas de Fuerza Regida,80003448,26086,0ffWcvGsLQbPnA4aLJLdFj
1mYsTxnqsietFxj1OgoGbG,A.R. Rahman,Bigil (Original Motion Picture Soundtrack),79884801,46637,2G7JyChJHrZYCBb0jL2N5t
17lzZA2AlOHwCwFALHttmp,2 Chainz,Trap-a-Velli Tre,79679644,7031,2GTwqr7UCcX0fzYjTHqgCE
6tbjWDEIzxoDsBA1FuhfPW,Madonna,Evita: The Complete Motion Picture Music Soundtrack,79537178,26539,7FEyjOwZ7Hjvtb92GjM286
13y7CgLHjMVRMDqxdx0Xdo,Gucci Mane,Big Gucci Sosa,79256576,38999,3cUSTUjKlkv9zi9mkfIWNY
17lzZA2AlOHwCwFALHttmp,2 Chainz,TrapAvelli Tre,79115398,7102,0HiyOnSs0O9vptexgk9Bh4
4zCH9qm4R2DADamUHMCa6O,Anirudh Ravichander,Maan Karate (Original Motion Picture Soundtrack),78994023,87594,4w2Ou2Z54QskBuOcQfNxOV
1bAftSH8umNcGZ0uyV7LMg,Duki,24,78683764,41764,4QefABr1DLTsrqSmuu2Bf8
1bAftSH8umNcGZ0uyV7LMg,Duki,24,78683764,41764,6TqKil4Puy3gsnhbd8U9Ok
711MCceyCBcFnzjGY4Q7Un,AC/DC,'74 Jailbreak,78539735,35213,7kkopGL8qBX9KNQu88tH2y
0ys2OFYzWYB5hRDLCsBqxt,Fuerza Regida,Pisteando Con La Regida (Vol. 3),78481191,70899,43VJC0wCb2qkm1KrIdRYqc
3JhNCzhSMTxs9WLGJJxWOY,Macklemore,The Language of My World,78197358,9487,2P2atUi0aJN6ToT1zsgVQR
738wLrAtLtCtFOLvQBXOXp,Major Lazer,Apocalypse Soon,78172954,5942,7eE3BMKfEADMBwOW1qonn0
738wLrAtLtCtFOLvQBXOXp,Major Lazer,Apocalypse Soon,78172954,5942,12ovFeHow0eBy9ehsanSTI
22bE4uQ6baNwSHPVcDxLCe,The Rolling Stones,12 X 5,77941028,19146,2Hnje5QVKaPVNuGJ5yHC7Z
25uiPmTg16RbhZWAqwLBy5,Charli xcx,True Romance,77749514,40212,4NUyHY8HwmpjGDdYGpiBtu
360IAlyVv4PCEVjgyMZrxK,Miguel,Sweet Dreams (zzZ Remixes),77570638,1286463,0Xrer7BRN2vxSqEbdreehr
3WrFJ7ztbogyGnTHbHJFl2,The Beatles,Anthology 2,77483996,29247,3Lf8VA23cMAl5imbABTZoo
02kJSzxNuaWGqwubyUba0Z,G-Eazy,Everything's Strange Here,77464441,8767,555CY37YtgVd2d102DxQqM
13y7CgLHjMVRMDqxdx0Xdo,Gucci Mane,Ice Daddy,77360095,25343,0N2uU96Vsuy7KJZY6T8plb
4r63FhuTkUYltbVAg5TQnk,DaBaby,Back On My Baby Jesus Sh!t,77135370,13777,7AxqNUoDXf4fce7XM1lgDf
20JZFwl6HVl6yg8a4H3ZqK,Panic! At The Disco,All My Friends We're Glorious: Death of a Bachelor Tour Live,77106334,7595,2VnKzCESTePshnbUALlDt2
12GqGscKJx3aE4t07u7eVZ,Peso Pluma,Ah Y Que?,76959892,19375,6CH5CWXWN2X09u7iNuMGN0
5fMUXHkw8R8eOP2RNVYEZX,Diplo,Europa,76929578,5746,55kaoHCsS35N1N1P52IvAr
1mYsTxnqsietFxj1OgoGbG,A.R. Rahman,Ponniyin Selvan Part - 2 (Original Motion Picture Soundtrack),76915811,31580,49suOMXRb3AJIseI97Qu1J
60d24wfXkVzDSfLS6hyCjZ,Martin Garrix,Break Through The Silence EP,76862008,5706,5LntuNK1jvjyn9or76TNQ9
7jy3rLJdDQY21OgRLCZ9sD,Foo Fighters,Saint Cecilia EP,76697719,11657,6wGcuJq8QjSeoYMJWgW7Wo
1mYsTxnqsietFxj1OgoGbG,A.R. Rahman,I - Manoharudu (Original Motion Picture Soundtrack),76680801,87333,0PqDwbg5QiH6S0uZTPWJR8
1mYsTxnqsietFxj1OgoGbG,A.R. Rahman,Yemaaya Chesave (Original Motion Picture Soundtrack),76631412,72606,7n61GzJSBuZGrm8U1V9TLd
22bE4uQ6baNwSHPVcDxLCe,The Rolling Stones,The Rolling Stones No. 2,76300428,14440,0MDhZ0yRkugNEg7PmMMUE8
7n2Ycct7Beij7Dj7meI4X0,TWICE,Kura Kura,75724144,15367,5FMslDParbcWQ7o5FQqCWf
7n2Ycct7Beij7Dj7meI4X0,TWICE,Kura Kura,75724144,15367,1O0im7AhkMRTT37tzHmEXX
58lV9VcRSjABbAbfWS6skp,Bon Jovi,The Circle,75688684,20082,1MHQ9rzCilqmHfpWIAaPLi
1sBkRIssrMs1AbVkOJbc7a,Rick Ross,Richer Than I Ever Been,75649470,24015,5cZ23u1lWxszHiUokH6LnJ
6DPYiyq5kWVQS4RGwxzPC7,Dr. Dre,Compton,75473175,38951,6ZnMFVV5HDv2xmHG7bn7et
1RyvyyTE3xzB2ZywiAwp0i,Future,SUPERFLY (Original Motion Picture Soundtrack),75380619,14725,0C0Vs4XobImmqpr6kIasde
1z7b1Pr1rSlvWRzsW3HOrS,Russ,SANTIAGO,75295912,53342,3mX0HbDt7oIzBBJHgQYnDY
1mYsTxnqsietFxj1OgoGbG,A.R. Rahman,Sakkarakatti (Original Motion Picture Soundtrack),74871940,95251,60WDIMQNU3toN91FiRkF8Z
22bE4uQ6baNwSHPVcDxLCe,The Rolling Stones,It's Only Rock 'N' Roll (2009 Re-Mastered),74771381,26428,4jCpSNa8dV40aMrHOshRdv
1GxkXlMwML1oSg5eLPiAz3,Michael Bublé,Michael Bublé Meets Madison Square Garden,74728185,5002,52I28CFjJlE3locLAcHDJt
1VPmR4DJC1PlOtd0IADAO0,$uicideboy$,Black $uicide,74660399,68207,3ZGK4y6cOXAsWYO9bYAYDm
3mIj9lX2MWuHmhNCA7LSCW,The 1975,"DH00278 (Live from The O2, London. 16.12.16)",74591411,10428,1s8VYzyi1ZNRgjke4AUwy0
3xvaSlT4xsyk6lY1ESOspO,Disney,Disney Instrumentals: The Little Mermaid,74555998,42032,0kJyH0TWModkc5EB0eZeTm
1sBkRIssrMs1AbVkOJbc7a,Rick Ross,Hood Billionaire (Deluxe),74514008,15446,5fwdtSABKLaSOMT3UhpWa7
0oSGxfWSnnOXhD2fKuz2Gy,David Bowie,No Plan E.P.,74485974,14331,6MsV7JnomM5CUQG1TDMxwh
0c173mlxpT3dSFRgMO8XPh,Big Sean,Better Me Than You,74483326,62888,4Re8JSuo0lUxYCMjDnafvd
3fMbdgg4jU18AjLCKBhRSm,Michael Jackson,Immortal,74138260,20087,7xgzD7onYd1Pms93ZOtxxX
3fMbdgg4jU18AjLCKBhRSm,Michael Jackson,Immortal,74138260,20087,5ReKddpdZKgpVlecQhLnEH
5WUlDfRSoLAfcVSX1WnrxN,Sia,"It's Christmas, Baby (The Snowman Remixes EP)",73708497,18952,5InDNvtWWOUeH5khdHBFnb
1sBkRIssrMs1AbVkOJbc7a,Rick Ross,Hood Billionaire,73647322,15317,2wrNBkvVJykqMcq9WYCO38
1HY2Jd0NmPuamShAr6KMms,Lady Gaga,Harlequin,73608130,89130,6eKdAMXNBlXNtPy7OdBL50
0eHQ9o50hj6ZDNBt6Ys1sD,Yandel,Quien Contra Mi,73565189,46840,1xWGBUugmlHCwXH6AtpQCE
20sxb77xiYeusSH8cVdatc,Meek Mill,Too Good To Be True,73400204,44984,1jhGoiKDR41Qa2mzlveJFX
7hJcb9fa4alzcOq3EaNPoG,Snoop Dogg,The Snoop Story,73126247,31189,7q659RJq4LXjzlZxwByzLk
0oSGxfWSnnOXhD2fKuz2Gy,David Bowie,A Reality Tour (Live),73094883,12665,6ftJKeuvClf1axwHiVw0KA
1Mxqyy3pSjf8kZZL4QVxS0,Frank Sinatra,Songs For Young Lovers,72921851,36565,19sNgSx2E2F6IhlYsmRcur
5y2Xq6xcjJb2jVM54GHK3t,John Legend,Wake Up!,72737218,6030,06UOP7uyZN8AIYH6U20VkP
1sBkRIssrMs1AbVkOJbc7a,Rick Ross,Deeper Than Rap,72155517,23620,1V7LkBaQoxo0wbd0iKkn5a
7wlFDEWiM5OoIAt8RSli8b,YoungBoy Never Broke Again,I Rest My Case,71937815,26246,3qQj92jS1nXAXBubXFooJU
2RQXRUsr4IW1f3mKyKsy4B,Noah Kahan,Live From Fenway Park,71865918,129770,6o5iGTU8HzbS6LFGI8LPa6
23zg3TcAtWQy7J6upgbUnj,USHER,"""A""",71666090,12148,7JZi4kTfYCJcqOzVbKAYh5
3AA28KZvwAUcZuOKwyblJQ,Gorillaz,Song Machine Episode 1,71495778,19661,4ylpUUmMEz2FRtsWzuIbrS
699OTQXzgjhIYAHMy9RyPD,Playboi Carti,In Abundance,71455464,42479,5oMLrgmPNs35zhR38X6ET4
0A0FS04o6zMoto8OKPsDwY,YG,Kommunity Service,71233994,18343,79kXQIGEmAb2QlundO0hRi
2R21vXR83lH98kGeO99Y66,Anuel AA,PRIMERA MUSA,71216023,207168,3C5uwdRE5QRoXSGPPxpDd4
1Cs0zKBU1kc0i8ypK3B9ai,David Guetta,Guetta Blaster,70926997,28154,2YKWh8IkQkekPgg5RIEtOn
1Mxqyy3pSjf8kZZL4QVxS0,Frank Sinatra,Sinatra Sings Alan & Marilyn Bergman,70273348,21328,5CUT8cFNmHeCBzrX8eMdiE
4zCH9qm4R2DADamUHMCa6O,Anirudh Ravichander,Devara Part 1 [TAMIL],70166733,345597,4YyJjHjLpXl77ntbTaR3Gy
0du5cEVh5yTK9QJze8zA0C,Bruno Mars,Treasure Remix EP,70053987,13954,7yBnuW3SpMKy3EB9iU0C7p
5XJDexmWFLWOkjOEjOVX3e,Eladio Carrion,DON KBRN,69948091,6807357,77WXheyyYBkqqz6Q19l37a
51Blml2LZPmy7TTiAg47vQ,U2,Songs Of Surrender,69865337,28984,3fqPfbVHsvdpovpJXOJlvU
15UsOTVnJzReFVN1VCnxy4,XXXTENTACION,ItWasntEnough,69760994,54122,6WJROqk9sHdhBaaQcpOGk7
7hJcb9fa4alzcOq3EaNPoG,Snoop Dogg,Missionary (with Instrumentals),69723692,145556,4Xbcm6g5Z8Sl7VZvGlzG5R
45dkTj5sMRSjrmBSBeiHym,Tate McRae,greedy (remixes),69666515,100843,0dIpV8isK5mSDnSm8odPWW
43ZHCT0cAZBISjO8DG9PnE,Elvis Presley,Elvis,69594015,61293,4BxOdLUpWYFL0mfdYiukyQ
3mIj9lX2MWuHmhNCA7LSCW,The 1975,Sex,69122528,14459,4AGzYnRkjNmzjS58Qkufj9
7wlFDEWiM5OoIAt8RSli8b,YoungBoy Never Broke Again,Lost Files,68998323,58221,3tf9jLIuMfETUzcRtigJqm
7wlFDEWiM5OoIAt8RSli8b,YoungBoy Never Broke Again,Lost Files,68998323,58221,5SLvT5S6ZthRj2sOqD649Q
31W5EY0aAly4Qieq6OFu6I,A Boogie Wit da Hoodie,B4 BOA,68934845,37603,5QDOKezJwT63L54s17jMgw
7hJcb9fa4alzcOq3EaNPoG,Snoop Dogg,Missionary,68925713,142965,65naY9lNYSZh6h1mOeqsGN
7n2Ycct7Beij7Dj7meI4X0,TWICE,Hare Hare,68784315,34172,0ymqvaOiilJa797C3Y2mZh
7n2Ycct7Beij7Dj7meI4X0,TWICE,Hare Hare,68784315,34172,7hF6oiU4zaIQIGjLhje1eG
1mYsTxnqsietFxj1OgoGbG,A.R. Rahman,Chekka Chivantha Vaanam (Original Motion Picture Soundtrack),68738070,61336,6UCpyUkUVuNbWYUSefQVLc
1yxSLGMDHlW21z4YXirZDS,Black Eyed Peas,MASTERS OF THE SUN VOL. 1,68690753,5439,7er6jjv5446zSiCIo6E9Pr
2LIk90788K0zvyj2JJVwkJ,Jack Harlow,Gazebo,68531429,10998,0txbd4bmIM8Hq94jBrS0lc
2nszmSgqreHSdJA3zWPyrW,Luis Miguel,1 + 1 = 2 Enamorados,68504887,24501,6nTKGrjZSwfUQdQqAaA4aK
1Mxqyy3pSjf8kZZL4QVxS0,Frank Sinatra,The Columbia Years (1943-1952): The Complete Recordings: Volume 3,68358273,5901,5BoSBPiaIMAPs87jvtAvFi
1bfl0AU8SqmLkElptOprhC,Jul,"Mis Ídolos, Hoy Mis Amigos!!!",68149288,22888,4DQQ3pKX45A1Twok8WL0hc
1TtXnWcUs0FCkaZDPGYHdf,Darell,LVV the Real Rondon,68138110,10325,790bSD1HVSOob9fVklUzQR
1Cs0zKBU1kc0i8ypK3B9ai,David Guetta,New Rave,68068438,20164,0fKU8zzmBjXNAJp5Uo2dml
1wRPtKGflJrBx9BmLsSwlU,Pritam,Khatta Meetha,68043555,86718,0rA5WWDEVXDEizsgwS2hR4
738wLrAtLtCtFOLvQBXOXp,Major Lazer,Peace Is The Mission (Remixes),68002481,4190,5ylhZzoZ6JXhCifhn8sbY6
738wLrAtLtCtFOLvQBXOXp,Major Lazer,Peace Is The Mission (Remixes),68002481,4190,3unV18UW1IJjWYB41657zj
46SHBwWsqBkxI7EeeBEQG7,Kodak Black,Heart of the Projects,67974845,23978,6KFW9lDRKODehZOBESXp3s
0ys2OFYzWYB5hRDLCsBqxt,Fuerza Regida,Adicto,67885277,18535,2NUfhyZ1jMj2YUAFo753c4
4YRxDV8wJFPHPTeXepOstw,Arijit Singh,YRF Top 10 - Midnight Hour,67719989,53338,2mgAQPRBawMyJ1N6jGWWPF
6vWDO969PvNqNYHIOW5v0m,Beyoncé,Irreemplazable,67694518,19140,65cLvkMH2aimFqrC8n8Fm2
2IMZYfNi21MGqxopj9fWx8,Rels B,Nueva Generación,67565720,19577,5v8zOiuKZzArTSSBAHLivh
50co4Is1HCEo8bhOyUWKpn,Young Thug,MigoThuggin,67471867,22021,4Rj8KShBw1IrBW3A7wsEmi
3WrFJ7ztbogyGnTHbHJFl2,The Beatles,Anthology 3,67437875,17992,4l0xO28Y37MBBXQEcBIbXQ
46SHBwWsqBkxI7EeeBEQG7,Kodak Black,When I Was Dead,67371838,57266,65SsQtOf5Cd25fanX62XRR
1wRPtKGflJrBx9BmLsSwlU,Pritam,Dishoom,67225881,153444,6DtMXD2zJumu3R2e54OVKT
6wWVKhxIU2cEi0K81v7HvP,Rammstein,XXI - Klavier,67185312,12593,6rK4qSVdrNCNnQwRCEFsw9
1VPmR4DJC1PlOtd0IADAO0,$uicideboy$,G.R.E.Y.G.O.D.S.,67172122,32007,2MNt1A6zTasukEQpd8QCoc
0C0XlULifJtAgn6ZNCW2eu,The Killers,Pressure Machine (Deluxe),67140016,22268,01Go8OwdhESlkxPwrx6515
7hJcb9fa4alzcOq3EaNPoG,Snoop Dogg,COOLAID,67101944,4579,5PcQCqnfkK1IY9lrfE8sMQ
3aQeKQSyrW4qWr35idm0cy,T-Pain,1UP,67076322,11529,0S4fSauHEZcUAtKI8ss0Hb
711MCceyCBcFnzjGY4Q7Un,AC/DC,Fly On the Wall,66981882,18356,6pP2WiqCk6syfTgh19XBlW
711MCceyCBcFnzjGY4Q7Un,AC/DC,Fly On the Wall,66981882,18356,0rOXa1wPbBrCNl6knMyDBW
711MCceyCBcFnzjGY4Q7Un,AC/DC,Fly On the Wall,66981882,18356,5mRZOJJ9SKdbHgl4zbFsWb
3DiDSECUqqY1AuBP8qtaIa,Alicia Keys,KEYS,66972235,8851,76vpmS3ZCGm4hN8QtbnedX
6oMuImdp5ZcFhWP0ESe6mG,Migos,Rich Ni**a Timeline,66934869,6482,0ty5iwaiepWlGq8g0DKtEy
3nFkdlSjzX9mRTtwJOzDYB,JAY-Z,Kingdom Come,66760158,20755,3A29Ss77LjRZ3sKuauWieY
3nFkdlSjzX9mRTtwJOzDYB,JAY-Z,Kingdom Come,66760158,20755,34leStU1anAKH5RsU607zz
64M6ah0SkkRsnPGtGiRAbb,Bebe Rexha,I Can't Stop Drinking About You Remix EP,66704737,2984,5AI90HAchDmkZ7A1pDOXlX
2kCcBybjl3SAtIcwdWpUe3,Lil Peep,DIAMONDS,66491752,45257,3kzwY2NyciGzUmvPOHciap
2kCcBybjl3SAtIcwdWpUe3,Lil Peep,DIAMONDS,66491752,45257,3P5KroUlTCQ6ZGViQpCixc
2kCcBybjl3SAtIcwdWpUe3,Lil Peep,DIAMONDS,66491752,45257,71rA2VNI1JN0bs18ze0aAo
1Mxqyy3pSjf8kZZL4QVxS0,Frank Sinatra,Come Swing With Me! (Remastered),66321710,30692,4iKRtw8U5nIwGP1A5TBevR
6vXTefBL93Dj5IqAWq6OTv,French Montana,Wave Gods,66244808,4459,0bCIuQDZY1l69I7uliTR7Y
2uYWxilOVlUdk4oV9DvwqK,Mitski,Mitski on Audiotree Live,66183596,80724,5lbEsVQlcvV5tT8KBllPdh
7n2Ycct7Beij7Dj7meI4X0,TWICE,#TWICE2,66124177,12861,2QmO12UqPp1BQN4kSGtcAx
7vk5e3vY1uw9plTHJAMwjN,Alan Walker,Sorry (feat. ISÁK),66020459,20382,46bbdjreWFFqBYTKCqh7RX
7oPftvlwr6VrsViSDV7fJY,Green Day,Bullet in a Bible,65872696,20422,2lybymL3xuzBGH9vsUnhai
1dfeR4HaWDbWqFHLkxsg1d,Queen,At The BBC,65732224,5315,4Vqx3bD3CeW0LqQMiTz8lQ
1VPmR4DJC1PlOtd0IADAO0,$uicideboy$,YIN YANG TAPES: Summer Season (1989-1990),65731845,51897,6hRJl2spj8CQ7PRLdyNc3f
20sxb77xiYeusSH8cVdatc,Meek Mill,Unreleased Killadelphia Muzik,65445230,7524,3CjBOwf3HzW7fWxUGCU8NQ
77ziqFxp5gaInVrF2lj4ht,Sech,Ya Casi Vienen,65385002,8956,1yENOcHrdeylQ4Mjy1DQJX
3PhoLpVuITZKcymswpck5b,Elton John,Songs From The West Coast (Expanded Edition),65331228,21042,1hBowxbDuRdbm5NouddGgq
1mYsTxnqsietFxj1OgoGbG,A.R. Rahman,Kadhalar Dhinam (Original Motion Picture Soundtrack),65316712,52097,7EoJ8ut8al74vpj1xn8aQm
0k17h0D3J5VfsdmQ1iZtE9,Pink Floyd,Atom Heart Mother,65309717,25310,2cUpAOlQjV5uSjkWj5bEQY
58lV9VcRSjABbAbfWS6skp,Bon Jovi,What About Now,65298790,10092,0ygrVw5SYpWGQXD84CNdMW
4VMYDCV2IEDYJArk749S6m,Daddy Yankee,Los Homerun-es,65135026,31663,20DPRLGTkmOvCv9k5wMoIS
7n2Ycct7Beij7Dj7meI4X0,TWICE,BETTER,65121245,12557,4CIhgtHyTy4FPY5XzILrfV
7n2Ycct7Beij7Dj7meI4X0,TWICE,BETTER,65121245,12557,2xOUnTpb8hfcyPRrZOIVus
5LHRHt1k9lMyONurDHEdrp,Tyga,The Gold Album: 18th Dynasty,65120450,4669,5C6Le181K769lhC5GRZrE5
1Mxqyy3pSjf8kZZL4QVxS0,Frank Sinatra,September Of My Years (Expanded Edition),65096661,11765,3DdN3GRJj8YS0V0fiyXtbt
1wRPtKGflJrBx9BmLsSwlU,Pritam,Yaariyan,64980021,65617,59RFGu1upndkHRqpJWHvos
7oPftvlwr6VrsViSDV7fJY,Green Day,"1,039 / Smoothed out Slappy Hours",64972526,29377,5xlutZ0sYfJQjVIBOkkeW8
1dKdetem2xEmjgvyymzytS,Grupo Firme,"Pasado, Presente, Futuro",64668611,7588,2fbdEQIS3jwSox7fjRw3w0
58lV9VcRSjABbAbfWS6skp,Bon Jovi,What About Now (Deluxe Version),64457656,10007,7A7tfMDctYnuSOnC9Xn0y0
1Mxqyy3pSjf8kZZL4QVxS0,Frank Sinatra,Nice 'n' Easy (2020 Mix / Expanded Edition),64257323,22022,5myvnvNMM6RaI2as8s0KpW
20sxb77xiYeusSH8cVdatc,Meek Mill,Dreamchasers 2,64229605,15786,0kpslw9IHk7EsK40BGUbX9
6tbjWDEIzxoDsBA1FuhfPW,Madonna,MDNA (Nightlife Edition),64228923,13917,3nwQzeLgNRV02vRJ2HFQbD
0EmeFodog0BfCgMzAIvKQp,Shakira,Shakira In Concert: El Dorado World Tour,64189831,29096,5EdGgMlsJ7bv8IUqkaaPZN
1wRPtKGflJrBx9BmLsSwlU,Pritam,Raajneeti (Original Motion Picture Soundtrack),64182134,74795,1XYXVtCbeTvyrE5pH4BoOg
7vk5e3vY1uw9plTHJAMwjN,Alan Walker,Who I Am EP,64046793,63569,05guMxiVDrstbWwn5STN9M
738wLrAtLtCtFOLvQBXOXp,Major Lazer,Lay Your Head On Me (Remixes),64040312,4923,1Ap05tpabKvNnmlb7woB34
4V8Sr092TqfHkfAA5fXXqG,Luis Fonsi,Tierra Firme,63917654,17783,5Zd5lzz7IynKkoc0xiMR6Q
6M2wZ9GZgrQXHCFfjv46we,Dua Lipa,Ruby,63721886,1132816,1vWMw6pu3err6qqZzI3RhH
7hJcb9fa4alzcOq3EaNPoG,Snoop Dogg,BODR,63565404,16253,4KzJG9VVC0zxlZrRqJTCvE
2QsynagSdAqZj3U9HgDzjD,Bob Marley & The Wailers,Babylon By Bus,63308264,12021,24rL0k8d1Ple3qD2KwSYx5
0oSGxfWSnnOXhD2fKuz2Gy,David Bowie,Dancing In The Street E.P.,63253197,20649,25vNR2X4RTa0UJ9aKqaXqz
2dIgFjalVxs4ThymZ67YCE,Stray Kids,TOP -Japanese ver.-,63203340,19713,4KVUGhyLNbZjEH9Yw1j4WO
7n2wHs1TKAczGzO7Dd2rGr,Shawn Mendes,Live At Madison Square Garden,62979354,6194,6kTIdOmlTbxh7vzNwb4n0L
7n2wHs1TKAczGzO7Dd2rGr,Shawn Mendes,Live At Madison Square Garden,62979354,6194,73lQS6xaOyVGEoVCmcDWcQ
137W8MRPWKqSmrBGDBFSop,Wiz Khalifa,Flight School,62959791,6674,5MtMWMQgbflgOBOrWe9QSI
1dKdetem2xEmjgvyymzytS,Grupo Firme,"Arriba La Tía, Desde Las Vegas (En Vivo)",62849037,121933,3AUGAUtS6FRsbPQGRd3yDO
1dKdetem2xEmjgvyymzytS,Grupo Firme,El Barco,62818974,7596,6zb14gPWrpKrrJbt1D2JDa
5y2Xq6xcjJb2jVM54GHK3t,John Legend,Detroit Deli (A Taste Of Detroit),62794166,49894,2mpzeA7pHNIDAPii4EEKsB
5Rl15oVamLq7FbSb0NNBNy,5 Seconds of Summer,Meet You There Tour Live,62637288,17290,5XfkdKrtvNcsVVtGobQiLW
3hcs9uc56yIGFCSy9leWe7,Lil Durk,Deep Thoughts,62600493,1403301,1P7Zt5WwMMY6cwts6WkY1M
66ihevNkSYNzRAl44dx6jJ,Carin Leon,Borrachera Con Taka Takas (En Vivo),62560898,13180,6Nb72Cyy4fHfGZQcuESc4E
0k17h0D3J5VfsdmQ1iZtE9,Pink Floyd,1965-67 Cambridge St/ation,62498467,12180,7sHv5GwG9qrs1HBk4RottI
6XyY86QOPPrYVGvF9ch6wz,Linkin Park,Road to Revolution (Live at Milton Keynes),62489441,18141,72seWTJF9U5SljizfyF2ZK
137W8MRPWKqSmrBGDBFSop,Wiz Khalifa,2009,62455049,7339,0JdkkLJFbAoQ2LsA1v1GR6
22bE4uQ6baNwSHPVcDxLCe,The Rolling Stones,Black And Blue (Remastered 2009),62273546,25115,2jtHqgzKfoF8uVvEosb6Jl
711MCceyCBcFnzjGY4Q7Un,AC/DC,Blow Up Your Video,62249853,22499,5jfgUmvXCar7Qf5lidVkqI
7oPftvlwr6VrsViSDV7fJY,Green Day,1039/Smoothed Out Slappy Hours,62051889,28442,0wrqpE7UBZC44PFMtp3OfJ
41MozSoPIsD1dJM0CLPjZF,BLACKPINK,KILL THIS LOVE (JP Ver.),62050510,7988,0uWttVLwkFxcW1PkBAsmZd
2C6i0I5RiGzDKN9IAF8reh,Banda MS de Sergio Lizárraga,Edición Limitada,61792195,158025,5d4TvsUqIKmZQV3Pr5nHaF
7oPftvlwr6VrsViSDV7fJY,Green Day,No Fun Mondays,61774726,27932,6pjuzPdAkJPdNBiKzcloXL
4YRxDV8wJFPHPTeXepOstw,Arijit Singh,Arijit Singh Ae Watan - Patriotic Hits,61773840,31424,6DvVZhAWnyDONavY4Pgx0P
3WrFJ7ztbogyGnTHbHJFl2,The Beatles,Let It Be... Naked (Remastered),61760318,22821,4KYcffwC5HgjJLdpQU9SjC
0pePYDrJGk8gqMRbXrLJC8,Luis R Conriquez,Corridones Belicones Duetos,61719031,18138,25ONLIs4F5slSeYvIG1ZEz
22bE4uQ6baNwSHPVcDxLCe,The Rolling Stones,Voodoo Lounge (Remastered 2009),61710860,26649,3oyjbpNQs5Qm5DNVJW4AlV
3xvaSlT4xsyk6lY1ESOspO,Disney,Disney Peaceful Piano: Chill,61707743,30503,3NLf3vFNYqC2idExmdILPP
3e7awlrlDSwF3iM0WBjGMp,Little Mix,Glory Days - EP,61658777,4427,5XdzqhTD3iQ8kLpl9VLlzR
3AA28KZvwAUcZuOKwyblJQ,Gorillaz,Song Machine Episode 5,61358620,20364,2bNd17EnusnJPrYRAmdB59
0NGAZxHanS9e0iNHpR8f2W,Alok,Deeper EP,61274572,20412,6C0ooONb4IUWci4RXwQJAw
1Mxqyy3pSjf8kZZL4QVxS0,Frank Sinatra,Sinatra & Company,61128888,45982,76ovJqQtBmYZzABzewofhY
77ziqFxp5gaInVrF2lj4ht,Sech,"Tranki, Todo Pasa",60961147,189407,2c4kX5vwi2QnarQQyfXsA1
1VPmR4DJC1PlOtd0IADAO0,$uicideboy$,YIN YANG TAPES: Spring Season (1989-1990),60910561,39191,16PcU977zDCfmFY5crNgBB
4YRxDV8wJFPHPTeXepOstw,Arijit Singh,Arijit Singh Patriotic Hits,60904475,30449,2VWrRAATHV9VNV9sG3qFfr
1VPmR4DJC1PlOtd0IADAO0,$uicideboy$,KILL YOURSELF Part X: The Resurrection Saga,60847333,38480,65I0VGQ3pd2cH2nRhnmuwZ
05fG473iIaoy82BF1aGhL8,Slipknot,Day Of The Gusano (Live),60766097,14193,09pLzub9F2asXde8dH2UDN
3PhoLpVuITZKcymswpck5b,Elton John,Jump Up!,60636885,27932,6u0a1IJnnqEqiIamPssH7G
07YUOmWljBTXwIseAUd9TW,Sebastian Yatra,"The Mixtape JukeBox, Vol. 1",60366781,1742,3Nz0omjctnSWD5xrLXN2gr
3e7awlrlDSwF3iM0WBjGMp,Little Mix,Get Weird - Rarities & Remixes,60361471,4779,03byBYXGfV7seOUDb645TJ
4iHNK0tOyZPYnBU7nGAgpQ,Mariah Carey,Don't Forget About Us - EP,60354857,36310,1W9bfKUxw58SAurUKpDy8m
4V8LLVI7PbaPR0K2TGSxFF,"Tyler, The Creator",Music Inspired by Illumination & Dr. Seuss' The Grinch,60335826,12666,05qQ4Sl7LjxDhZFB1ChVvH
1URnnhqYAYcrqrcwql10ft,21 Savage,The Slaughter Tape,60327680,4823,3l2umvdEq50qZ5fmw4iHcI
7c0XG5cIJTrrAgEC3ULPiq,Ty Dolla $ign,Cheers to the Best Memories,60258055,10368,15D9ut0TGWReBDq4YRQoZA
7c0XG5cIJTrrAgEC3ULPiq,Ty Dolla $ign,Cheers to the Best Memories,60258055,10368,7IfK8gVcNT6jPgroH4rkyx
1anyVhU62p31KFi8MEzkbf,Chance the Rapper,10 Day,60226363,11596,71BfvzpZmuVgW6zdQ93bin
1VPmR4DJC1PlOtd0IADAO0,$uicideboy$,DIRTYNASTY$UICIDE,60203437,27830,1L85nFaVMY2CRmudU1anYk
4zCH9qm4R2DADamUHMCa6O,Anirudh Ravichander,Indian 2 (Original Motion Picture Soundtrack),60171173,57830,2odSkyvlROPRtPYsr2lE0l
4tZwfgrHOc3mvqYlEYSvVi,Daft Punk,Daft Club,59828650,13482,1O5WUh9KsgHT2QaUCJeVPG
1dfeR4HaWDbWqFHLkxsg1d,Queen,Live Around the World (Deluxe),59752845,11694,7zhwCAUQETk5MXUJBYqc0C
1wRPtKGflJrBx9BmLsSwlU,Pritam,Jagga Jasoos,59744818,43800,0WzOuVoWthaS3HxiU7YY8G
4V8Sr092TqfHkfAA5fXXqG,Luis Fonsi,Paso A Paso,59684001,28209,1Z4GW8yaeLCATggV1IE9FZ
4V8Sr092TqfHkfAA5fXXqG,Luis Fonsi,Paso A Paso,59684001,28209,43GuWlqbeht6837v73SsMw
4V8Sr092TqfHkfAA5fXXqG,Luis Fonsi,Paso A Paso,59684001,28209,1Jj8O6Mfx0Iu0tff216yFG
3YQKmKGau1PzlVlkL1iodx,Twenty One Pilots,TOPxMM,59627182,10793,1UIKUO8x3xAkQBnJghN41m
4obzFoKoKRHIphyHzJ35G3,Becky G,Play It Again,59488269,5642,7GIBJhyttpLI8aFJheOZWL
4obzFoKoKRHIphyHzJ35G3,Becky G,Play It Again,59488269,5642,7gfvjngKsSQ3Zz8VdZW5rn
6olE6TJLqED3rqDCT0FyPh,Nirvana,Sliver - The Best Of The Box,59363372,30796,3HbbNIaMX1NZqAvh3GQhb7
7oPftvlwr6VrsViSDV7fJY,Green Day,Demolicious,59315849,3870,7prfPBMbgDyhq7kdpM0R9v
57LYzLEk2LcFghVwuWbcuS,Summer Walker,Last Day Of Summer (Sped Up),59269711,13342,2vIAupx3DY7BXPCG2WeQHw
6olE6TJLqED3rqDCT0FyPh,Nirvana,Live At The Paramount,59248348,28236,5A7qhg1w3J1GVoPPTChYCF
1Mxqyy3pSjf8kZZL4QVxS0,Frank Sinatra,Nice 'n' Easy (Remastered / Expanded Edition),59054952,38903,2Xp6c8OMMolIoix6KLyun2
1VPmR4DJC1PlOtd0IADAO0,$uicideboy$,KILL YOURSELF Part VII: The Fuck God Saga,59035432,29740,76xmioDynjnDufXs3KUmdP
1wRPtKGflJrBx9BmLsSwlU,Pritam,Mausam,58971919,79246,6IXC7pxtf6QKK7BVQUvIxP
13y7CgLHjMVRMDqxdx0Xdo,Gucci Mane,Gucci Mane Presents: So Icy Summer,58804899,13821,7hEgFnAICf8FqaERqmehOT
6XyY86QOPPrYVGvF9ch6wz,Linkin Park,The Hunting Party: Acapellas + Instrumentals,58714109,9477,6hU9JCoqq4GjYq86dQ1o9b
43ZHCT0cAZBISjO8DG9PnE,Elvis Presley,From The Vaults -'60s,58699678,12039,3tqw7XucLETOs6KKYBoc8K
74KM79TiuVKeVCqs8QtB0B,Sabrina Carpenter,CLOUDS (Music From The Disney+ Original Movie),58652955,12251,6wxPYC9LuoJCtKtFw4UDgf
329e4yvIujISKGKz1BZZbO,Farruko,En Letra de Otro,58463386,8999,4lsdX5CimNaabkZUxX6rx8
2C6i0I5RiGzDKN9IAF8reh,Banda MS de Sergio Lizárraga,"Cahuates, Pistaches",58168266,31213,6Wia37tqLhyIwKJMJdsRfy
14zUHaJZo1mnYtn6IBRaRP,Justin Quiles,Carpe Diem,58110275,13018,0md5nsl4Cm5gmdziP0zfMQ
14zUHaJZo1mnYtn6IBRaRP,Justin Quiles,Carpe Diem,58110275,13018,1JA7VXtkAtWZNqHXskg68I
2jku7tDXc6XoB6MO2hFuqg,Tory Lanez,Loner,58085745,23934,7piqXIg89Lj9rHrfME4cC5
6vXTefBL93Dj5IqAWq6OTv,French Montana,Montega (Deluxe),58076704,6059,4sEf3ilXj6yuIY7dO9p4Wb
13y7CgLHjMVRMDqxdx0Xdo,Gucci Mane,Trap God 2,57930470,18353,327qRhLMXOOwsx3IXxZZxM
5LHRHt1k9lMyONurDHEdrp,Tyga,Rawwest Alive,57854526,7929,2DZcxYmuJYcuTypU0A6y0F
0C0XlULifJtAgn6ZNCW2eu,The Killers,Pressure Machine,57764655,18252,1qMFjBarjO2xD15BwXZguD
0X2BH1fck6amBIoJhDVmmJ,Ellie Goulding,New Love..,57508477,4245,5HXkqHYK08o7cJaNa1xDr9
0k17h0D3J5VfsdmQ1iZtE9,Pink Floyd,More,57506966,20631,5GNPZT1Bxq0EP7PQDQmK3U
0k17h0D3J5VfsdmQ1iZtE9,Pink Floyd,More,57506966,20631,6AccmjV8Q5cEUZ2tvS8s6c
0k17h0D3J5VfsdmQ1iZtE9,Pink Floyd,More,57506966,20631,23yd1cYlPgl643vE8bb0WD
4DdkRBBYG6Yk9Ka8tdJ9BW,Offset,THE BIGGEST,57426931,54365,2EZ8JL3dtb54VXi3k6E7k6
7hJcb9fa4alzcOq3EaNPoG,Snoop Dogg,Malice 'N Wonderland,57316439,18471,3N7agGkKrdlEHBrzSDTNmG
46SHBwWsqBkxI7EeeBEQG7,Kodak Black,Pistolz & Pearlz,57076799,38113,5RHAybGQ8yuZHBd45DJ05b
6vXTefBL93Dj5IqAWq6OTv,French Montana,Montega,57049825,5986,3taQKiU8CkZT1UEgy6NqO9
46SHBwWsqBkxI7EeeBEQG7,Kodak Black,Haitian Boy Kodak,57026545,18224,4DGNmFH2q7WEtFI88geAmu
6vXTefBL93Dj5IqAWq6OTv,French Montana,Coke Boys 4,56986162,5413,0kOvu4jthCtfqzSnftumaw
0hEurMDQu99nJRq8pTxO14,John Mayer,TRY! - Live In Concert,56799718,11916,0X9bvQYYtrAYdkO4OKtYwz
6Xgp2XMz1fhVYe7i6yNAax,Trippie Redd,Saint Michael V2,56740350,31989,1wB5bP8PmopuSSIS6VVELa
0k17h0D3J5VfsdmQ1iZtE9,Pink Floyd,A Saucerful of Secrets,56503762,20612,2vnJKtGjZXRUg0mYPZ3HGH
1mYsTxnqsietFxj1OgoGbG,A.R. Rahman,Jodi (Original Motion Picture Soundtrack),56475848,52087,530Ue2hZyDFcgiDubkR5FY
3e7awlrlDSwF3iM0WBjGMp,Little Mix,One I've Been Missing - EP,56457382,1542,0Su2bqjSjDtJYwGJZPCw0G
5y2Xq6xcjJb2jVM54GHK3t,John Legend,Green Light (feat. André 3000),56442288,21602,2PDdaNU0qdHWfzRvjxtff1
5y2Xq6xcjJb2jVM54GHK3t,John Legend,Green Light (feat. André 3000),56442288,21602,00IAaD6r7A6MkdOCMoF6bc
6tbjWDEIzxoDsBA1FuhfPW,Madonna,The Confessions Tour (Live),56346990,18120,0tZyRisNOqyEjioXosI3Lm
1GxkXlMwML1oSg5eLPiAz3,Michael Bublé,Come Fly with Me,56203426,7291,0UhvDeKmtgegXeELEVgGRh
13y7CgLHjMVRMDqxdx0Xdo,Gucci Mane,Greatest Mixtape Hits,56184127,15727,1FRd5kwGyaZGN2whHvRYa2
4zCH9qm4R2DADamUHMCa6O,Anirudh Ravichander,Vivegam (Original Motion Picture Soundtrack),56142895,44557,6zXvWxQ8vSbI44dQdPp4P0
7n2Ycct7Beij7Dj7meI4X0,TWICE,Fanfare,56100671,12029,47bxLQc3jt9EcpFXOECxVA
7n2Ycct7Beij7Dj7meI4X0,TWICE,Fanfare,56100671,12029,6B5Dh9UinsLGWTwUJAI08L
4V8Sr092TqfHkfAA5fXXqG,Luis Fonsi,Eterno,56048318,42401,6x2BA9N3GLT21K7q3DWi5c
4iHNK0tOyZPYnBU7nGAgpQ,Mariah Carey,Breakdown EP,56023704,29843,6PfEOXBX3iiNNsDbhGTBlT
1RyvyyTE3xzB2ZywiAwp0i,Future,Astronaut Status,55989494,16776,56P7aZkTGJGsYGe0DH7mqA
6olE6TJLqED3rqDCT0FyPh,Nirvana,Live And Loud,55952081,23082,4Sdfp3NL90GZoYYwLmhk0H
3xvaSlT4xsyk6lY1ESOspO,Disney,High School Musical: The Musical: The Series (Original Soundtrack/Season 3),55908916,21823,71FLsJroKR8vr5BbWRZHGc
1dfeR4HaWDbWqFHLkxsg1d,Queen,A Night at the Odeon,55827684,4536,03fubwn4664emOoK7WkOdK
22bE4uQ6baNwSHPVcDxLCe,The Rolling Stones,Sucking In The Seventies,55615226,12725,2p97DHQiq3moXrPWhy0wEn
6tbjWDEIzxoDsBA1FuhfPW,Madonna,Who's That Girl Soundtrack,55614576,29944,21vHnROXDZY51gJxsjTLXZ
1Cs0zKBU1kc0i8ypK3B9ai,David Guetta,She Knows (with Akon) [The Remixes],55567254,18906,7j3QBadmH19j8ucnxTmVIQ
20sxb77xiYeusSH8cVdatc,Meek Mill,QUARANTINE PACK,55541811,11489,5VOW9zYV8KoErvgrLYqKR2
0oOet2f43PA68X5RxKobEy,Shreya Ghoshal,The Voice Of Magic Shreya Ghoshal,55501433,41825,3tN63zgofr8BeYLPlIK9vw
7hJcb9fa4alzcOq3EaNPoG,Snoop Dogg,More Malice,55447429,17925,0wiCziapeV1iX4WvkhldFS
3DiDSECUqqY1AuBP8qtaIa,Alicia Keys,Doesn't Mean Anything - EP,55427615,6667,3RRFK4HevxLEhDRVOJL0Jv
1VPmR4DJC1PlOtd0IADAO0,$uicideboy$,Black $uicide Side C: The Seventh Seal,55341191,42688,2kx2zE6RYdyZ1IRhVz70xC
58lV9VcRSjABbAbfWS6skp,Bon Jovi,2020 (Deluxe),55309432,8920,6gZ9rRJt7m8g7ZzK8U6hcq
4zCH9qm4R2DADamUHMCa6O,Anirudh Ravichander,Double Delights With Anirudh And Yuvan,55110609,17072,3ilMfuWCZv8vGPJSDCFwM5
50co4Is1HCEo8bhOyUWKpn,Young Thug,Slime Season 2,54767026,71879,4N6sTUH8VjSMJrMLseaNWz
137W8MRPWKqSmrBGDBFSop,Wiz Khalifa,Fly Times Vol. 1: The Good Fly Young,54542177,8246,2bwyHN2Y9iljWbUZYPXMrC
4xRYI6VqpkE3UwrDrAZL8L,Logic,Ultra 85,54444108,56282,6vVOpqIXPbM9vZWzesdTax
1mYsTxnqsietFxj1OgoGbG,A.R. Rahman,Raayan (Original Motion Picture Soundtrack),54353698,79806,6cqYgHZhpSKKb7xUuxJCAr
60d24wfXkVzDSfLS6hyCjZ,Martin Garrix,Greatest Hits Vol. 1,54216993,14161,30WNa86MJsrzTlki1YHI6A
3EiLUeyEcA6fbRPSHkG5kb,De La Ghetto,GZ,53914779,23348,2uJXYofGw8z3ZQuIQPQ4Qr
6icQOAFXDZKsumw3YXyusw,Lil Yachty,DO NOT DISTURB (DELUXE),53611499,105183,2rIbOVBLitHcUD2g9UCz1P
1mYsTxnqsietFxj1OgoGbG,A.R. Rahman,Sivaji,53576505,61331,6U9fwE5eyEfj2htufWf9we
55Aa2cqylxrFIXC767Z865,Lil Wayne,Tha Fix Before Tha VI,53488048,23839,7aWNHIpUIFnlu2UhOWqooG
3PhoLpVuITZKcymswpck5b,Elton John,Tumbleweed Connection,53361491,16825,03zfU3IwWmymKoaWnwFNaY
4Z8W4fKeB5YxbusRsdQVPb,Radiohead,TKOL RMX 1234567,52983949,6046,566osTxDsfrtdBxPDMGufx
1wRPtKGflJrBx9BmLsSwlU,Pritam,Bodyguard,52890255,96539,3Coy8qgtYG47SX9hLJBa0l
55Aa2cqylxrFIXC767Z865,Lil Wayne,Trust Fund Babies,52820388,8256,2gDny6NDG26azxuTbtNxgq
41MozSoPIsD1dJM0CLPjZF,BLACKPINK,BLACKPINK 2019-2020 WORLD TOUR IN YOUR AREA -TOKYO DOME- (Live),52786867,8032,7J4ASJD3IvdANlrPkmeVP0
1Mxqyy3pSjf8kZZL4QVxS0,Frank Sinatra,My Kind Of Broadway,52771259,13395,4pA0MHfxB10F9Q8HhoItIh
4gzpq5DPGxSnKTe4SA8HAU,Coldplay,Live 2003,52533126,10910,3JMOZD2qixTTLRW9I6JuF4
1wRPtKGflJrBx9BmLsSwlU,Pritam,Dhoom,52524992,51470,6Z49LnmV2rjlk9sDVFgPHT
12GqGscKJx3aE4t07u7eVZ,Peso Pluma,Disco (En Vivo),52515727,6981,3FPXoHsP3xUjznyOv7J0WS
1HY2Jd0NmPuamShAr6KMms,Lady Gaga,Love For Sale (Deluxe),52485016,13721,6hBQkPnq5u1BwZncSEDEgs
5LHRHt1k9lMyONurDHEdrp,Tyga,Well Done 4,52270979,5502,5hsobSGty9FIGCmEwb3yAz
2nszmSgqreHSdJA3zWPyrW,Luis Miguel,Fiebre De Amor,52233006,18699,7n9YR331Amwqwl0mdOuV9b
6vXTefBL93Dj5IqAWq6OTv,French Montana,CB5,52089494,5019,2mTRsFeFo7zou6PWFLT03v
5INjqkS1o8h1imAzPqGZBb,Tame Impala,Live Versions,52066833,5784,44RrnCW7pMIEiiAR3LIAVL
4Z8W4fKeB5YxbusRsdQVPb,Radiohead,I Might Be Wrong,51980583,28324,1vdQ5t7iO2gC3OX7j2GFCt
0k17h0D3J5VfsdmQ1iZtE9,Pink Floyd,Delicate Sound of Thunder (2019 Remix) [Live],51979474,20030,2lK80Nb29iqCzaRiERvNDS
6M2wZ9GZgrQXHCFfjv46we,Dua Lipa,Dua Lipa Live from the Royal Albert Hall,51921234,243329,2zSqnTr0gSXrSlPbHzLfJS
1wRPtKGflJrBx9BmLsSwlU,Pritam,Tubelight (Original Motion Picture Soundtrack),51804634,45548,4Y3f3J030knsEk3epIvO0R
6tbjWDEIzxoDsBA1FuhfPW,Madonna,Finally Enough Love,51785445,27589,2y7jq4zRtFwbw3M2NsbZsD
22bE4uQ6baNwSHPVcDxLCe,The Rolling Stones,Their Satanic Majesties Request (50th Anniversary Special Edition / Remastered),51766411,12563,2SE7fs002NlNc3cw3SQLRC
6icQOAFXDZKsumw3YXyusw,Lil Yachty,It's Us Vol. 1,51715427,58630,7iu39QtyLQsDV4YpxviiHm
6eUKZXaKkcviH0Ku9w2n3V,Ed Sheeran,Live and in Session,51691133,4912,358s1FksXk3qh38nNdjJFk
6tbjWDEIzxoDsBA1FuhfPW,Madonna,The Confessions Tour,51435653,16517,2nYRylF5uTA1CTtya4qjU3
3AA28KZvwAUcZuOKwyblJQ,Gorillaz,Demon Days Live at the Manchester Opera House,51431794,9091,0J3u0IeHzuymSz7v934vrd
0oOet2f43PA68X5RxKobEy,Shreya Ghoshal,Shreya Ghoshal - Sing for You,51268459,42118,347hOP4iH6WTzCcKT3dVyd
0oOet2f43PA68X5RxKobEy,Shreya Ghoshal,Hits of Shreya Ghoshal and Chinmayi,51268459,42118,6dLB1bsfJ58BinPWzSPo3t
22bE4uQ6baNwSHPVcDxLCe,The Rolling Stones,The Rolling Stones,51072114,18260,0bJMFJ2XQwpO5nKTrYdUtX
0L8ExT028jH3ddEcZwqJJ5,Red Hot Chili Peppers,The Uplift Mofo Party Plan,51043430,10684,3rHJQrfEcBeSaLPuLwKR6F
1Xylc3o4UrD53lo9CvFvVg,Zara Larsson,Honor The Light,50792273,32963,6NXHxEZBAedotZFvYiXOhI
1Xylc3o4UrD53lo9CvFvVg,Zara Larsson,Honor The Light,50792273,32963,1Nxzeq5f7m7kpCP8PtWFPm
08GQAI4eElDnROBrJRGE0X,Fleetwood Mac,Mystery to Me,50701056,40902,7MprjyJe4SD8Sq9Nn7oYD5
20wkVLutqVOYrc0kxFs7rA,Daniel Caesar,Spotify Singles,50614494,62322,74utZeTCeaXy01BjOddyv8
20wkVLutqVOYrc0kxFs7rA,Daniel Caesar,Spotify Singles,50614494,62322,14mR6XKPmsxzvOYCkqubJF
20wkVLutqVOYrc0kxFs7rA,Daniel Caesar,Spotify Singles,50614494,62322,5WSVBLmTp6Fgjm2Dwyu3vr
20wkVLutqVOYrc0kxFs7rA,Daniel Caesar,Spotify Singles,50614494,62322,7HNrFnh0uwG7DuXdgGEY0z
20wkVLutqVOYrc0kxFs7rA,Daniel Caesar,Spotify Singles,50614494,62322,6ixkdVE4xrPNcVKhRpnPEh
20wkVLutqVOYrc0kxFs7rA,Daniel Caesar,Spotify Singles,50614494,62322,0SRFjDXW0BUtk5yChaT7xn
20wkVLutqVOYrc0kxFs7rA,Daniel Caesar,Spotify Singles,50614494,62322,7neiWgd56IO7vi2cRUP8Tj
20wkVLutqVOYrc0kxFs7rA,Daniel Caesar,Spotify Singles,50614494,62322,0zKfApbjSv6TcWCvWtJf2q
20wkVLutqVOYrc0kxFs7rA,Daniel Caesar,Spotify Singles,50614494,62322,0N8hvQJMoZeMDEurU9afgD
20wkVLutqVOYrc0kxFs7rA,Daniel Caesar,Spotify Singles,50614494,62322,5n4jQZpHLAWOVccZKttKSD
20wkVLutqVOYrc0kxFs7rA,Daniel Caesar,Spotify Singles,50614494,62322,7zHMR1njPkiD4pPS3JPMSJ
20wkVLutqVOYrc0kxFs7rA,Daniel Caesar,Spotify Singles,50614494,62322,5qeR1l2kCx9GnJmEHQIOH7
20wkVLutqVOYrc0kxFs7rA,Daniel Caesar,Spotify Singles,50614494,62322,3U8ndUx2DNmhKPUjqtJuek
20wkVLutqVOYrc0kxFs7rA,Daniel Caesar,Spotify Singles,50614494,62322,2H18xXYbVopKYddC2VqoPJ
20wkVLutqVOYrc0kxFs7rA,Daniel Caesar,Spotify Singles,50614494,62322,2kJnIPJHIRZlfOx0TZEKBP
20wkVLutqVOYrc0kxFs7rA,Daniel Caesar,Spotify Singles,50614494,62322,5A7U3iko4a07wkEZNxmqIe
20wkVLutqVOYrc0kxFs7rA,Daniel Caesar,Spotify Singles,50614494,62322,7LDRKBdy3nivZDXnwUrgAE
20wkVLutqVOYrc0kxFs7rA,Daniel Caesar,Spotify Singles,50614494,62322,5NAZBw4kl4CLl8N14lGxQy
20wkVLutqVOYrc0kxFs7rA,Daniel Caesar,Spotify Singles,50614494,62322,2ofkss2PsSivatWu9zTkdh
20wkVLutqVOYrc0kxFs7rA,Daniel Caesar,Spotify Singles,50614494,62322,6TRs7CwVqOShWEnB7rL2Lp
20wkVLutqVOYrc0kxFs7rA,Daniel Caesar,Spotify Singles,50614494,62322,7ll3Cf5KaoLl6toqeSlClH
20wkVLutqVOYrc0kxFs7rA,Daniel Caesar,Spotify Singles,50614494,62322,65mtbxKKczJgxPUeyVPUrc
20wkVLutqVOYrc0kxFs7rA,Daniel Caesar,Spotify Singles,50614494,62322,1bqvkdrPKF47lM9bZrRvB9
20wkVLutqVOYrc0kxFs7rA,Daniel Caesar,Spotify Singles,50614494,62322,6sHBQWEvoS10m9PE9mY9ND
20wkVLutqVOYrc0kxFs7rA,Daniel Caesar,Spotify Singles,50614494,62322,4dEgr3LeNOQIsT8MGgeBTz
20wkVLutqVOYrc0kxFs7rA,Daniel Caesar,Spotify Singles,50614494,62322,3UV3FcOPCo0vCHnKLIfN2V
20wkVLutqVOYrc0kxFs7rA,Daniel Caesar,Spotify Singles,50614494,62322,4xhcTm06KVa15xIpVk1hQt
20wkVLutqVOYrc0kxFs7rA,Daniel Caesar,Spotify Singles,50614494,62322,3HcHikXcYk3YI6w3E08PJg
20wkVLutqVOYrc0kxFs7rA,Daniel Caesar,Spotify Singles,50614494,62322,0VGvGFpQhkexY9GMSih3Jv
20wkVLutqVOYrc0kxFs7rA,Daniel Caesar,Spotify Singles,50614494,62322,4e1KPKRbxwbrHnysHvve8j
20wkVLutqVOYrc0kxFs7rA,Daniel Caesar,Spotify Singles,50614494,62322,45TIKE2URFPyJlo6UA2kMl
20wkVLutqVOYrc0kxFs7rA,Daniel Caesar,Spotify Singles,50614494,62322,3fUHDbd0oujqAerhHZjdsj
20wkVLutqVOYrc0kxFs7rA,Daniel Caesar,Spotify Singles,50614494,62322,5AS789PRyPv5B6l17kLfAW
20wkVLutqVOYrc0kxFs7rA,Daniel Caesar,Spotify Singles,50614494,62322,3RH0hpUJfWcCNEjuypAtGC
20wkVLutqVOYrc0kxFs7rA,Daniel Caesar,Spotify Singles,50614494,62322,1AjFcFS1NcE6zB8uUCeUzK
20wkVLutqVOYrc0kxFs7rA,Daniel Caesar,Spotify Singles,50614494,62322,3ln7gtD4aGjJWllmL1Uqij
20wkVLutqVOYrc0kxFs7rA,Daniel Caesar,Spotify Singles,50614494,62322,1oqgK74ZGMHTWEma2fST41
20wkVLutqVOYrc0kxFs7rA,Daniel Caesar,Spotify Singles,50614494,62322,3cDwvU7X1BPyCz3kiukZNj
20wkVLutqVOYrc0kxFs7rA,Daniel Caesar,Spotify Singles,50614494,62322,0ycBRDotCpCVKO6ZHrsIR7
20wkVLutqVOYrc0kxFs7rA,Daniel Caesar,Spotify Singles,50614494,62322,3VJRDS3Xv9kAE8NLA9rHX1
20wkVLutqVOYrc0kxFs7rA,Daniel Caesar,Spotify Singles,50614494,62322,2NclReHquDka42tG31lbAY
20wkVLutqVOYrc0kxFs7rA,Daniel Caesar,Spotify Singles,50614494,62322,6KlTtkhY5el9zjIoHqoQJp
20wkVLutqVOYrc0kxFs7rA,Daniel Caesar,Spotify Singles,50614494,62322,6WdZ6j0Mm6fOzpyHXKx8PP
20wkVLutqVOYrc0kxFs7rA,Daniel Caesar,Spotify Singles,50614494,62322,5lGxbmDssvHBGx37Qpr7UL
20wkVLutqVOYrc0kxFs7rA,Daniel Caesar,Spotify Singles,50614494,62322,7424HIQbzV8bI0JSYwTFni
5he5w2lnU9x7JFhnwcekXX,Skrillex,F*CK U SKRILLEX YOU THINK UR ANDY WARHOL BUT UR NOT!! <3,50467154,3464112,784znju28Nz5zSuRuthPcO
7wlFDEWiM5OoIAt8RSli8b,YoungBoy Never Broke Again,3860,50352268,27973,43cDHyzNftlde27nFt8rhV
05fG473iIaoy82BF1aGhL8,Slipknot,9.0 Live,50341819,11445,2rdXvZY0IkT1TPuA8SKTix
1RyvyyTE3xzB2ZywiAwp0i,Future,Zone,50249663,28638,2nB4hPkIT80DFtf7lHyviw
1RyvyyTE3xzB2ZywiAwp0i,Future,Zone,50249663,28638,1GIkapvyAw5lwdNw66hI44
2EMAnMvWE2eb56ToJVfCWs,Bryson Tiller,A Different Christmas,50150644,5773,52QMK9SFNjiuz3ipkuVVZu
5fMUXHkw8R8eOP2RNVYEZX,Diplo,Spicy (with Diplo & Charli XCX) [Remixes],50113301,2904,1PbOvsQE07RzhUzeaZTldw
58lV9VcRSjABbAbfWS6skp,Bon Jovi,2020,50052234,7845,0CNCv0znPVq1m4BOIOYjl6
6olE6TJLqED3rqDCT0FyPh,Nirvana,From The Muddy Banks Of The Wishkah (Live),49858038,10255,26paS1Rzj1L0d3Zr1WBTIj
1VPmR4DJC1PlOtd0IADAO0,$uicideboy$,KILL YOURSELF Part I: The $uicide Saga,49797982,27813,4g8hUhboWsPGn0mzRWtneS
1Mxqyy3pSjf8kZZL4QVxS0,Frank Sinatra,Ring-A-Ding-Ding! (50th Anniversary Edition),49769269,12422,1SQS7CS79nPTPosf9cgCb0
4VMYDCV2IEDYJArk749S6m,Daddy Yankee,El Cangri.com,49633303,31575,0mjUmP8oe0KVzwOwHKIHXS
2kCcBybjl3SAtIcwdWpUe3,Lil Peep,"Come Over When You're Sober, Pt. 2 (og version)",49249807,44464,15h14WTWpQpFWjaw81uD0N
43ZHCT0cAZBISjO8DG9PnE,Elvis Presley,Elvis Sings the Wonderful World of Christmas,49244459,1182,67WNQsweOZ94qxgAUDGXAk
3xvaSlT4xsyk6lY1ESOspO,Disney,Disney Guitar: Chill,49240243,27727,05m44Fs7YqGLIbsxK3EiqA
2nszmSgqreHSdJA3zWPyrW,Luis Miguel,Directo Al Corazon,48760332,15186,1qLSYu2HwnMyirHb6mkN9S
487N2T9nIPEHrlTZLL3SQs,Zé Neto & Cristiano,Entre Amigos (Ao Vivo),48269514,1847,3I7mHNVIAqkPixv0q3uWm5
0oSGxfWSnnOXhD2fKuz2Gy,David Bowie,The Deram Anthology 1966 - 1968,48201893,9038,2jUEXh8KXATTGxJHwoeQsP
7oPftvlwr6VrsViSDV7fJY,Green Day,Awesome as Fuck (Deluxe),48113939,10805,1Y3ilbjOXbBMG9YJ78qIbr
0c173mlxpT3dSFRgMO8XPh,Big Sean,What You Expect,48065783,6929,6aLBUWVN4WcBAJeJ7nI6j1
3xvaSlT4xsyk6lY1ESOspO,Disney,Disney Guitar: Happy,48041382,31130,2UkATaVikmCtb4hjDpUbVo
1Mxqyy3pSjf8kZZL4QVxS0,Frank Sinatra,Cycles,48026051,107498,4N6a1fTmJmyPJp9HmrNyVO
7wlFDEWiM5OoIAt8RSli8b,YoungBoy Never Broke Again,Mind of a Menace 3 (Reloaded),47964482,19420,6qkjbSkKmSUwek48wWUBZG
0elWFr7TW8piilVRYJUe4P,Natanael Cano,Nata,47955619,20831,5Z94qF1B7RtrwSPUG9dRLd
20sxb77xiYeusSH8cVdatc,Meek Mill,Dreamchasers,47930820,10660,40SFz21xgwvkJn2Ea1z5iH
3xvaSlT4xsyk6lY1ESOspO,Disney,Disney Guitar: Breathe,47911453,28878,1BkRLMg1PwegXipKVRXeiI
0pePYDrJGk8gqMRbXrLJC8,Luis R Conriquez,Aqui Seguimos De Pie,47749204,15396,5orVNsB3W9HccGcVgU4Khu
77SW9BnxLY8rJ0RciFqkHh,The Neighbourhood,I Love You. (Sped Up),47697951,65786,6nDM0bDRJ1Ni1sMzx7YQ0J
1z7b1Pr1rSlvWRzsW3HOrS,Russ,CHOMP 2,47587056,14221,6a1EFm7L9Nl1wTm7JsrYBK
1bfl0AU8SqmLkElptOprhC,Jul,Incomparable,47446249,77196,1FFEWzkpUGWt0aC6rzQC8D
1VPmR4DJC1PlOtd0IADAO0,$uicideboy$,Black $uicide Side B: $uicide Hustle,47428475,30272,6qE8RypecFnjWniIBGqzTd
22bE4uQ6baNwSHPVcDxLCe,The Rolling Stones,"The Rolling Stones, Now!",47350237,11989,592dKHbXtiglWyt8AEet23
7jy3rLJdDQY21OgRLCZ9sD,Foo Fighters,20225,46902196,23794,69GTpu2TQvWQNOjhIVyzRL
60d24wfXkVzDSfLS6hyCjZ,Martin Garrix,2019 Remixed,46885508,8305,3z4efVJv1e3GmoR7PybqHR
1VPmR4DJC1PlOtd0IADAO0,$uicideboy$,Grey Sheep,46853700,31593,3bZ9pTGwh1vPskRRf9uymq
20sxb77xiYeusSH8cVdatc,Meek Mill,The Freestyles (DJ Trigga & Grz Tapez Present),46817350,5067,5sIwLcjRMKmFmNpzTyk4Km
46SHBwWsqBkxI7EeeBEQG7,Kodak Black,Project Baby,46788112,22872,5Y3yGPqEZkTOCYNPQfzBae
1GxkXlMwML1oSg5eLPiAz3,Michael Bublé,Bublé! (Original Soundtrack from his NBC TV Special),46731524,5992,7f14q8bSMN3168ifOhmy3M
13y7CgLHjMVRMDqxdx0Xdo,Gucci Mane,Diary of a Trap God,46490716,13797,2qK0ANiyN4L7euX7xdVUOk
711MCceyCBcFnzjGY4Q7Un,AC/DC,Flick of the Switch,46490137,16437,0ZD2tIjWo9fwzPndZ04wDY
6tbjWDEIzxoDsBA1FuhfPW,Madonna,MDNA World Tour,46469732,6938,1ZZSvLZfbkBDIFPSMi3Cqk
4zCH9qm4R2DADamUHMCa6O,Anirudh Ravichander,Master (Telugu) [Original Motion Picture Soundtrack],46449662,28064,0LrSkhX0wxyNc6gKocgs45
2wY79sveU1sp5g7SokKOiI,Sam Smith,Love Goes: Live at Abbey Road Studios,46374163,16436,77jibxIYj4UGL2QAaN4j37
46SHBwWsqBkxI7EeeBEQG7,Kodak Black,Happy Birthday Kodak,46296953,16728,52Buhte2zLFUEdbQFVsxNd
1wRPtKGflJrBx9BmLsSwlU,Pritam,Dhan Dhana Dhan Goal,46183750,72043,7z88UjgHQa7qOJFxtvec59
3fMbdgg4jU18AjLCKBhRSm,Michael Jackson,"Forever, Michael",46126773,24083,6leeBdAohG7zhybC3Cmu8W
1Mxqyy3pSjf8kZZL4QVxS0,Frank Sinatra,Standing Room Only,45994378,3052,07DrDjDuFyuEuOhKR3c6HU
7vk5e3vY1uw9plTHJAMwjN,Alan Walker,Barcelona (Remixes),45549069,74760,09OL3u28BTFAlQ6ry5i5Fd
738wLrAtLtCtFOLvQBXOXp,Major Lazer,Guns Don't Kill People... Lazers Do [15th Anniversary Edition (Instrumentals)],45543537,7033,4bD74R7iQGU2Dp8FuqO1F0
64KEffDW9EtZ1y2vBYgq8T,Marshmello,One Thing Right (Remixes),45522288,6778,0GAXoHC8JsnErqy0T9XfTo
711MCceyCBcFnzjGY4Q7Un,AC/DC,If You Want Blood You've Got It (Live),45398007,10584,38MklVAM0DEnMCLucNckDD
1dKdetem2xEmjgvyymzytS,Grupo Firme,Puras Pa' Pistear (En Vivo),45309154,26804,2gbnONIYF40gLi1zmYiols
0TnOYISbd1XYRBk9myaseg,Pitbull,El Mariel,45257675,20587,7rOcmdW8dWxlScy6AUgjI8
0TnOYISbd1XYRBk9myaseg,Pitbull,El Mariel - Clean,45183941,20581,69bXbGpsjbLtygqiiaXIqf
1mYsTxnqsietFxj1OgoGbG,A.R. Rahman,Duet (Original Motion Picture Soundtrack),45093889,46676,6IKpfZUk6Qdv5CZp2RSinp
55Aa2cqylxrFIXC767Z865,Lil Wayne,FWA,45065322,13630,2wVTLpA19kpk5qmkTASir0
4r63FhuTkUYltbVAg5TQnk,DaBaby,HOW TF IS THIS A MIXTAPE?,45046148,160606,2bEwLq4zSG4t8f1uF2BHfP
22bE4uQ6baNwSHPVcDxLCe,The Rolling Stones,A Bigger Bang (2009 Re-Mastered),44848153,11766,5zqveAALqLpkXgPLyYItRV
2C6i0I5RiGzDKN9IAF8reh,Banda MS de Sergio Lizárraga,MS 20 Años,44847619,52164,2uvZN0xtan2MRzQ81NYMhj
1Mxqyy3pSjf8kZZL4QVxS0,Frank Sinatra,Where Are You? (Remastered / Expanded Edition),44812911,23897,1at99XgjdjaKVcQajGq3G1
0A0FS04o6zMoto8OKPsDwY,YG,Nipsey Hussle & YG,44691355,7838,5lj96ySx4mN7RKS1zlkXLI
4iHNK0tOyZPYnBU7nGAgpQ,Mariah Carey,The Rarities,44470692,15176,0v1DRRYBXYg1uVN1CIsyy0
1wRPtKGflJrBx9BmLsSwlU,Pritam,Holiday - A Soldier Is Never Off Duty (Original Motion Picture Soundtrack),44453008,43616,38gRmNQUAXLOcEDTZgLBG4
3PhoLpVuITZKcymswpck5b,Elton John,Made In England,44452549,21090,1IkLYWnY2NNZjpE0z7m3EH
13y7CgLHjMVRMDqxdx0Xdo,Gucci Mane,Street Runnaz 37,44388207,13051,6LsgF5uEoNobkJy2VZIbZ2
08GQAI4eElDnROBrJRGE0X,Fleetwood Mac,Then Play On (2013 Remaster; Expanded Edition),44330937,24312,4Ji83LjzvEzFoCpN85m5lW
08GQAI4eElDnROBrJRGE0X,Fleetwood Mac,Then Play On (2013 Remaster; Expanded Edition),44330937,24312,5Z83CVFqNYSIoItAZVaHeR
1Mxqyy3pSjf8kZZL4QVxS0,Frank Sinatra,Sinatra And Swingin' Brass,44251516,13359,7B45fvRtEecfSqKqUYXh6X
51Blml2LZPmy7TTiAg47vQ,U2,October (Deluxe Edition Remastered),44243393,10975,59O7CFxLYBBKYtrO61LyqF
6M2wZ9GZgrQXHCFfjv46we,Dua Lipa,IDGAF (Remixes II),44174514,9845,4M7slCAvVUFZLYICsgY3xq
0oSGxfWSnnOXhD2fKuz2Gy,David Bowie,Pinups (2015 Remaster),44148039,11755,71nxmbr3tHAVyvdHXc0ltd
7oPftvlwr6VrsViSDV7fJY,Green Day,Awesome as Fuck,44135238,9981,5ZFQvsHHa6Ovr4GaOb2Uvf
1Mxqyy3pSjf8kZZL4QVxS0,Frank Sinatra,Sinatra At The Sands,44077614,6153,2m0W0n7zBYmRNs1QAgoa6Z
3xvaSlT4xsyk6lY1ESOspO,Disney,Disney Guitar: Calm,44059550,24500,156mQC6K3aOBBoPRJnURCX
1z7b1Pr1rSlvWRzsW3HOrS,Russ,"If Not Now, When?",44025955,44817,5K4Ygp0yLgeaYSKFizi15P
43ZHCT0cAZBISjO8DG9PnE,Elvis Presley,Promised Land,44006414,16433,47pECKZZzoUQ2aug4zJLGv
6tbjWDEIzxoDsBA1FuhfPW,Madonna,I'm Breathless,43917061,17440,38nngL1nidjNYdHvJ3xJED
7MiDcPa6UiV3In7lIM71IN,Gusttavo Lima,Gusttavo Lima,43908084,18009,4PrYKDNDUUV3dqpNzDJinB
5WUlDfRSoLAfcVSX1WnrxN,Sia,Dance Alone Remixes,43887482,39882,0kNrYbOMDXsYfiExWS4C0T
3PhoLpVuITZKcymswpck5b,Elton John,Wonderful Crazy Night (Deluxe),43843370,3210,2n7B7svtcYIrYJFtYREauV
6FBDaR13swtiWwGhX1WQsP,blink-182,Buddha,43747928,14291,5I6NuHaiAe8nz2cC2ZPqBw
1Mxqyy3pSjf8kZZL4QVxS0,Frank Sinatra,Come Dance With Me! (Remastered),43723639,14848,2XgFfM6SNKtNLGcN3joZro
2hlmm7s2ICUX0LVIhVFlZQ,Gunna,whatsapp (wassam),43639696,46545,3vHYdHlVHytSPLknBhdQuJ
0oSGxfWSnnOXhD2fKuz2Gy,David Bowie,Tonight (2018 Remaster),43617123,13377,3NkelzSfQzROagWVnseU5C
0k17h0D3J5VfsdmQ1iZtE9,Pink Floyd,The Dark Side Of The Moon (Live at Wembley 1974) [2023 Master],43580347,17552,6SDPwUC74HcxwB84kPs4pM
4zCH9qm4R2DADamUHMCa6O,Anirudh Ravichander,Vedalam (Original Motion Picture Soundtrack),43538091,47021,3KOvSxSNXC7mPvVESt1rVT
02kJSzxNuaWGqwubyUba0Z,G-Eazy,Freak Show,43344516,54919,3MZrZaiEhwp96tdh4QCfIm
64KEffDW9EtZ1y2vBYgq8T,Marshmello,One Thing Right (Remixes Pt. 2),43220594,8739,1BbpW4y68GEUIjIgh4f0hW
4r63FhuTkUYltbVAg5TQnk,DaBaby,Baby On Baby 2,43057099,9904,6x5UJEgPpRGdXjpeRY5QSz
43ZHCT0cAZBISjO8DG9PnE,Elvis Presley,Good Times,42969855,19521,0bVlE6dhJEsCzCX2CWrOCw
43ZHCT0cAZBISjO8DG9PnE,Elvis Presley,Good Times,42969855,19521,14TXiNiKS2IN3DS2yebo6M
2dIgFjalVxs4ThymZ67YCE,Stray Kids,Mixtape : dominATE,42769397,1338649,6lGezrzEsfsCvwVn3PzxeP
1wRPtKGflJrBx9BmLsSwlU,Pritam,Action Replayy,42735685,63309,0ChYFvhig7joYMzLKyvKvY
3xvaSlT4xsyk6lY1ESOspO,Disney,Disney Instrumentals: High School Musical,42699073,33316,6kJbtGgjKA1OBdvfsAylyE
1mYsTxnqsietFxj1OgoGbG,A.R. Rahman,Music Special,42434950,34051,451eS4BHBx3XZXLQG1EkQC
1TtXnWcUs0FCkaZDPGYHdf,Darell,La Verdadera Vuelta,42346300,12173,1N9uoPv76ac3oi8XXqJPop
1Mxqyy3pSjf8kZZL4QVxS0,Frank Sinatra,Selections From A Voice On Air (1935-1955),42310562,2636,2B2xiybenVwWzkGclQQkzi
13y7CgLHjMVRMDqxdx0Xdo,Gucci Mane,Trap House 4,42301572,77565,11OqutaYyMiZ7rBRPH2ha4
5me0Irg2ANcsgc93uaYrpb,The Notorious B.I.G.,The King & I,42268678,3110,3Ezv8bXs9vS908aaKdWrQ3
1VPmR4DJC1PlOtd0IADAO0,$uicideboy$,KILL YOURSELF Part VIII: The Seppuku Saga,42102303,24819,5zM8f8uilt4a77oZUZ4zVp
4iHNK0tOyZPYnBU7nGAgpQ,Mariah Carey,I Still Believe EP,42069945,23897,1xq3CF71gkQhjPdORWp4rt
5XJDexmWFLWOkjOEjOVX3e,Eladio Carrion,Porque Puedo,42014489,54628,1yHXJzuDKUHwR0kM0oah82
1VPmR4DJC1PlOtd0IADAO0,$uicideboy$,YIN YANG TAPES: Fall Season (1989-1990),41932917,34522,1hTPWpfjbWu8Trq3aZxFxB
43ZHCT0cAZBISjO8DG9PnE,Elvis Presley,"From Elvis Presley Boulevard, Memphis, Tennessee",41928497,23519,6Kc8A5gqFZjDUeq77xSAK6
7wlFDEWiM5OoIAt8RSli8b,YoungBoy Never Broke Again,3800 Degrees,41905148,19013,1gDwjnGfTH7BSqtc4y7AiL
1wRPtKGflJrBx9BmLsSwlU,Pritam,83 (Original Motion Picture Soundtrack),41849069,22723,4A8VnxbzcKeLnQrppbnFQ6
4zCH9qm4R2DADamUHMCa6O,Anirudh Ravichander,Kaaki Sattai (Original Motion Picture Soundtrack),41793657,38657,2YWqeoV66WmPmgF6o0eMdW
0XwVARXT135rw8lyw1EeWP,Christian Nodal,México en Mi Voz,41791858,23891,3K6llo2F2tGmc8d2dww0xE
137W8MRPWKqSmrBGDBFSop,Wiz Khalifa,Multiverse (Deluxe),41789029,11643,24nwgc6x77leHlQ10zBn5M
1z7b1Pr1rSlvWRzsW3HOrS,Russ,Straight from Limbo,41746070,2259,5x1YzNGPlD0K2rExbgMa7k
3AA28KZvwAUcZuOKwyblJQ,Gorillaz,Song Machine Episode 7,41678700,12078,6Q7UcRmIOmzGpXkMzyWYkN
58lV9VcRSjABbAbfWS6skp,Bon Jovi,Burning Bridges,41676505,4973,3AkIHz2xtJzBOGopjuVWxR
6LqNN22kT3074XbTVUrhzX,Kesha,I Am The Dance Commander + I Command You To Dance: The Remix Album,41640935,7744,4OcwiwMiAXhAbe4AlHjSvN
4r63FhuTkUYltbVAg5TQnk,DaBaby,Texas Technician,41631450,,2L5fQG5lbyMkG6iyNNj3uR
1VPmR4DJC1PlOtd0IADAO0,$uicideboy$,KILL YOURSELF Part IV: The Trill Clinton Saga,41591865,20276,1CfmjMXQtYDHMN3MzkTCkP
2FXC3k01G6Gw61bmprjgqS,Hozier,Live in America,41583855,9730,4cm3cwzDQ9IjWTj2u8K2ef
66CXWjxzNUsdJxJ2JdwvnR,Ariana Grande,The Remix,41492466,4962,75t7ssOFr9Xic5Gx73WZYv
2QsynagSdAqZj3U9HgDzjD,Bob Marley & The Wailers,"Live At The Rainbow, 2nd June 1977",41480427,7682,0frnOYgalYEcCjDFMXk7Jh
3xvaSlT4xsyk6lY1ESOspO,Disney,Disney Peaceful Piano: Mindful,41417138,24392,31qCPFxPGehOvU9ysAeUqI
0hEurMDQu99nJRq8pTxO14,John Mayer,Any Given Thursday,41272188,9382,31Q7DQ751hbCO98r1ODhGt
55Aa2cqylxrFIXC767Z865,Lil Wayne,The Leak,41270946,23105,2O2R5NCEtf1kaJhvuNyPyT
6M2wZ9GZgrQXHCFfjv46we,Dua Lipa,Radical Optimism (Extended Versions),40951675,43599,0XY0qeZ7czMgtb340QJRxK
137W8MRPWKqSmrBGDBFSop,Wiz Khalifa,Multiverse,40938803,11387,1Y0BUOx2nMBDL3uj4JM0IR
0oSGxfWSnnOXhD2fKuz2Gy,David Bowie,All Saints,40875672,9603,1TavCukHKgRsOx8nXcmY2c
1wZtkThiXbVNtj6hee6dz9,Wisin,La Revolucion Live Volume Two,40868979,26381,7rwRXW0jT1BRlAY4a14O2O
4zCH9qm4R2DADamUHMCa6O,Anirudh Ravichander,Petta (Telugu) [Original Motion Picture Soundtrack],40866080,31831,4gtt8h7YGortJoVjb42k2H
43ZHCT0cAZBISjO8DG9PnE,Elvis Presley,Christmas with Elvis and the Royal Philharmonic Orchestra (Deluxe),40840153,931,11FCLUM5m9GiuxjGEoTVF5
22bE4uQ6baNwSHPVcDxLCe,The Rolling Stones,Steel Wheels (Remastered 2009),40720420,18701,7yUBkHdrxKHn4a3QhrfEj4
0A0FS04o6zMoto8OKPsDwY,YG,Blame It On The Streets,40698082,4243,3ldsrFbLgrIJ00byb2tncW
3p7PcrEHaaKLJnPUGOtRlT,Henrique & Juliano,Ao Vivo Em Brasilia,40678777,15857,4UO7psB9ufCxrE22zclVm9
47mIJdHORyRerp4os813jD,League of Legends,Sessions: Diana,40585323,9757,524MIbuattv09j7FW5NVu2
7hJcb9fa4alzcOq3EaNPoG,Snoop Dogg,SNOOP CUBE 40 $HORT,40477494,15740,0W8eSVMCkF6C4CpvtDtOyZ
13y7CgLHjMVRMDqxdx0Xdo,Gucci Mane,Fillmoelanta da Trap,40475251,5965,2lGyLeSvCxfdKR4ObFO6Mn
1vyhD5VmyZ7KMfW5gqLgo5,J Balvin,J Balvin Mix Tape,40465821,8104,1xMq6o4CDAa2X0WquvhHkX
0L8ExT028jH3ddEcZwqJJ5,Red Hot Chili Peppers,Red Hot Chili Peppers,40415196,7004,5QxFTj8ar3blXVyVEo2rxD
2feDdbD5araYcm6JhFHHw7,Labrinth,Let The Sun Shine - EP,40348138,8286,2tYuQHFI5dD4oevLwZQOwO
4Z8W4fKeB5YxbusRsdQVPb,Radiohead,Com Lag: 2+2=5,40302737,18172,5FI5652iVfs27I7zueBt6l
6S2OmqARrzebs0tKUEyXyp,Demi Lovato,Spotify Sessions (Live from Spotify NYC),40146514,1483,2QikeTxs4IEgc4fPV08YTL
6S2OmqARrzebs0tKUEyXyp,Demi Lovato,Spotify Sessions (Live from Spotify NYC),40146514,1483,32rX0ahjnEzytiE1mNhrQE
1SupJlEpv7RS2tPNRaHViT,Nicky Jam,Salon De La Fama,40122889,7841,4I7iJmW46RKaCANtQB3o9P
6icQOAFXDZKsumw3YXyusw,Lil Yachty,BIRTHDAY MIX 6,40117567,13760,33nkEur8beeeEcTA4nxapX
5LHRHt1k9lMyONurDHEdrp,Tyga,Bugatti Raww,40074810,2220,6lWQVd4FpHVh2MCGHxwIsd
4YRxDV8wJFPHPTeXepOstw,Arijit Singh,"Tu Hain Toh Main Hoon (From ""Sky Force"")",39947733,381003,6eQ4snyDhIOyDjYvvlrrNC
0z4gvV4rjIZ9wHck67ucSV,Akon,KonKrete Jungle,39912877,3634,7BuPO7yqJYGScpH2Qq6ZSu
0z4gvV4rjIZ9wHck67ucSV,Akon,KonKrete Jungle,39912877,3634,2OP86R0cJJhDjW3fP9Ee2d
4zCH9qm4R2DADamUHMCa6O,Anirudh Ravichander,Vidaamuyarchi (Original Motion Picture Soundtrack),39887327,363500,1nbDSTLKDO9SvjQ2cOQglE
1SupJlEpv7RS2tPNRaHViT,Nicky Jam,Vida Escante,39743618,28967,4zdEAfhZ9PymOasYqNK6uZ
3PhoLpVuITZKcymswpck5b,Elton John,One Night Only,39640440,10817,1kurxs9vQ6MCevaoVeI0HY
3PhoLpVuITZKcymswpck5b,Elton John,One Night Only,39640440,10817,6GdJPhGu12KSZ7KdgBfye1
43ZHCT0cAZBISjO8DG9PnE,Elvis Presley,His Hand in Mine,39557419,11522,0OflUemnHFws5bKzEbBVV3
2QsynagSdAqZj3U9HgDzjD,Bob Marley & The Wailers,"Live Forever: The Stanley Theatre, Pittsburgh, PA, September 23, 1980 (Highlights)",39476080,2660,1VFrH2lUWZRDR4WhG8UvvE
13y7CgLHjMVRMDqxdx0Xdo,Gucci Mane,So Icy Boyz (Deluxe),39380367,12945,0YcS21XBKJP7tl7ILuvRH4
0elWFr7TW8piilVRYJUe4P,Natanael Cano,Corridos Tumbados Vol. 2,39284193,16029,1tpjN0LOyoLBT2WEhB2EUW
7oPftvlwr6VrsViSDV7fJY,Green Day,Shenanigans,39256043,15439,3uxqKqchyNKPHdjzMrlmOC
1bfl0AU8SqmLkElptOprhC,Jul,Este Soy Yo,39243923,110104,3IXBzEwmjXkg6mIUdGNlUn
2qxJFvFYMEDqd7ui6kSAcq,Zedd,Telos,39206090,73413,5V7WoYwRXtheRjhOjgUeR5
2nszmSgqreHSdJA3zWPyrW,Luis Miguel,No culpes a la noche (Club remixes),39160833,7386,7HO1MyIU1LmgcnL7nCCtRS
66ihevNkSYNzRAl44dx6jJ,Carin Leon,Desde La Playa Vol. 2 (En Vivo),38993410,39475,1APPJC5KbjeamY8oscMlt9
0TnOYISbd1XYRBk9myaseg,Pitbull,Money Is Still A Major Issue,38984880,11251,0gayfOCt1DJX4j8MOhv7we
13y7CgLHjMVRMDqxdx0Xdo,Gucci Mane,Hard to Kill,38972101,13646,3Ra9lGcR2g1edYL8txyKDq
20sxb77xiYeusSH8cVdatc,Meek Mill,G's In Maybach 2,38884467,9622,6O1ZOZuTKIK1QyaodF3Xf1
1Mxqyy3pSjf8kZZL4QVxS0,Frank Sinatra,Highlights From Duets,38883482,18632,28DupF2KXWachQjIKZOuu9
1sBkRIssrMs1AbVkOJbc7a,Rick Ross,Alfredo,38777372,32995,3znl1qe13kyjQv7KcR685N
4zCH9qm4R2DADamUHMCa6O,Anirudh Ravichander,Nava Manmadhudu (Original Motion Picture Soundtrack),38709878,40830,5WIwDUoFvEy6o01B29dIz0
50co4Is1HCEo8bhOyUWKpn,Young Thug,Young Martha,38654281,2696,1uPwwIkzsCOanBsLExFitZ
1VPmR4DJC1PlOtd0IADAO0,$uicideboy$,KILL YOURSELF Part III: The Budd Dwyer Saga,38535231,21157,763MgGtSgjC4mRxGKU7MPX
6vXTefBL93Dj5IqAWq6OTv,French Montana,Coke Boys 6: Money Heist Edition,38359776,6960,6GeAKnsXX7NF4z5rFB0ZTC
6vWDO969PvNqNYHIOW5v0m,Beyoncé,The Beyonce Experience Live Audio,38268776,11039,46BXsx30qaCaAyyGtWyx7e
3p7PcrEHaaKLJnPUGOtRlT,Henrique & Juliano,Henrique e Juliano (Ao Vivo),38223461,12447,3fkAl3no9d1ErTLP4okOjK
3p7PcrEHaaKLJnPUGOtRlT,Henrique & Juliano,Henrique e Juliano (Ao Vivo),38223461,12447,5jT8QmoIWRgQBqKTcZFEPs
4VMYDCV2IEDYJArk749S6m,Daddy Yankee,"2K20, Pt. 1 (Live)",38145346,10647,0N091826fEGbqVB1NnKguC
7hJcb9fa4alzcOq3EaNPoG,Snoop Dogg,Tha Doggfather,38138173,14279,0vOm2bkcuDCXS6AQqWXyAQ
6vXTefBL93Dj5IqAWq6OTv,French Montana,Coke Boys 6,38113704,6913,3qbLEdVigKOMIAG0vWx6XA
13y7CgLHjMVRMDqxdx0Xdo,Gucci Mane,Hard to Kill (Edited),38085723,13337,6yRPSmdxsVlobtvQRerK7z
0z4gvV4rjIZ9wHck67ucSV,Akon,El Negreeto,38048796,5516,1TSHFiGwKadtL6zMLa4zA5
20sxb77xiYeusSH8cVdatc,Meek Mill,Dreamchasers 3,37791909,15035,5k21b6J72f19J3NmPXgPUu
1mYsTxnqsietFxj1OgoGbG,A.R. Rahman,Galatta Kalyaanam,37770251,17282,4gAUrEjPH7kC6Hwtnx5uhj
137W8MRPWKqSmrBGDBFSop,Wiz Khalifa,Stoner's Night,37748286,9103,32LNK3gHcEGOh0M7fcmRhb
1mYsTxnqsietFxj1OgoGbG,A.R. Rahman,Dil Se (Original Motion Picture Soundtrack),37649852,24886,54NUwj7U1MOhA1ZGbnhiMz
7bXgB6jMjp9ATFy66eO08Z,Chris Brown,Deuces Remix,37638751,11041,2hYWXzaTtPBHAhv2kLVhHG
08GQAI4eElDnROBrJRGE0X,Fleetwood Mac,Peter Green's Fleetwood Mac (Deluxe),37580721,25452,4QtzKoXiBdSUTJbukiEiPr
1mYsTxnqsietFxj1OgoGbG,A.R. Rahman,"A.R. Rahman Hits, Vol.2",37562068,34018,6jOW7KKTXFqMiQicp8AfHq
1mYsTxnqsietFxj1OgoGbG,A.R. Rahman,Mohenjo Daro,37477493,58430,36UJ90D0e295TvlU109Xvy
5f7VJjfbwm532GiveGC0ZK,Lil Baby,2 The Hard Way,37440425,3865,1ho0cNe552yTcBHXbzfozB
1mYsTxnqsietFxj1OgoGbG,A.R. Rahman,Maamannan (Original Motion Picture Soundtrack),37437911,20216,7pMOd6mZQQDi7hz6NYOKL0
4zCH9qm4R2DADamUHMCa6O,Anirudh Ravichander,Remo (Telugu) [Original Motion Picture Soundtrack],37402048,35697,5lmcmry7Mynwt2GSCJHQcV
6Xgp2XMz1fhVYe7i6yNAax,Trippie Redd,Saint Michael,37395091,22447,3hfXFibd09Z5FjzkVir5lw
43ZHCT0cAZBISjO8DG9PnE,Elvis Presley,He Touched Me,37387960,15183,4BcD1RBud4U2DAqByYFBi2
3xvaSlT4xsyk6lY1ESOspO,Disney,Disney Peaceful Piano: Soothing,37384532,22044,1GOlhEiRHg9Y6eL2CKCa5Y
0QHgL1lAIqAw0HtD7YldmP,DJ Khaled,We Global,37370672,10064,1AAvLa465c3cBOaRBrOjw1
3IYUhFvPQItj6xySrBmZkd,Creedence Clearwater Revival,Live In Europe,37138101,4657,6s22OUJ3b1y5NRQ3BPZLZw
1Mxqyy3pSjf8kZZL4QVxS0,Frank Sinatra,A Man And His Music,37112754,19467,6lmuhQkwg4qkjytuho7Oxz
7wlFDEWiM5OoIAt8RSli8b,YoungBoy Never Broke Again,I Just Got A Lot On My Shoulders,37076075,106477,6vxwZzJVRrQKuJK6AcXwbn
3xvaSlT4xsyk6lY1ESOspO,Disney,Disney Peaceful Piano: Happy,36928854,17969,2AuDIqmMrSkbWL22vgsMpm
13y7CgLHjMVRMDqxdx0Xdo,Gucci Mane,Trap God,36875115,7913,1PdibECcUStPNmeTZxtoBY
13y7CgLHjMVRMDqxdx0Xdo,Gucci Mane,Trap God,36875115,7913,6SiRYxE07klRSLa8uyDQzt
3PhoLpVuITZKcymswpck5b,Elton John,A Single Man,36872700,9314,3nCMMolz1wMdEIwlf0SbZp
6XyY86QOPPrYVGvF9ch6wz,Linkin Park,LIVING THINGS: Acapellas and Instrumentals,36790169,10152,7qRKpkP0jSOlBMLYZhAMCh
5fMUXHkw8R8eOP2RNVYEZX,Diplo,Express Yourself EP,36736685,2196,3YprvsFBAgs7HLTkkR1U6y
3xvaSlT4xsyk6lY1ESOspO,Disney,Disney Peaceful Piano: Breathe,36727395,23912,5ZaIlT1NBy0RmwpQpzegv4
74XFHRwlV6OrjEM0A2NCMF,Paramore,Re: This Is Why,36689674,44749,3GteSAGBQKHhmSN5OU819j
74XFHRwlV6OrjEM0A2NCMF,Paramore,Re: This Is Why,36689674,44749,7t4NiEDttnvbCSF0sREjds
329e4yvIujISKGKz1BZZbO,Farruko,Imperio Nazza Farruko Edition,36636694,30648,33Yz6vjgvetL33JAMEnXBR
1mYsTxnqsietFxj1OgoGbG,A.R. Rahman,Ambikapathy (Original Motion Picture Soundtrack),36586528,32011,40cDD0g08a1o03jkhigJn6
0C0XlULifJtAgn6ZNCW2eu,The Killers,Live From The Royal Albert Hall,36580331,13885,1TYHZLZv5mLBkajWsV7cQq
0oSGxfWSnnOXhD2fKuz2Gy,David Bowie,Absolute Beginners,36527052,15284,4YfMtOTb3PcIbv5VI6zibX
31W5EY0aAly4Qieq6OFu6I,A Boogie Wit da Hoodie,Me vs. Myself (Instrumental),36497247,9135,7f18LWnAfeGbVfozs2emR7
4zCH9qm4R2DADamUHMCa6O,Anirudh Ravichander,Varun Doctor (Original Motion Picture Soundtrack),36464817,11902,4Mm8LHPZ4Qf2ZRiAygS0pe
4zCH9qm4R2DADamUHMCa6O,Anirudh Ravichander,Velaikkaran (Original Motion Picture Soundtrack),36443356,30229,3WkCzwLSjWxVm2NU9t6aCM
1mYsTxnqsietFxj1OgoGbG,A.R. Rahman,Jodhaa Akbar (Tamil) [Original Motion Picture Soundtrack],36423118,37634,3s9f4Tuzbvt2dvzY4UUgU7
0k17h0D3J5VfsdmQ1iZtE9,Pink Floyd,Ummagumma,36386471,11068,3IPhWIXHOAhS2npnq6FiCG
1Mxqyy3pSjf8kZZL4QVxS0,Frank Sinatra,Sinatra's Sinatra,36361879,17016,3HBuwtSVm028hyFuwuTiJ5
4Gso3d4CscCijv0lmajZWs,Don Toliver,Heaven Or Hell (CHOPNOTSLOP REMIX),36284552,6592,69RuKg34VBwhfiGuMpXUWQ
0C0XlULifJtAgn6ZNCW2eu,The Killers,Don't Waste Your Wishes,36222972,2345,30huok00bCQ0TxIJDtz09w
2QsynagSdAqZj3U9HgDzjD,Bob Marley & The Wailers,Talkin' Blues,36115625,8165,7MsUS81xOJbxppxEal9aIS
7qG3b048QCHVRO5Pv1T5lw,Enrique Iglesias,Bailando (Remixes),36111354,4510,37Ku07YPLX8ydyaGJpupDC
22bE4uQ6baNwSHPVcDxLCe,The Rolling Stones,Out Of Our Heads (UK),35750777,9195,4ODlRs61uBFoP7HspXs1je
5Rl15oVamLq7FbSb0NNBNy,5 Seconds of Summer,Somewhere New,35734666,9966,0EQf88lQRcjPOEpt9kbnSj
22bE4uQ6baNwSHPVcDxLCe,The Rolling Stones,Goats Head Soup (Deluxe),35564365,8660,5Q7oMv5dx9VinYxveFZNsn
07YZf4WDAMNwqr4jfgOZ8y,Jason Derulo,From the Islands (kompa pasión),35477417,45920,7DkaC3cAgsXUvqSvdrqgQH
1pQWsZQehhS4wavwh7Fnxd,Lenny Tavárez,Pop Porn,35434079,3509,2B9mcwcVlkARjApszysr5m
13y7CgLHjMVRMDqxdx0Xdo,Gucci Mane,East Atlanta Santa 3,35366488,2948,41Mzki3Yox73btDc51evLi
55Aa2cqylxrFIXC767Z865,Lil Wayne,Welcome To The Concrete Jungle,35337770,2908,4hxmBjxENo2VDMShZRp3fW
3xvaSlT4xsyk6lY1ESOspO,Disney,Disney Peaceful Piano: Love Songs,35307212,19337,4fJ9JA2YBDo8HWKAZya9A4
5lwmRuXgjX8xIwlnauTZIP,Romeo Santos,"Fórmula, Vol. 2: Track by Track",35235928,656,14FnVB8TQDpKxlb1hqojPV
20sxb77xiYeusSH8cVdatc,Meek Mill,Dream Chaser 3,35225680,5590,68kfmoOxPVDQBuygNPFpsZ
3WrFJ7ztbogyGnTHbHJFl2,The Beatles,Live At The BBC (Remastered),35200001,15645,2EowTulHWqSY6QZfTDf5vW
1GxkXlMwML1oSg5eLPiAz3,Michael Bublé,Caught in the Act,35135126,6641,0KK6xo3C9WXTdkuj6n3ZUB
6wWVKhxIU2cEi0K81v7HvP,Rammstein,Live aus Berlin,35090442,14823,5pCA8SReb0Slsify6rsb7h
47mIJdHORyRerp4os813jD,League of Legends,The Music of League of Legends: Season 9 (Original Game Soundtrack),35088019,5762,3cYnSSnBe1akJwxv64PHOg
1bfl0AU8SqmLkElptOprhC,Jul,"Desde Mazatlán ""A Mover El Cu....."" (En Vivo)",35086258,12773,5KUl65Lg8DXrAcyx5Nwq81
0pePYDrJGk8gqMRbXrLJC8,Luis R Conriquez,Pisteando Con Amigos (En Vivo),35026078,8183,3eyWMTbJs0XLxLaOaUFLSU
7wlFDEWiM5OoIAt8RSli8b,YoungBoy Never Broke Again,The Last Slimeto (Instrumental),35013188,15453,7hGWu5QWigdJx6pgDMqxa6
1Mxqyy3pSjf8kZZL4QVxS0,Frank Sinatra,The Sinatra Family Wish You A Merry Christmas,34925933,626,1dXo5opLIHxmgrCVc6ia52
6l3HvQ5sa6mXTsMTB19rO5,J. Cole,The Warm Up,34894518,96562,4zxXtxhx2Gc2EwEyMOkAeY
7MiDcPa6UiV3In7lIM71IN,Gusttavo Lima,Gusttavo Lima - EP (Ao Vivo),34629149,12368,4NSMN32ccd9uaMxM5d1h2b
3PhoLpVuITZKcymswpck5b,Elton John,Breaking Hearts,34580042,20657,572Rt1N8EW6yMEEQ298qQJ
51Blml2LZPmy7TTiAg47vQ,U2,October (Remastered),34527723,9271,1CZ5aEhYDBEU0HdIdqLMo6
3Isy6kedDrgPYoTS1dazA9,Sean Paul,Stage One,34407323,22462,6Y5344aCqHNxQNAUStzHrd
6M2wZ9GZgrQXHCFfjv46we,Dua Lipa,Scared To Be Lonely Remixes Vol. 2,34328208,4207,5jTkDSrXEBAowWeHpsA1a2
7n2Ycct7Beij7Dj7meI4X0,TWICE,HAPPY HAPPY,34205845,6944,7L4aQ3NuXn10GinA6Fs2pc
7n2Ycct7Beij7Dj7meI4X0,TWICE,HAPPY HAPPY,34205845,6944,21OEpd5p9vaNQcDMTu05in
4SsVbpTthjScTS7U2hmr1X,Arcángel,Feliz Navidad,34202721,21572,2Qouq3WSc7cBQJcqM4N4nk
13y7CgLHjMVRMDqxdx0Xdo,Gucci Mane,Chicken Talk,34150424,50456,5TP3c28Bx7D8qKvdEFRRND
3b8QkneNDz4JHKKKlLgYZg,Florida Georgia Line,The Acoustic Sessions,34138918,4207,3GV2TdiVjl8E5XXBEuiiyX
0k17h0D3J5VfsdmQ1iZtE9,Pink Floyd,The Later Years 1987-2019,34138732,9543,5S6piLR8OYNymGIApEC6k4
7n2Ycct7Beij7Dj7meI4X0,TWICE,Wake Me Up,34097233,7625,0cLXqY56lwJjG7QNG2mzu7
7n2Ycct7Beij7Dj7meI4X0,TWICE,Wake Me Up,34097233,7625,6IAy5NUKOpoJ3RHC9snSmI
58lV9VcRSjABbAbfWS6skp,Bon Jovi,One Wild Night Live 1985-2001,34004981,12616,1Mbl0e2wE96Y4jSpFQRdXe
66ihevNkSYNzRAl44dx6jJ,Carin Leon,Colmillo De Leche Live Sessions (En Vivo),33969461,25832,0JuvcIJT6XRYurUSUOT4FC
6jGMq4yGs7aQzuGsMgVgZR,Lil Tjay,Farewell,33929742,55923,2aU1tqCW4s0NM6xYSpm9Jx
43ZHCT0cAZBISjO8DG9PnE,Elvis Presley,Prince From Another Planet (Live),33688402,4453,1GX2nOfzF9HpmuikfC7BrQ
1URnnhqYAYcrqrcwql10ft,21 Savage,21 Gang,33576256,3423,4PUFxNR729saTb49K0pQBK
0fA0VVWsXO9YnASrzqfmYu,Kid Cudi,INSANO (NITRO MEGA),33513859,25799,6ofMZXVeY7dABB00zHp8WV
0fA0VVWsXO9YnASrzqfmYu,Kid Cudi,INSANO (NITRO MEGA),33513859,25799,69LeVueGpsU04FroWz51ym
4zCH9qm4R2DADamUHMCa6O,Anirudh Ravichander,Thaanaa Serndha Koottam (Original Motion Picture Soundtrack),33439720,30536,2JnJeimcabagrnJyFtNty1
7hJcb9fa4alzcOq3EaNPoG,Snoop Dogg,"Da Game Is To Be Sold, Not To Be Told",33304775,9876,0ADxWse76Nsk2Tvq5SXGGQ
738wLrAtLtCtFOLvQBXOXp,Major Lazer,Music Is The Weapon (Remixes),33269698,3519,1xPaBWpYSQ6ucVTCltxgTs
738wLrAtLtCtFOLvQBXOXp,Major Lazer,Music Is The Weapon (Remixes),33269698,3519,3ZveBbPoIqrKjMDFm61ntJ
5lwmRuXgjX8xIwlnauTZIP,Romeo Santos,Utopia Live From MetLife Stadium,33269471,15538,2JWG9FSkVSEe63zXq4d2LL
3PhoLpVuITZKcymswpck5b,Elton John,Reg Strikes Back,33188658,14524,6X5nYddBsYWFHQvhN6SGDK
1mYsTxnqsietFxj1OgoGbG,A.R. Rahman,Taal (Original Motion Picture Soundtrack),33102740,25164,3bqIzWWbArrjJ963HKeZcd
3xvaSlT4xsyk6lY1ESOspO,Disney,Disney Guitar: Dream,33047596,19867,6KvAEqxeFDVxFkCvE8gw0C
3PhoLpVuITZKcymswpck5b,Elton John,The Diving Board (Deluxe Version),32973982,2795,6NhOx6UV8nYDgrzPquDFLh
137W8MRPWKqSmrBGDBFSop,Wiz Khalifa,Cabin Fever,32907472,15015,25OhCrSPhQGbafXkmmV0KM
4YRxDV8wJFPHPTeXepOstw,Arijit Singh,52 Non Stop Dilbar Dilbar Remix,32839479,6559,71Z0GMHUBwc1dWAHkoGu0W
17lzZA2AlOHwCwFALHttmp,2 Chainz,Daniel Son; Necklace Don,32785574,2426,4XRo183q0BeXbtJx2d9VWI
20sxb77xiYeusSH8cVdatc,Meek Mill,"Free You Till I See You, Vol. 2",32686849,2048,01tA5lORkfOO3N0kG44Oxo
0C0XlULifJtAgn6ZNCW2eu,The Killers,Pressure Machine (Abridged),32635707,11104,7j8a2kSxAtenkXPim6mwUB
12GqGscKJx3aE4t07u7eVZ,Peso Pluma,"Disco en Vivo, Vol.2 (En Vivo)",32534439,7699,4EgzAGdJX8tL03haJCiwZy
6LqNN22kT3074XbTVUrhzX,Kesha,Animal + Cannibal: The Remix Album,32528303,7760,3Vgw0anSUU5MqalODMsj9c
2feDdbD5araYcm6JhFHHw7,Labrinth,Let It Be - EP,32352442,2234,5jMPW3NzapSb2RIzGVd5YJ
3YQKmKGau1PzlVlkL1iodx,Twenty One Pilots,Vessel (with commentary),32342644,838,213bMr2NI3VDcBLWpkKFxG
22bE4uQ6baNwSHPVcDxLCe,The Rolling Stones,On Air (Deluxe),32309522,3701,6inOkfdsIBoGyRtR3O8Gwj
0k17h0D3J5VfsdmQ1iZtE9,Pink Floyd,A Momentary Lapse of Reason (2019 Remix),32149602,9197,1NtBP8apWQHu9Sa4WJ7C3l
51Blml2LZPmy7TTiAg47vQ,U2,Under A Blood Red Sky (Remastered 2023),32020955,10441,6azIGETFuMbii3GRkXQJxn
1z7b1Pr1rSlvWRzsW3HOrS,Russ,That's My Girl & Tired,31999811,34052,1kfbsMBtTpCrrXqUnBYjjH
7n2Ycct7Beij7Dj7meI4X0,TWICE,#TWICE4 (Japanese ver.),31927906,6410,5UMKm3ihuSD9WQDkwQ7btX
22bE4uQ6baNwSHPVcDxLCe,The Rolling Stones,Get Yer Ya-Ya's Out! The Rolling Stones In Concert (40th Anniversary Edition),31847569,8225,2EPa1og1S4URMd6mEpU9uJ
5Pwc4xIPtQLFEnJriah9YJ,OneRepublic,One Night In Malibu,31725367,10102,50Ud74XX8wnH2RK0n6j5np
0pePYDrJGk8gqMRbXrLJC8,Luis R Conriquez,No Paramos de Chambear,31605507,8830,6auFOiW5BPzmFKmWFFAeX5
137W8MRPWKqSmrBGDBFSop,Wiz Khalifa,Wiz Got Wings,31598713,9311,4kLvbwlPQyp6nSCh2Zavsq
4iHNK0tOyZPYnBU7nGAgpQ,Mariah Carey,Glitter,31580735,34473,2hHFZLYnwsYOOxTCrlNvg0
6vXTefBL93Dj5IqAWq6OTv,French Montana,Casino Life 2: Brown Bag Legend,31578463,3064,3yPHDRkGQyQlq80EVGGCP8
0oSGxfWSnnOXhD2fKuz2Gy,David Bowie,Lodger (2017 Remaster),31510416,7236,0S5nxDIEprOH23QeDoMeFK
0elWFr7TW8piilVRYJUe4P,Natanael Cano,Somos Leyenda,31465245,236473,3wCdZP5zvUlanVuNI951Il
7n2Ycct7Beij7Dj7meI4X0,TWICE,#TWICE3,31455166,7316,5CCOdkAWMzHFQCky3Lbfw5
4iHNK0tOyZPYnBU7nGAgpQ,Mariah Carey,Thank God I Found You EP,31270671,10759,2FOaKrTyadDqoCFkXOPN9m
6LqNN22kT3074XbTVUrhzX,Kesha,Gag Order,31185073,16619,5hOFWwfkeWetTEnMTbX4q9
74XFHRwlV6OrjEM0A2NCMF,Paramore,The Final Riot!,31180379,10328,2O5UJpwxMKjhnoe5YVkEcY
1VPmR4DJC1PlOtd0IADAO0,$uicideboy$,YIN YANG TAPES: Winter Season (1989-1990),31118571,22225,0mcxayFL3acXH5hbwe4VVK
3hcs9uc56yIGFCSy9leWe7,Lil Durk,Nightmares In the Trenches,31107156,26589,3ZuNOvosbywUYTfgZc09tU
3PhoLpVuITZKcymswpck5b,Elton John,The Diving Board,31072396,2684,7nXmwymeNTvJd1CnpEugH2
17lzZA2AlOHwCwFALHttmp,2 Chainz,Life Is Beautiful,31051116,222061,7KldyyeQxbaR4oXtMprIJD
4UXqAaa6dQYAk18Lv7PEgX,Fall Out Boy,PAX AM Days,31012937,3316,03eAUnVRV8HiocTehgn6fe
23fqKkggKUBHNkbKtXEls4,Kygo,KYGO (The Remixes),31009487,46919,3l8rLJyHoGvEEDmNqPKHGu
43ZHCT0cAZBISjO8DG9PnE,Elvis Presley,I Got Lucky,30759057,12531,7qg0rZIEQEN926D0VB8XJW
47mIJdHORyRerp4os813jD,League of Legends,The Music of League of Legends: Season 8 (Original Game Soundtrack),30749750,6158,4KU0DROuCgQhGABoWvuH6E
6vXTefBL93Dj5IqAWq6OTv,French Montana,Mac & Cheese 5 (Deluxe),30672545,17506,7fSFi7t5otQ1voycWffHLk
5fMUXHkw8R8eOP2RNVYEZX,Diplo,Higher Ground,30666276,2402,3U2Ka6zJh19QnwMB8XMDeP
20sxb77xiYeusSH8cVdatc,Meek Mill,Meekend,30612966,3003,4Zni60dy8tgWwxLrDjlNeq
1Mxqyy3pSjf8kZZL4QVxS0,Frank Sinatra,World On A String (Live),30598401,1975,3D4FYzqPi2LqJWyfsY1ZdI
6vXTefBL93Dj5IqAWq6OTv,French Montana,Mac & Cheese 5,30560361,17412,5eNbrlazXci6OR5uQeFfV3
43ZHCT0cAZBISjO8DG9PnE,Elvis Presley,Almost in Love,30504644,10602,37RnDHLg68pu4owUWJYmMt
3WrFJ7ztbogyGnTHbHJFl2,The Beatles,Get Back (Rooftop Performance),30481518,10023,6emgUTDksZyhhWmtjM9FCs
2jku7tDXc6XoB6MO2hFuqg,Tory Lanez,We Outside,30417809,9589,6gFkEbX3HmtvhmDx80Ry5Y
1zNqDE7qDGCsyzJwohVaoX,Anne-Marie,Alarm (Remixes),30297656,1925,3mh9W1g25DoCggQWHeRirA
22bE4uQ6baNwSHPVcDxLCe,The Rolling Stones,Live Licks,30222118,6034,1nn5V9cDuMRowvsoz5cSNf
7vk5e3vY1uw9plTHJAMwjN,Alan Walker,Alone (Remixes),30193246,2115,6Q8RITdKQdxrTnyQk5o36v
7vk5e3vY1uw9plTHJAMwjN,Alan Walker,Alone (Remixes),30193246,2115,5D3DpC2bpSQ4M0i1R7TCnK
58lV9VcRSjABbAbfWS6skp,Bon Jovi,7800 Fahrenheit,30171517,14223,17kgcLvTjG1U7DlOu18yAG
2ye2Wgw4gimLv2eAKyk1NB,Metallica,Some Kind Of Monster (Live),30164056,8595,3A0FTyAAcjgfhPibPsuVSc
0hEurMDQu99nJRq8pTxO14,John Mayer,As/Is - Live,30093508,4464,1QRIX6BuSGegYwiAZOv4R5
2ye2Wgw4gimLv2eAKyk1NB,Metallica,Helping Hands...Live & Acoustic at The Masonic,30093051,8969,3KESkLVC8ivaWmZAoDinoc
3PhoLpVuITZKcymswpck5b,Elton John,21 At 33,30018629,15638,6uIizyHYBxUUp3I76LQ8cV
4GNC7GD6oZMSxPGyXy4MNB,Lewis Capaldi,To Tell The Truth I Can't Believe We Got This Far EP,30006285,12966,3m5tsdLE4yPub7Um77Bobi
6tbjWDEIzxoDsBA1FuhfPW,Madonna,Rebel Heart Tour (Live),30001091,5365,4hBA7VgOSxsWOf2N9dJv2X
6XyY86QOPPrYVGvF9ch6wz,Linkin Park,Minutes to Midnight Live Around the World,29988922,7046,7IYqppCBhR5z9z8JqgXuxi
3t5xRXzsuZmMDkQzgOX35S,Robin Schulz,Same EP,29948766,1813,6OWtLSnr98VMydbMplBgla
2jku7tDXc6XoB6MO2hFuqg,Tory Lanez,PLAYBOY Live,29790808,16748,4SrLr4tAV2aEZt17kz9Wwa
2QsynagSdAqZj3U9HgDzjD,Bob Marley & The Wailers,The Birth Of A Legend (1963-66),29645405,12987,2ymwnKX5hw8j4PqxYv2UQV
4zCH9qm4R2DADamUHMCa6O,Anirudh Ravichander,Remo Special (Original Background Score + Additional Song),29636630,19272,79HMqied0xnXecvwwgT1D0
0ys2OFYzWYB5hRDLCsBqxt,Fuerza Regida,"Otro Pedo, Otro Mundo",29567539,12562,5qRP84o6qlXu1M4K6zSWib
3PhoLpVuITZKcymswpck5b,Elton John,Rocketman (Music From The Motion Picture),29558574,3810,16iIPsnAjGZea8TeOCzeN8
43ZHCT0cAZBISjO8DG9PnE,Elvis Presley,Elvis Now,29510353,12294,2x7QaKvvJ45DcYl78JCf25
58lV9VcRSjABbAbfWS6skp,Bon Jovi,Forever,29488176,30799,248cu9M1nYCijfXswwZ8uW
58lV9VcRSjABbAbfWS6skp,Bon Jovi,Forever,29488176,30799,2dHr0LpUe6CNV5lNsr8x0W
58lV9VcRSjABbAbfWS6skp,Bon Jovi,Forever,29488176,30799,0yLlU98HnWkSG2SwfmoGgh
58lV9VcRSjABbAbfWS6skp,Bon Jovi,Forever,29488176,30799,0PazBgWb8aYFuDXOeBcYhQ
58lV9VcRSjABbAbfWS6skp,Bon Jovi,Forever,29488176,30799,7zFHC5p1ylePX7dNxln5iJ
58lV9VcRSjABbAbfWS6skp,Bon Jovi,Forever,29488176,30799,2MCqgJGGIXwh9YhZFtwwXW
1dfeR4HaWDbWqFHLkxsg1d,Queen,Flash Gordon (Original Soundtrack),29466034,6231,0pZMBVdw7rLCklrrcxIbOy
17lzZA2AlOHwCwFALHttmp,2 Chainz,Hibachi for Lunch,29457391,1459,5tUOzNEZfWrETGesPd75t3
0A0FS04o6zMoto8OKPsDwY,YG,JUST RE'D UP 3,29450037,31620,2qkZWTL0e6lDon20SCiP69
3hcs9uc56yIGFCSy9leWe7,Lil Durk,Love Songs for the Streets,29390052,2968,0VHiA46eaOVlaI6RBwL3HK
1VPmR4DJC1PlOtd0IADAO0,$uicideboy$,KILL YOURSELF Part VI: The Tsunami Saga,29388417,11920,6I7fZ1MfvXz38j2qSmxshv
13y7CgLHjMVRMDqxdx0Xdo,Gucci Mane,Burrrprint (2) HD,29372675,20458,2XfqpEiSJ9r4jKSa8AWvqM
0oOet2f43PA68X5RxKobEy,Shreya Ghoshal,Shreya Ghoshal - Soothing - Kannada Hits 2016,29350915,36214,0bK8b4ZggIdTXJfxvPREnK
0oSGxfWSnnOXhD2fKuz2Gy,David Bowie,David Bowie,29271247,4246,0FjFEuKt6CoUiY73DMdK5N
2QsynagSdAqZj3U9HgDzjD,Bob Marley & The Wailers,Live! (Deluxe Edition),29162855,7618,5KXVSpRSGl544F0KKEaNxO
0oSGxfWSnnOXhD2fKuz2Gy,David Bowie,Heathen,29129129,7007,34Uxe13FFYnUa5rvPYuYFK
22bE4uQ6baNwSHPVcDxLCe,The Rolling Stones,Flashpoint (2009 Remaster),29098020,6609,2O9FkJzHTwi9Z054Y3QtZT
4VMYDCV2IEDYJArk749S6m,Daddy Yankee,"2K20, Pt. 2 (Live)",29093822,9306,0CDLQ6cxLj0UydmFX394VL
7CajNmpbOovFoOoasH2HaY,Calvin Harris,Moving,29036834,1967,1SoFbdEmEiFgpstKwJ8Iyh
22bE4uQ6baNwSHPVcDxLCe,The Rolling Stones,Flashpoint,28968387,6655,7xsPogEXCFMj9Ilaxaa05x
60d24wfXkVzDSfLS6hyCjZ,Martin Garrix,Animals (The Remixes Pt. 1),28932047,4557,4XH6XhjwIFGVbiZUn3HuqG
5LHRHt1k9lMyONurDHEdrp,Tyga,Well Done 3,28861920,11184,1HuVxyaf23BpGWlJcymqal
08GQAI4eElDnROBrJRGE0X,Fleetwood Mac,Behind the Mask,28824946,5174,3aXrkfZW8FzUDOU0RwQ401
3hcs9uc56yIGFCSy9leWe7,Lil Durk,They Forgot,28720495,4227,7M04O54J8wm16ziDsGclWI
3p7PcrEHaaKLJnPUGOtRlT,Henrique & Juliano,Manifesto Musical 2 (Ao Vivo / EP3),28716283,271793,2MJU7aI9wxg760MK5GbynR
0oSGxfWSnnOXhD2fKuz2Gy,David Bowie,Reality,28694879,7063,13uBd1FnzOOHgWXmcgaYr6
0oOet2f43PA68X5RxKobEy,Shreya Ghoshal,Silken Melodies Shreya Ghoshal,28625771,39580,3shjRJUM3KT4VuCsOFVDTt
6XyY86QOPPrYVGvF9ch6wz,Linkin Park,Papercuts: Instrumentals,28502743,25300,494aUGKXMH5ruXtR3O1a3H
43ZHCT0cAZBISjO8DG9PnE,Elvis Presley,Today,28410710,13979,4si8ktuNxnWyGb0t9Pi6ND
3xvaSlT4xsyk6lY1ESOspO,Disney,Disney Peaceful Piano: Blissful,28407587,22494,6Pgzg6yw1ULylVOaPXzAiK
43ZHCT0cAZBISjO8DG9PnE,Elvis Presley,Pot Luck,28392919,16747,2g4kvBYEZoUaO5rMmR4CJI
738wLrAtLtCtFOLvQBXOXp,Major Lazer,Can't Take It From Me (Remixes),28319414,1516,38WPs9imUOXP48otTKVIVQ
3xvaSlT4xsyk6lY1ESOspO,Disney,High School Musical: The Musical: The Series (Original Soundtrack/The Final Season),28312529,21945,4lgerEl1WmufPna1oqpsQZ
5fMUXHkw8R8eOP2RNVYEZX,Diplo,Diplo Presents Thomas Wesley: The Mixtape,28244824,47700,2r5l65occidyNrbfdmvRAI
47mIJdHORyRerp4os813jD,League of Legends,Sessions: Vi,28243041,7197,4WvKA2Da1YSVLyrW6aTNaK
2LIk90788K0zvyj2JJVwkJ,Jack Harlow,18,28211817,3555,0cE9T2M37FIqdvV0Ig8nkB
2LIk90788K0zvyj2JJVwkJ,Jack Harlow,18,28211817,3555,2Qvup4Tfqt5r7icH44mx9s
07YZf4WDAMNwqr4jfgOZ8y,Jason Derulo,2Sides (Side 1),28146996,2229,1RaqQTAjpuj7N5GEIA87OC
7vk5e3vY1uw9plTHJAMwjN,Alan Walker,Neon Nights,28135453,67178,2PMUDyTcZRL0kMKibFgHKT
2wUjUUtkb5lvLKcGKsKqsR,Alessia Cara,Sweet Dream,28079693,3549,2StstfzDqLhNXWowiBSeHr
17lzZA2AlOHwCwFALHttmp,2 Chainz,No Face No Case,28037252,1880,4ZZTAaaz4zrCL1q3cfTnYt
3xvaSlT4xsyk6lY1ESOspO,Disney,Disney Peaceful Piano: Motivation,28014695,15169,5Kw2dnoZorNMGsW31AvbNh
6XyY86QOPPrYVGvF9ch6wz,Linkin Park,Hybrid Theory Live Around the World,28009586,5500,1FiRqhpAowNK8gTl5sOhxZ
3nFkdlSjzX9mRTtwJOzDYB,JAY-Z,Jay-Z Unplugged (Live On MTV Unplugged / 2001),28007482,5231,7ctCScnWG0nMedlfUiauOk
137W8MRPWKqSmrBGDBFSop,Wiz Khalifa,Prince Of The City 2,27998395,4315,3QrW4srJ46sgdfJCAkLUHj
7oPftvlwr6VrsViSDV7fJY,Green Day,BBC Sessions (Live),27841622,7264,7igexfyHGnY4qMAyOzc4q8
3WrFJ7ztbogyGnTHbHJFl2,The Beatles,On Air - Live At The BBC (Vol.2),27789615,8328,4On0Hf7VJC1jz5gXY2cU8p
31TPClRtHm23RisEBtV3X7,Justin Timberlake,The Book of Love (Original Motion Picture Soundtrack),27728376,1801,2H8u9DigrbmhweDlLr8twg
3mIj9lX2MWuHmhNCA7LSCW,The 1975,"At Their Very Best (Live from Madison Square Garden, New York, 07.11.22)",27615939,29099,5j6YJDxFLm027k83JLRjno
5fMUXHkw8R8eOP2RNVYEZX,Diplo,Express Yourself,27583323,1679,1nUcn2WGvAbQA0miy6fBXT
5fMUXHkw8R8eOP2RNVYEZX,Diplo,Express Yourself,27583323,1679,6v75OtLW4MZxCu035LAopd
2QsynagSdAqZj3U9HgDzjD,Bob Marley & The Wailers,"Roots, Rock, Remixed: The Complete Sessions",27417038,6868,2i89WN8gz7w7utOWGfs8oD
4zCH9qm4R2DADamUHMCa6O,Anirudh Ravichander,Petta (Hindi) [Original Motion Picture Soundtrack],27384734,18412,6CPyF4FBUi0a9bJ2VwPKk6
28gNT5KBp7IjEOQoevXf9N,Camilo,tres,27372189,42062,0dpI4KeBTPdazVzW1paxqh
28gNT5KBp7IjEOQoevXf9N,Camilo,tres,27372189,42062,6vWanV9XtF0CQR0z48B5Nd
3xvaSlT4xsyk6lY1ESOspO,Disney,Disney Guitar: Tranquility,27262353,20356,1BX9U1imsmf6lImnV63Xkb
3xvaSlT4xsyk6lY1ESOspO,Disney,Disney Guitar: Break Time,27208990,18399,3bpgROclnnWm7clCFgmweI
1z7b1Pr1rSlvWRzsW3HOrS,Russ,Brain Dead,27208331,3112,2kZ8n3EFPdiWXM5x2j0JxF
1wRPtKGflJrBx9BmLsSwlU,Pritam,Rush,27202255,24896,3PkrQdrzWhrQ3c4cnbedfi
7wlFDEWiM5OoIAt8RSli8b,YoungBoy Never Broke Again,"Sincerely, Kentrell (Instrumental)",27117351,7770,3mECZtuMuQHxahdcVHvmVG
6tbjWDEIzxoDsBA1FuhfPW,Madonna,Sticky & Sweet Tour,27113989,6525,1uiHQYyeEZ9rhKwyw4lc9b
6tbjWDEIzxoDsBA1FuhfPW,Madonna,Sticky & Sweet Tour,27113989,6525,5sE73Nv3vJ1xaFxR9oL4z6
43ZHCT0cAZBISjO8DG9PnE,Elvis Presley,Viva Elvis,27091815,7648,4s9av7NxzjUbvQl5h9S2BN
1Mxqyy3pSjf8kZZL4QVxS0,Frank Sinatra,Close To You And More (Remastered),27082618,2923,0ntYrgH2CUtgdpuEsqKzEn
1dfeR4HaWDbWqFHLkxsg1d,Queen,Live Killers,27006893,6604,4c5Olye77P5ii9DEG7UlZX
3xvaSlT4xsyk6lY1ESOspO,Disney,Disney Guitar: Love,26951886,16000,0cDO2axPuP9qdavq42rMug
04gDigrS5kc9YWfZHwBETP,Maroon 5,Call And Response: The Remix Album,26867449,2473,1btcxe4BlA1oqaBXQhd5zm
4zCH9qm4R2DADamUHMCa6O,Anirudh Ravichander,Jawan (TELUGU),26754772,14009,6HQvXy8EdBsmTx38Bp8KBZ
1mYsTxnqsietFxj1OgoGbG,A.R. Rahman,Kochadaiiyaan (Original Motion Picture Soundtrack),26734997,29206,4aXqdmPwLcawxhTLyCTstL
3xvaSlT4xsyk6lY1ESOspO,Disney,Disney Guitar: Joy,26706387,14795,11x60QHsoQa9rJVkIVFccW
22bE4uQ6baNwSHPVcDxLCe,The Rolling Stones,Dirty Work (Remastered 2009),26683722,9264,6Xui7Ex7Qs5CafFQnWeR6w
6jJ0s89eD6GaHleKKya26X,Katy Perry,Teenage Dream - Remix EP,26563224,11014,1FRRBe4H2wtYI2jEJpmBYg
1Mxqyy3pSjf8kZZL4QVxS0,Frank Sinatra,Swing Easy!,26553736,13581,6j0yZEGpZBnoAQYIH0pIG7
3xvaSlT4xsyk6lY1ESOspO,Disney,Disney Guitar: Motivation,26495607,16613,7jCjObQinCJW343CbnezaE
3xvaSlT4xsyk6lY1ESOspO,Disney,Disney Christmas,26410205,13090,0ufkrp1opwOH6K1Pj0EOM1
3WGpXCj9YhhfX11TToZcXP,Troye Sivan,The June Haverly EP,26343115,390,4JOcDRsXp0auetzB9yv2WE
2hlmm7s2ICUX0LVIhVFlZQ,Gunna,Drip Season,26340694,10738,0dHaEMMoQ7HP3nBi3yYU0o
12vb80Km0Ew53ABfJOepVz,Ñengo Flow,Los Reyes del Rap,26119563,18623,7eCEL5jWbHsSxMaMtvZGXs
1Mxqyy3pSjf8kZZL4QVxS0,Frank Sinatra,Vegas (Live),26086958,2418,4qCD9ztKqoKkm0yakpt3nZ
3WGpXCj9YhhfX11TToZcXP,Troye Sivan,Honey,26085471,26276,6gBBt9gof7vgnhgacXRv2T
0oSGxfWSnnOXhD2fKuz2Gy,David Bowie,1. Outside (The Nathan Adler Diaries: A Hyper Cycle),26060814,9449,6lo9vk77R6NAzAg3tTcJxc
1mYsTxnqsietFxj1OgoGbG,A.R. Rahman,Dil Hi Dil Mein (Original Motion Picture Soundtrack),25964216,22050,15wpQtYDmZO2sFuKG5RUDM
6vWDO969PvNqNYHIOW5v0m,Beyoncé,Above And Beyoncé Dance Mixes,25919266,4315,7sJrStyxsdgeQOUlBszizA
0oSGxfWSnnOXhD2fKuz2Gy,David Bowie,Earthling,25907408,7785,47mMVL72wEPG0li4VTtHzM
0oSGxfWSnnOXhD2fKuz2Gy,David Bowie,Earthling,25907408,7785,1LCF3So9B9X0xreRtYbYIr
3xvaSlT4xsyk6lY1ESOspO,Disney,Disney Guitar: Blissful,25873649,17240,7kFYl7LzfMz29lwsDyh2bf
4V8Sr092TqfHkfAA5fXXqG,Luis Fonsi,Amor Secreto,25829972,13404,6BWkn5dzEG4yOnEUXr5oIn
0pePYDrJGk8gqMRbXrLJC8,Luis R Conriquez,Corridos Bélicos (Con Banda),25745851,7525,11zljiGCObvgkdTxTBXKXM
3AA28KZvwAUcZuOKwyblJQ,Gorillaz,Meanwhile EP,25630439,5633,0q19TmDISPRbmRIZJyrEz6
1Mxqyy3pSjf8kZZL4QVxS0,Frank Sinatra,Seduction: Sinatra Sings Of Love (Deluxe Edition Remastered),25542660,2842,42dkXVdxjNbxVby8eL9ZWw
3aQeKQSyrW4qWr35idm0cy,T-Pain,GLORIOUS,25541180,96887,4dUAojdnh5Bcho1n8bPSO0
6tbjWDEIzxoDsBA1FuhfPW,Madonna,Like A Prayer (30th Anniversary),25527029,9958,1eiHWJu6JPiYDFFrE1rwhq
3hcs9uc56yIGFCSy9leWe7,Lil Durk,Signed to the Streets,25523182,9678,0u2zCSmrCPlRZXgXM8wagz
3PhoLpVuITZKcymswpck5b,Elton John,The Big Picture,25513116,9454,7ndxdHA40ZLx0jH0V6fjz9
47mIJdHORyRerp4os813jD,League of Legends,The Music of League of Legends: Season 5 (Original Game Soundtrack),25496726,6108,0AaYIwH5G6w82B8iKOWCCb
3xvaSlT4xsyk6lY1ESOspO,Disney,Disney Peaceful Piano: Joy,25480456,14554,2zMoXnyQRqwvMRdIyNmTSb
3xvaSlT4xsyk6lY1ESOspO,Disney,Disney Peaceful Piano: Serenity,25431440,20238,5y3dlSPOy0X6TG6iGQDs3e
1mYsTxnqsietFxj1OgoGbG,A.R. Rahman,Chhaava (Original Motion Picture Soundtrack),25421233,247409,237a62e5OURRgvJ9G3yHM3
3aQeKQSyrW4qWr35idm0cy,T-Pain,The Lost Remixes,25192086,11767,01wNAJemmGxxn5gmIhJ3GQ
3AA28KZvwAUcZuOKwyblJQ,Gorillaz,Laika Come Home,25179054,5951,0yPLNfI8WPJWFoJugr0KAv
6tbjWDEIzxoDsBA1FuhfPW,Madonna,Burning Up / Physical Attraction,25175924,8434,3eDKsQ2kXqvrcAGlXwVP84
7hJcb9fa4alzcOq3EaNPoG,Snoop Dogg,Snoop Dogg Presents Bible of Love,25094435,2775,4zeITicw3oKpOV5EMQIUQH
0oSGxfWSnnOXhD2fKuz2Gy,David Bowie,1. Outside (The Nathan Adler Diaries: A Hyper Cycle) [2021 Remaster],25060442,9583,760SXeQgPMob9S529R0SAq
0oOet2f43PA68X5RxKobEy,Shreya Ghoshal,Duet Love Songs - Sonu Nigam & Shreya Ghoshal Hits,25059386,39315,3fFxI80RlkJs1zjmZDsrnU
13y7CgLHjMVRMDqxdx0Xdo,Gucci Mane,"Brick Factory, Vol. 1",24931033,25271,4mfysvKBhA3byLfaPEufmb
0elWFr7TW8piilVRYJUe4P,Natanael Cano,Mi Verdad Corridos Tumbados,24824519,15032,7gx9IXdi3eWohTPcC1iILs
0jnsk9HBra6NMjO2oANoPY,Flo Rida,High Heels (Remixes),24783055,8037,7Jtk7d0Pxv53Ooq1oFKqKV
7hJcb9fa4alzcOq3EaNPoG,Snoop Dogg,Snoop Dogg Presents Algorithm,24762139,4629,61qj9MgqlVi0xzi55mHZiX
738wLrAtLtCtFOLvQBXOXp,Major Lazer,Original Don (Remixes),24651116,1608,50z3p8CrCmhY4x0aGZLxSK
1Mxqyy3pSjf8kZZL4QVxS0,Frank Sinatra,Ol' Blue Eyes Is Back,24601009,9409,7rume1B0CM3J35YeAYq0zu
13y7CgLHjMVRMDqxdx0Xdo,Gucci Mane,Meal Ticket,24529416,2447,4EIzDomMz40AcCkqeq484j
360IAlyVv4PCEVjgyMZrxK,Miguel,Art Dealer Chic 4,24458167,2403,0HjWJuW1StzouaOWndsxt9
1mYsTxnqsietFxj1OgoGbG,A.R. Rahman,Blue,24436015,20193,2xZSrcBmvMw9Y8hac6xU7L
1mYsTxnqsietFxj1OgoGbG,A.R. Rahman,Blue,24436015,20193,45HaaeQWPzIHJDpvVdYXm8
1Mxqyy3pSjf8kZZL4QVxS0,Frank Sinatra,London,24428898,9044,4ccd93X7ZGJG2Z5gXB1QnR
0oOet2f43PA68X5RxKobEy,Shreya Ghoshal,Shreya Ghoshal Super Hits,24343517,33468,31KlIwvBzl0tSIVpmBgmiD
2jku7tDXc6XoB6MO2hFuqg,Tory Lanez,PETERSON,24203680,203687,6QoJa1uhryvCmMlmq0BCJQ
6XyY86QOPPrYVGvF9ch6wz,Linkin Park,A Thousand Suns Live Around the World,24019046,5600,0hJ3A7sih1AXDoMjXHLr7Q
5LHRHt1k9lMyONurDHEdrp,Tyga,NSFW,24005906,132936,0HFmXICO7WgVoqLAXc7Rhw
6XyY86QOPPrYVGvF9ch6wz,Linkin Park,Meteora Live Around the World,23966104,4693,4flcwtqnLoKZJ2wrCp1aJq
31W5EY0aAly4Qieq6OFu6I,A Boogie Wit da Hoodie,ALONE,23917504,18051,5YdIiv5WLNbaONCyGIDszz
31W5EY0aAly4Qieq6OFu6I,A Boogie Wit da Hoodie,ALONE,23917504,18051,2tkuaUzyQsdY4eTPCutkT3
31W5EY0aAly4Qieq6OFu6I,A Boogie Wit da Hoodie,ALONE,23917504,18051,7ePC9qS9mSOTY9E0YPP6yg
31W5EY0aAly4Qieq6OFu6I,A Boogie Wit da Hoodie,ALONE,23917504,18051,4blCxKnK1sGo9D45trrqjt
31W5EY0aAly4Qieq6OFu6I,A Boogie Wit da Hoodie,ALONE,23917504,18051,7CQWEPM5BVSDy3QS4Eb38H
31W5EY0aAly4Qieq6OFu6I,A Boogie Wit da Hoodie,ALONE,23917504,18051,1y0ZiIIVOVdpg5lXkAJ36c
31W5EY0aAly4Qieq6OFu6I,A Boogie Wit da Hoodie,ALONE,23917504,18051,5ZJDxWchW5jtfDJlnj9CKC
1dKdetem2xEmjgvyymzytS,Grupo Firme,En Vivo Desde Medellín Colombia,23915384,692,68IwuftbogjBiBqZKQEoiW
1Mxqyy3pSjf8kZZL4QVxS0,Frank Sinatra,The Columbia Years (1943-1952): The Complete Recordings: Volume 2,23875037,1246,1G2HI9JA0b2sMXjq2D17iF
6l3HvQ5sa6mXTsMTB19rO5,J. Cole,The Come Up Mixtape Vol. 1,23857507,32030,3YstvzydeKYGSHDI8J0l37
3IYUhFvPQItj6xySrBmZkd,Creedence Clearwater Revival,Live At Woodstock,23668720,5181,56jhCxU4IQs54Od4ariSaY
137W8MRPWKqSmrBGDBFSop,Wiz Khalifa,Wiz Khalifa,23655829,2160,2ZcuWWUMsGC6DtGHNzjaK6
181bsRPaVXVlUKXrxwZfHK,Megan Thee Stallion,Make It Hot,23621757,3714,763p6uXljCRkpAdUlAjBKc
181bsRPaVXVlUKXrxwZfHK,Megan Thee Stallion,Make It Hot,23621757,3714,4zGtPLu4eVxoGT8XBg7TOz
181bsRPaVXVlUKXrxwZfHK,Megan Thee Stallion,Make It Hot,23621757,3714,1KqDByzl8ka4U4OhcgqLKq
5K4W6rqBFWDnAN6FQUkS6x,Kanye West,Late Orchestration,23541982,4996,0veuYKXCayS7oIfyqlibeR
1mYsTxnqsietFxj1OgoGbG,A.R. Rahman,Thiruda Thiruda (Original Motion Picture Soundtrack),23531052,16297,4ZainykpWQep1A7T7YHhK6
3xvaSlT4xsyk6lY1ESOspO,Disney,Disney Guitar: Serenity,23494663,18214,6yR9o27G8Cnxu8BLrOyKsN
6vXTefBL93Dj5IqAWq6OTv,French Montana,Mac & Cheese 3,23473303,4435,505pFOzDUrDR6ToQlPiXC2
1dfeR4HaWDbWqFHLkxsg1d,Queen,On Fire: Live At The Bowl,23371266,4241,7gJGZIFnUyXP2wa0gdIjRY
0TnOYISbd1XYRBk9myaseg,Pitbull,El Taxi (Remixes),23354093,2555,5N2BIbZ9utBSfgRjin9gt8
55Aa2cqylxrFIXC767Z865,Lil Wayne,Tha Block Is Hot,23315209,9316,75s3OxagI6DX8OKLKymPLN
1z7b1Pr1rSlvWRzsW3HOrS,Russ,CHOMP,23280885,5211,6hTlfMRAEJBMyETemdH5Qq
7jVv8c5Fj3E9VhNjxT4snq,Lil Nas X,Days Before Dreamboy,23248110,233879,1oqxzh4V3jEnNedwoL408R
13y7CgLHjMVRMDqxdx0Xdo,Gucci Mane,The Return of Mr. Zone 6,23158103,8018,2Msm2Z4iEpwG27G6oexwIX
08GQAI4eElDnROBrJRGE0X,Fleetwood Mac,Men of the World: The Early Years,23130818,9693,48gcTGds5MLWEURDjbpwYE
3xvaSlT4xsyk6lY1ESOspO,Disney,Disney Peaceful Piano: Self-Care Day,23118460,16544,2crUCxYkIcOdS25kaR5GgM
2nszmSgqreHSdJA3zWPyrW,Luis Miguel,Canta En Italiano,23078546,9506,3PIns2QvAPHuDZ807zmHJz
3xvaSlT4xsyk6lY1ESOspO,Disney,Disney Peaceful Piano: Balance,23047467,17650,4CuPnITlVU9RjgLNchKEEW
7qG3b048QCHVRO5Pv1T5lw,Enrique Iglesias,EL BAÑO (The Remixes),23000041,8393,3qjsecGpiaOlfUbFZ8ZKJs
07YZf4WDAMNwqr4jfgOZ8y,Jason Derulo,Reloaded,22982050,1456,0fZaAmx0ErbUz3c2OzaY4A
07YZf4WDAMNwqr4jfgOZ8y,Jason Derulo,Reloaded,22982050,1456,4ynK4FItUnQEpy1skJy9qq
5Rl15oVamLq7FbSb0NNBNy,5 Seconds of Summer,The Feeling of Falling Upwards (Live from The Royal Albert Hall),22939401,17653,35LYgkNRuy9zsyyuWBlJwr
3IYUhFvPQItj6xySrBmZkd,Creedence Clearwater Revival,"At The Royal Albert Hall (At The Royal Albert Hall / London, UK / April 14, 1970)",22909564,9419,0UBcJ9u1Clc6B1ioE5WAUI
20sxb77xiYeusSH8cVdatc,Meek Mill,HEATHENISM,22879051,23043,10OuYNhsZyIip13lZe6dzG
0eHQ9o50hj6ZDNBt6Ys1sD,Yandel,Legacy - De Líder a Leyenda Tour,22839289,689,5u3R8v05kQkajcsZ7J2EBE
6vXTefBL93Dj5IqAWq6OTv,French Montana,Dlow Curry,22829984,236125,2KtiNduXFIrpZG2nQuboD4
53XhwfbYqKCa1cC15pYq2q,Imagine Dragons,Imagine Dragons EP,22764234,7012,0cmKGBTMZndKAu5DW9mPUJ
7iK8PXO48WeuP03g8YR51W,Myke Towers,El Final del Principio,22748807,13652,2T2E0jmiYGfaHmjlNmMCys
1Mxqyy3pSjf8kZZL4QVxS0,Frank Sinatra,Best Of Vegas,22747215,1846,5JXp0gHTV2oA4DsLSixK1y
3AA28KZvwAUcZuOKwyblJQ,Gorillaz,Song Machine Episode 6,22735415,3958,5Bwya934UjdQS5XAo32Z1K
3aQeKQSyrW4qWr35idm0cy,T-Pain,On Top of The Covers,22662417,12728,3nrTn6ARC5PpGw1DZysRNU
3hcs9uc56yIGFCSy9leWe7,Lil Durk,Supa Vultures - EP,22639050,4269,3k4eaTOMh8UdXCjdab2sjF
6jJ0s89eD6GaHleKKya26X,Katy Perry,E.T. (The Remixes) - EP,22613867,4208,3VpqmLjsrW9kEHHw4IAm9i
3xvaSlT4xsyk6lY1ESOspO,Disney,Disney Peaceful Piano: Dream,22613715,15700,4QQfRSjWLXoxxVGtqc8HUR
43ZHCT0cAZBISjO8DG9PnE,Elvis Presley,Fun in Acapulco,22603281,13595,6HKnyw3DYCaD1wdmzez463
02kJSzxNuaWGqwubyUba0Z,G-Eazy,Rebel,22548455,1966,5Uz86UFHzSfCdhzOYns3ih
137W8MRPWKqSmrBGDBFSop,Wiz Khalifa,Taylor Allderdice,22412831,21115,5eMfzcTHKfxQB61CCTFMbX
1wRPtKGflJrBx9BmLsSwlU,Pritam,Apna Sapna Money Money (Original Motion Picture Soundtrack),22399445,26742,6T8wuRH8VlddclFhhZvsDb
04gDigrS5kc9YWfZHwBETP,Maroon 5,The B-Side Collection,22364059,3691,6pNiXkAFy0yVilqQgicgpx
7hJcb9fa4alzcOq3EaNPoG,Snoop Dogg,From Tha Streets 2 Tha Suites,22358832,4596,6D1tydNOSP2pWcHlMexO49
1Mxqyy3pSjf8kZZL4QVxS0,Frank Sinatra,No One Cares (Remastered / Expanded Edition),22348672,4130,1nnCD4VLdJ4n6lnOOUNUMc
1Cs0zKBU1kc0i8ypK3B9ai,David Guetta,Bang My Head (feat. Sia & Fetty Wap),22325941,906,7FuRQryJz4eyHX6UgmIWa9
04gDigrS5kc9YWfZHwBETP,Maroon 5,Overexposed Commentary,22282115,2123,3XGBx5OsOELJAWa1vE7N2b
6jJ0s89eD6GaHleKKya26X,Katy Perry,"Unplugged (Live At MTV Unplugged, New York, NY/2009)",22251501,4837,1qAoFDC9NoiJ3zD5lst6pG
1bfl0AU8SqmLkElptOprhC,Jul,Corridos,22204339,4642,0dAb8o8AA2xIaFrXJ0skzy
43ZHCT0cAZBISjO8DG9PnE,Elvis Presley,Where No One Stands Alone,22116696,5111,0h3XtEi1s2gWTeSWKxFn4D
2RdwBSPQiwcmiDo9kixcl8,Pharrell Williams,Hidden Figures - Original Score,22100644,4795,6nRmgnXFlSsfPYTtRp52gR
22bE4uQ6baNwSHPVcDxLCe,The Rolling Stones,Havana Moon (Live),22079433,2766,2VUSQpZEZRVfPt8NWas33D
137W8MRPWKqSmrBGDBFSop,Wiz Khalifa,Full Court Press,22065957,6534,4MLxuO3jk1GYUfJIMYMZCS
4SsVbpTthjScTS7U2hmr1X,Arcángel,Papi Arca,21989286,56921,0TnXanpr5ASzEcS5lEaKRN
47mIJdHORyRerp4os813jD,League of Legends,The Music of League of Legends: Season 6 (Original Game Soundtrack),21975099,5953,3cVdgLiHKt2n02pVix6lZY
00FQb4jTyendYWaN8pK0wa,Lana Del Rey,Buddy's Rendezvous,21964859,18517,3hL6ZIcwV6zUfqRiPLPBLJ
2kCcBybjl3SAtIcwdWpUe3,Lil Peep,Your Name Is Still My Password,21943308,12686,0e5xUuIWrKTLFYMSw0lM2d
52iwsT98xCoGgiGntTiR7K,Quevedo,La Madrugá,21915080,728275,3Au0IW8JlUTwsvT4Ym6yL7
1wRPtKGflJrBx9BmLsSwlU,Pritam,Golmaal 3,21900880,24284,0v6eCttKxqeSVaB2AbGOBM
738wLrAtLtCtFOLvQBXOXp,Major Lazer,Piano Republik,21868854,10992,7Bv6Vg8y1Cwl7b9TV1xSqQ
4zCH9qm4R2DADamUHMCa6O,Anirudh Ravichander,Bharateeyudu 2 (Original Motion Picture Soundtrack),21826218,37815,3P8otcegesn7dJkY5UZz0p
6icQOAFXDZKsumw3YXyusw,Lil Yachty,Bad Cameo,21825991,20528,5zncNknK8hrQyTTVWpUyAf
1anyVhU62p31KFi8MEzkbf,Chance the Rapper,Merry Christmas Lil Mama: The Gift That Keeps On Giving,21690432,2025,1ytfpLuUC11zEpbq4yM9Uu
08GQAI4eElDnROBrJRGE0X,Fleetwood Mac,Mr. Wonderful (Deluxe),21671556,5223,3RT7bmMbIAuDHB9L1HwTzh
69GGBxA162lTqCwzJG5jLp,The Chainsmokers,So Far So Good (lofi remixes),21621942,8301,3Fpxa7OUrdGmqEebgoAF1E
137W8MRPWKqSmrBGDBFSop,Wiz Khalifa,Amber Kush 2,21596310,3096,17L9MFwRHx7GFADKwKNqI5
43ZHCT0cAZBISjO8DG9PnE,Elvis Presley,Live 1969,21587156,6366,3s7da3LPVn5N1yobOcAen0
13y7CgLHjMVRMDqxdx0Xdo,Gucci Mane,Lean,21522307,7388,3UozLoQIShlJYRlqKSsOkH
13y7CgLHjMVRMDqxdx0Xdo,Gucci Mane,Lean,21522307,7388,1pxbLI1IX7RKkbMjaSrm9j
4YRxDV8wJFPHPTeXepOstw,Arijit Singh,Pagglait (Original Motion Picture Soundtrack),21449220,3379,6BnRf8fttKY98wU5XTU6xN
4zCH9qm4R2DADamUHMCa6O,Anirudh Ravichander,Beast (Original Background Score),21427788,14790,0mZe6r4eaGrhuCvx6dzxey
5fMUXHkw8R8eOP2RNVYEZX,Diplo,F10RIDA,21370793,2069,4GqxSX8XBO10J8o4FomkBK
13y7CgLHjMVRMDqxdx0Xdo,Gucci Mane,ATL Dons,21343689,4731,0aTs6UYGF3lk6gp5p8Jqjr
0z4gvV4rjIZ9wHck67ucSV,Akon,Koncrete Vol. 1,21281255,3322,3ZpfQDwafNdaEUnbWVHIlM
0oSGxfWSnnOXhD2fKuz2Gy,David Bowie,Glastonbury 2000 (Live),21241194,4742,6frjpRu2P0fdF9xSS9stjY
22bE4uQ6baNwSHPVcDxLCe,The Rolling Stones,Between The Buttons (UK Version),21207379,6358,6zUGj6iIU30nuPTEoqbD9n
1mYsTxnqsietFxj1OgoGbG,A.R. Rahman,Zubeidaa (Original Motion Picture Soundtrack),21192749,12484,5t0wkaiJ86D3MtdBhUevkd
0oSGxfWSnnOXhD2fKuz2Gy,David Bowie,Ziggy Stardust and the Spiders from Mars (The Motion Picture Soundtrack),21164012,3572,44jkgfcuBri1LuAsdLRlbt
0jnsk9HBra6NMjO2oANoPY,Flo Rida,Feels Right (I Love It) [When In Miami],21067228,18569,4YKRZO1UgIQKZBgZbADTMA
0pePYDrJGk8gqMRbXrLJC8,Luis R Conriquez,Desde La Oficina (En Vivo),21059162,7699,6Ze9Ja5wGsNBu6igmWWBNy
17lzZA2AlOHwCwFALHttmp,2 Chainz,T.R.U. REALigion (Anniversary Edition),20959954,7648,4fu330cC3wvmffXjuDb3f1
0oSGxfWSnnOXhD2fKuz2Gy,David Bowie,London Boy,20905917,4638,0PRvm4tTSpxANgHnKN5yds
7vk5e3vY1uw9plTHJAMwjN,Alan Walker,Ignite (Remixes),20886140,6225,6DAGNKNw2kDhx4N8SII5Cx
5WUlDfRSoLAfcVSX1WnrxN,Sia,Healing is Difficult (10th Anniversary Edition) (Deluxe),20857513,6388,077wcp5NLTdkFGSAttyfmG
7hJcb9fa4alzcOq3EaNPoG,Snoop Dogg,Make America Crip Again,20809055,2105,6MRg8FgwKDNmNO0D9neSmo
6vWDO969PvNqNYHIOW5v0m,Beyoncé,4: The Remix,20757772,1290,7vZizzCMyhrVSDe7ngA7i8
08GQAI4eElDnROBrJRGE0X,Fleetwood Mac,Mr. Wonderful,20753594,4864,2yBjm0Jb8d8Oaor7F6ivyN
08GQAI4eElDnROBrJRGE0X,Fleetwood Mac,Mr. Wonderful,20753594,4864,7ijgeLAW3W3vZ9jf6tozFq
0jnsk9HBra6NMjO2oANoPY,Flo Rida,Feels Right (I Love It) [Sundress Season],20752505,18386,2tyiONoP6bWk2Dq6CuEMw8
137W8MRPWKqSmrBGDBFSop,Wiz Khalifa,Show And Prove,20743986,3209,3IYo3fq1R4FyvyomUbJiki
23zg3TcAtWQy7J6upgbUnj,USHER,"12"" Masters - The Essential Mixes",20713154,3352,5nEa8zZQgZetmabLXu72Ko
23zg3TcAtWQy7J6upgbUnj,USHER,"12"" Masters - The Essential Mixes",20713154,3352,4fAPBaqOwmUp5jS6yr5kq0
1Mxqyy3pSjf8kZZL4QVxS0,Frank Sinatra,Sinatra-Basie: An Historic Musical First,20689867,6880,7p1EpWCySdfPcem2rTVu9b
3PhoLpVuITZKcymswpck5b,Elton John,The Union (Deluxe),20639986,2740,7hZmPWO4fh1zlDBQOdRwSg
47mIJdHORyRerp4os813jD,League of Legends,Sessions: Star Guardian Taliyah,20560678,6381,5a3R3wxx4SURufgfrgxwdV
1mYsTxnqsietFxj1OgoGbG,A.R. Rahman,Vande Mataram,20499411,8399,7zFbzmYGeZeIoplDTADF0Z
5LHRHt1k9lMyONurDHEdrp,Tyga,Sip It,20456731,5127,7awiUL8vX8sYF2lKtejXUG
0k17h0D3J5VfsdmQ1iZtE9,Pink Floyd,1972 Obfusc/ation,20451881,12405,5xhBf9DKzndQhi1CSu0W7q
50co4Is1HCEo8bhOyUWKpn,Young Thug,RG2,20350105,3209,2ppw6DFuPFHi4EOGLxHX2F
3PhoLpVuITZKcymswpck5b,Elton John,The Union,20336040,2696,5O3tJmTjdvIWSRyut7mTbZ
6vXTefBL93Dj5IqAWq6OTv,French Montana,Casino Life: Mr. 16,20087882,3074,1dOMtl1MR3L3kxn9sgKbsv
47mIJdHORyRerp4os813jD,League of Legends,The Music of League of Legends: Season 7 (Original Game Soundtrack),20020731,4448,3pwCQhmup3Hc6XOSWTnH8a
0oOet2f43PA68X5RxKobEy,Shreya Ghoshal,Shreya Ghoshal Telugu Hits,19949818,27673,64WOGyAtTO4rrpovRQldI0
0VRj0yCOv2FXJNP47XQnx5,Quavo,ATL,19770695,3784,2a6y0iANWmfh1nhaq4X09J
43ZHCT0cAZBISjO8DG9PnE,Elvis Presley,Clambake,19760278,6510,6rgQTKAl5UXrWhPUKuIGFN
4obzFoKoKRHIphyHzJ35G3,Becky G,People (feat. Becky G) [Remixes],19746650,11454,49TVWS0iWtQ7ZAQFzqqpoB
20sxb77xiYeusSH8cVdatc,Meek Mill,Free You Till I See You,19744260,1455,6rLBLQHnasRYdv2kQG38nJ
2QsynagSdAqZj3U9HgDzjD,Bob Marley & The Wailers,Legend Remixed,19743770,3906,35NOCvskgFRgsYoIWHKIky
2QsynagSdAqZj3U9HgDzjD,Bob Marley & The Wailers,Legend Remixed,19743770,3906,4mFwVyByhtRgdrjtO5tZr2
14zUHaJZo1mnYtn6IBRaRP,Justin Quiles,PERMANENTE,19638979,17681,3iA6lFPydNrgFd6s1Hojii
08GQAI4eElDnROBrJRGE0X,Fleetwood Mac,Before the Beginning - 1968-1970 Rare Live & Demo Sessions (Remastered),19599912,1925,3mlM7EnbGFBqcYNZ32ULWh
0oOet2f43PA68X5RxKobEy,Shreya Ghoshal,Best of Shreya Ghoshal & Sonu Nigam,19596826,27666,5JKdcnPZDA0Cq5t65ls0FP
2qxJFvFYMEDqd7ui6kSAcq,Zedd,The Legend Of Zelda,19594571,1134,1lz6uLfRHL80m94JpOliGU
1Mxqyy3pSjf8kZZL4QVxS0,Frank Sinatra,Sinatra Sings Great Songs From Great Britain,19592096,8653,6b7ZGnmYbsyzRlzewpzAMf
5pKCCKE2ajJHZ9KAiaK11H,Rihanna,Rated R: Remixed,19583217,1314,2wi0v7jPzYBCd99GggLtN8
2wUjUUtkb5lvLKcGKsKqsR,Alessia Cara,Love & Hyperbole,19538850,83759,1xyO6rgO44G5BYpljc11l4
2wUjUUtkb5lvLKcGKsKqsR,Alessia Cara,Love & Hyperbole,19538850,83759,6B7J2anabeL3P2kKK6UsOJ
13y7CgLHjMVRMDqxdx0Xdo,Gucci Mane,Gucci Classics,19527742,7692,37ZHIU4JoXB43lPWZHteVs
3xvaSlT4xsyk6lY1ESOspO,Disney,Disney Ukulele: Love,19448020,13964,2H671Hg8bphx28BBFEP2pI
1RyvyyTE3xzB2ZywiAwp0i,Future,Mexican Lingo,19433955,4244,4DY0OCgOucLcPHZI5MUKC8
0L8ExT028jH3ddEcZwqJJ5,Red Hot Chili Peppers,Rock & Roll Hall of Fame Covers - EP,19411161,4277,2DKXYxXlATCLvg6SVcJsxB
1ZwdS5xdxEREPySFridCfh,2Pac,Soldier 2 Soldier (Collector's Edition),19361917,2345,0CvYkPhiIGkbYJy6hP2pcv
0NGAZxHanS9e0iNHpR8f2W,Alok,Alok Presents Scorsi,19213412,1744,626XB1ukrjRxXtrarHlg7n
13y7CgLHjMVRMDqxdx0Xdo,Gucci Mane,World War 3 (Lean),19205318,5333,6mB7nVz8x267zw7BR3s3nf
2QsynagSdAqZj3U9HgDzjD,Bob Marley & The Wailers,"Live At The Rainbow, 4th June 1977 (Remastered 2020)",19194018,9035,2M9E6uD6mYqRFTjqcaVzzC
137W8MRPWKqSmrBGDBFSop,Wiz Khalifa,How Fly,19121020,9863,1fEjilMRfQBc7Inoebl8xo
0oSGxfWSnnOXhD2fKuz2Gy,David Bowie,Hours...,19051547,4577,6FZqshBCagLrprFeXQqgOP
2QsynagSdAqZj3U9HgDzjD,Bob Marley & The Wailers,Africa Unite,18930451,12049,5wk8v3DlfVtW5ZV5IOAiEY
0ys2OFYzWYB5hRDLCsBqxt,Fuerza Regida,Navidad Con La Regida,18826940,5642,0yFixxmec99yoUUMPsr6kT
3hcs9uc56yIGFCSy9leWe7,Lil Durk,Signed to the Streets 2,18826211,4985,7HYatzri59O5OrxJMCD695
22bE4uQ6baNwSHPVcDxLCe,The Rolling Stones,Undercover,18816871,6053,7qHKiPqv019NfMrTak7U2s
7vk5e3vY1uw9plTHJAMwjN,Alan Walker,Sped up,18739867,13951,15nKoT8899TsRJfPWaTkXW
3YQKmKGau1PzlVlkL1iodx,Twenty One Pilots,MTV Unplugged (Live),18732110,19827,2kAer61g2HN6upL2zXAjzd
0oOet2f43PA68X5RxKobEy,Shreya Ghoshal,Voice of Shreya Ghoshal,18655031,25846,2Xf4u5w66rTkXwWYlMZiOB
22bE4uQ6baNwSHPVcDxLCe,The Rolling Stones,Live 1965: Music From Charlie Is My Darling (Live From England/1965),18653728,484,2Jps53V1q9huwJl6VU8FMP
0oOet2f43PA68X5RxKobEy,Shreya Ghoshal,Melody Queen Shreya Ghoshal,18580891,25625,49UKgxbscTVjFrDxBtsupW
1wRPtKGflJrBx9BmLsSwlU,Pritam,Merry Christmas (Original Motion Picture Soundtrack),18562597,16888,7HJFv73fIsBo3obFcx5CBS
40ZNYROS4zLfyyBSs2PGe2,Zach Bryan,24 (Live),18351614,77759,45X4bjgXE86wQamRz6ihLE
4YRxDV8wJFPHPTeXepOstw,Arijit Singh,Shudhu Tomari Jonyo,18345475,22881,2GICr5p81pM3Z0T9BJFb1o
0c173mlxpT3dSFRgMO8XPh,Big Sean,Detroit,18317361,6162,7F3Lm9RWfJhdX1LKGMuSsS
0c173mlxpT3dSFRgMO8XPh,Big Sean,Detroit,18317361,6162,4XXX0W3F9QNxtkofgUbxaj
0vR2qb8m9WHeZ5ByCbimq2,Reik,Reik Sesion Metropolitana,18294263,3155,5OwtqrtvcWnOaRX5m2Xldt
1yxSLGMDHlW21z4YXirZDS,Black Eyed Peas,Behind The Front,18269305,5434,6bwBeiWNQu2g3yaa3yNpgz
5fMUXHkw8R8eOP2RNVYEZX,Diplo,Pick Your Battles,18230095,3182,07wnMnx5TcqdVOmVdz26qy
2qxJFvFYMEDqd7ui6kSAcq,Zedd,Spectrum EP,18179972,1536,3VH3gtVsAA09K3QOWMSdOU
4zCH9qm4R2DADamUHMCa6O,Anirudh Ravichander,Vijay the Master (Original Motion Picture Soundtrack),18163653,15319,2HwAcrJuFmv70nzrHYtvoP
1wRPtKGflJrBx9BmLsSwlU,Pritam,Players,18097627,32796,2dCkNnMxaOrBKi4TcY53IO
1Mxqyy3pSjf8kZZL4QVxS0,Frank Sinatra,Francis A. & Edward K.,18051796,1366,5GFkm37IrMR9a4rc6JABkw
08GQAI4eElDnROBrJRGE0X,Fleetwood Mac,Time,18048725,1939,0AoPcGhCHaz9K96DoJoKlu
08GQAI4eElDnROBrJRGE0X,Fleetwood Mac,Time,18048725,1939,2efkPPuJQ7JrTloWk4lhiV
6vXTefBL93Dj5IqAWq6OTv,French Montana,Coke Boys 3,18025774,2662,7LeFPWgcvntqX5avk9qEt1
1dfeR4HaWDbWqFHLkxsg1d,Queen,"Queen at Live Aid (Live at Wembley Stadium, 13th July 1985)",18009354,11520,3nG4gJT1OqZmyLh86LCwqm
7vk5e3vY1uw9plTHJAMwjN,Alan Walker,Unsure (Remixes),18006750,19644,5WKTCeJd4QOkQURS24Mrw5
1Cs0zKBU1kc0i8ypK3B9ai,David Guetta,This One's for You (feat. Zara Larsson),17972555,2070,2R1q5ANADCPJqXrQ4Ly26d
0oSGxfWSnnOXhD2fKuz2Gy,David Bowie,Laughing with Liza,17906672,4608,4DsgJJ5VhknaGjd8CInuXD
1z7b1Pr1rSlvWRzsW3HOrS,Russ,CHOMP 2.5 (EP),17904046,5113,5HjOggAz73pO4Q0JBRCL13
1HY2Jd0NmPuamShAr6KMms,Lady Gaga,Born This Way - The Remix,17861514,2461,38Ur5vOXFNPWHZv4umkqwU
5WUlDfRSoLAfcVSX1WnrxN,Sia,Lady Croissant (Live),17853311,2076,6WJcRNkvprk9oyJuiLHT5H
1wRPtKGflJrBx9BmLsSwlU,Pritam,Chandu Champion,17838478,18316,1rf466aryVkE4r7IEfDxY0
4iHNK0tOyZPYnBU7nGAgpQ,Mariah Carey,Heartbreaker EP,17742736,6846,1VktLKfdjb6cq5QoRzp0e0
12vb80Km0Ew53ABfJOepVz,Ñengo Flow,El Combo Que No Se Deja- Volumen 1,17735716,8956,7cpIsbHmsl3m6ULqB6Nbxi
64KEffDW9EtZ1y2vBYgq8T,Marshmello,MELLODEATH Tapes Vol. I,17712720,12309,127BvEDtmAoZak4Y8Q1Emc
3q7HBObVc0L8jNeTe5Gofh,50 Cent,The Complete G-Unit,17603986,4484,58gsOKpgpf5kRiu9IF21k6
0KPX4Ucy9dk82uj4GpKesn,Dalex,Reggaetón Sex,17589463,2987,35TMoHnvQ4krAgKZ8sSFif
4r63FhuTkUYltbVAg5TQnk,DaBaby,Billion Dollar Baby,17577848,1116,6ym38F4txV7HjZIxh6wDEN
7hJcb9fa4alzcOq3EaNPoG,Snoop Dogg,Snoop Dogg Presents Death Row Summer 2022,17441522,16492,78R84o4n1a3LxcdzgGZKfC
3KV3p5EY4AvKxOlhGHORLg,Jeremih,The Chocolate Box,17425239,2004,5lzIw8JJbYef7RuwTVcZxb
2QsynagSdAqZj3U9HgDzjD,Bob Marley & The Wailers,Bob Marley with the Chineke! Orchestra,17337905,8047,1aLXmOrUcq242ZlFI3DEIe
22bE4uQ6baNwSHPVcDxLCe,The Rolling Stones,Metamorphosis,17258828,7857,1HbacLvfLrsup4yOWDKogO
1zNqDE7qDGCsyzJwohVaoX,Anne-Marie,Karate EP,17200767,698,22QcOETdThitltw5n6nj7r
0k17h0D3J5VfsdmQ1iZtE9,Pink Floyd,Animals (2018 Remix),17153111,11648,0Unhg884FzoZhVWyrMvtAG
43ZHCT0cAZBISjO8DG9PnE,Elvis Presley,"Today, Tomorrow and Forever",17110194,6083,3O7z4kPJ3LlowdWvyeHWpS
4tZwfgrHOc3mvqYlEYSvVi,Daft Punk,Random Access Memories (Drumless Edition),17075080,18605,5AFf68gtvNgGLZarsyEEL8
1dKdetem2xEmjgvyymzytS,Grupo Firme,La Amanecida Socializando,17068502,2734,4oxwUkUcn52rlCP94LLVwi
1GxkXlMwML1oSg5eLPiAz3,Michael Bublé,Totally Bublé,17050500,1286,1vQKqcvalwlGF8mAhgbADB
23fqKkggKUBHNkbKtXEls4,Kygo,Whatever (The Remixes),17043530,24977,4wqObiiJfSvC0W52YG1X0s
3xvaSlT4xsyk6lY1ESOspO,Disney,Disney Ukulele: Happy,16978095,13371,0bcbleewCHnbRNDfBls4UI
17lzZA2AlOHwCwFALHttmp,2 Chainz,Codeine Cowboy,16951958,8471,3YzmrneniVqRVCB6mdNxsp
3PhoLpVuITZKcymswpck5b,Elton John,Elton 60 - Live At Madison Square Garden,16921150,4122,1hBjd4MuIWjv6uwik1bA68
08GQAI4eElDnROBrJRGE0X,Fleetwood Mac,Rumours Live,16902905,5657,24kD7cQnCojzadtNNlplxj
0oOet2f43PA68X5RxKobEy,Shreya Ghoshal,Shreya Ghoshal Super Hit Songs,16892815,19004,4Ba3PUxBMGk9kN4CGesvDh
0oOet2f43PA68X5RxKobEy,Shreya Ghoshal,Pyari Pyari Shreya Ghoshal,16764228,36499,5QcoO5rgE4bsin0nQIGY5S
3p7PcrEHaaKLJnPUGOtRlT,Henrique & Juliano,Manifesto Musical 2 (Ao Vivo / EP4),16759175,689182,5eeXmA5MzujMCU7OMy194q
22bE4uQ6baNwSHPVcDxLCe,The Rolling Stones,Totally Stripped (Live),16744523,2372,1I4PYVYWsa22ELVcjCszrx
2ye2Wgw4gimLv2eAKyk1NB,Metallica,Beyond Magnetic,16650023,4168,5WSYGRqZDvQphb2Ugig4jh
1vCWHaC5f2uS3yhpwWbIA6,Avicii,Street Dancer,16642600,1026,44m99I7ZpNNzLqJL3P024Y
1yxSLGMDHlW21z4YXirZDS,Black Eyed Peas,Bridging The Gap,16634997,2965,2haqnus2tl9nBATTVyXvCW
50co4Is1HCEo8bhOyUWKpn,Young Thug,Slime Season 4,16544677,13326,5Dwws0oO0fQLDsrwZE7rvW
2QsynagSdAqZj3U9HgDzjD,Bob Marley & The Wailers,In Dub Vol. 1,16412779,3249,14OSZTxhVJO76FmkQRwCgl
1l7ZsJRRS8wlW3WfJfPfNS,Christina Aguilera,The 25th Anniversary of Christina Aguilera | Spotify Anniversaries LIVE,16407972,22156,72220mUyaNDhUhz5oIk5yo
5LHRHt1k9lMyONurDHEdrp,Tyga,Well Done 3 - EP,16398728,7151,5zuIpLLtuuiN80tem87M74
4UXqAaa6dQYAk18Lv7PEgX,Fall Out Boy,My Heart Will Always Be the B-Side to My Tongue,16397644,5476,2CrBpjJ4xQUAPSwns8Wi7H
1dfeR4HaWDbWqFHLkxsg1d,Queen,Return Of The Champions,16380586,2656,2R33yLkTdkWRXIlja5vMUM
7vk5e3vY1uw9plTHJAMwjN,Alan Walker,Slowed,16344387,26815,61ZZ2XHEGHwl9gHov01GUs
4YRxDV8wJFPHPTeXepOstw,Arijit Singh,Gangster,16335737,15629,4AZFXdWFeVrvhOhj7JVa39
4YRxDV8wJFPHPTeXepOstw,Arijit Singh,Gangster,16335737,15629,5g40CiNhvHIkfPjl9BNHs4
3xvaSlT4xsyk6lY1ESOspO,Disney,Disney Guitar: Self-Care Day,16328993,11611,2AWQhbb4GAH5zPhITUPPvJ
0k17h0D3J5VfsdmQ1iZtE9,Pink Floyd,Live at Knebworth 1990,16305841,6396,5JZxCVMYJqplJhJgfytng2
1Cs0zKBU1kc0i8ypK3B9ai,David Guetta,What I Did for Love (feat. Emeli Sandé),16279284,740,1iPaEnVvipmApj6zpmpHIC
47mIJdHORyRerp4os813jD,League of Legends,Echoes of Light,16274750,4577,4BI0o8MQXotNlNIzQl5fGC
4VMYDCV2IEDYJArk749S6m,Daddy Yankee,"2K20, Pt. 3 (Live)",16264817,6143,4VRebE7OlgjE896hS92gjo
1Mxqyy3pSjf8kZZL4QVxS0,Frank Sinatra,Some Nice Things I've Missed,16260030,5038,4ZSUkTw8BgdedIYtmteKsV
1wZtkThiXbVNtj6hee6dz9,Wisin,De Otra Manera,16196705,13743,6Obg9RH7vSuRGxFRy8Ce8A
1wZtkThiXbVNtj6hee6dz9,Wisin,De Otra Manera,16196705,13743,5xbKw1CxOr4Cao162B0OsU
2feDdbD5araYcm6JhFHHw7,Labrinth,Earthquake - EP,16177799,2608,438LlcFxOoGZ37sJiITrVd
3PhoLpVuITZKcymswpck5b,Elton John,The Road To El Dorado (Original Motion Picture Soundtrack),16168801,8309,5GAGfiaxn35fhwQlBGFgpf
137W8MRPWKqSmrBGDBFSop,Wiz Khalifa,Star Power,16110960,7192,7kRhfYHR1agIzy2W7xwnPK
0hEurMDQu99nJRq8pTxO14,John Mayer,"As/Is: Live In Cleveland/Cincinnati, OH - 8/03-8/04/04",16104671,1714,0u3x6X6FRE23fJEhPJoo6Q
47mIJdHORyRerp4os813jD,League of Legends,The Music of League of Legends: Season 2 (Original Game Soundtrack),16018930,4691,5tbKnlrYfWLOS2oDNVRG1I
5fMUXHkw8R8eOP2RNVYEZX,Diplo,Express Yourself (Remixes),15980588,950,2epDBqFfD9806B77AlQTHi
7CajNmpbOovFoOoasH2HaY,Calvin Harris,Lovers In A Past Life (Remixes),15976257,11149,4PL4OGq2DUo9JREtklB4cE
738wLrAtLtCtFOLvQBXOXp,Major Lazer,Major Lazer Sped Up,15961672,6433,5qodMuQILEnJ8r8Qq9EYt1
66ihevNkSYNzRAl44dx6jJ,Carin Leon,A Puro Pelo (En Vivo),15945625,721,2eYki6AZur6laiyA80IGGq
1Mxqyy3pSjf8kZZL4QVxS0,Frank Sinatra,She Shot Me Down,15935075,1451,2lXDbQM86qsRAkTeYhv2ZT
4V8Sr092TqfHkfAA5fXXqG,Luis Fonsi,Comenzare,15923065,2707,10TIwSSiAKER6mmXVawoOi
1dKdetem2xEmjgvyymzytS,Grupo Firme,Enfiestados y Amanecidos,15862377,5173,5uk6z1Fqj1HskZ6pp5WkT0
3aQeKQSyrW4qWr35idm0cy,T-Pain,On Top of The Covers (Live from The Sun Rose),15747972,10300,77TJJ9z1EXYIau0RDjT3Ta
55Aa2cqylxrFIXC767Z865,Lil Wayne,500 Degreez,15615474,5388,41s8PPH5gEz7H8b8kbv5Y5
4r63FhuTkUYltbVAg5TQnk,DaBaby,God's Work Resurrected,15608295,1197,5rhZIpJLJ3kEjCPk8PIa66
1Mxqyy3pSjf8kZZL4QVxS0,Frank Sinatra,A Man Alone: The Words And Music Of McKuen,15603695,4467,6O7UYmA1X6TACiSYBSK8LL
7wlFDEWiM5OoIAt8RSli8b,YoungBoy Never Broke Again,More Leaks,15504678,253675,4c44OTQjheRYrLdXX14TdC
1Mxqyy3pSjf8kZZL4QVxS0,Frank Sinatra,Reprise Rarities (Vol. 5),15457762,4570,5zQAZL3ru5PqHCEddrnSX2
43ZHCT0cAZBISjO8DG9PnE,Elvis Presley,Elvis Country,15440154,7942,5nFIESxbIeBxoREzNMzzbN
6tbjWDEIzxoDsBA1FuhfPW,Madonna,You Can Dance,15417850,7430,5HE2PeHsMMsg6ZoVNBCbQZ
0ys2OFYzWYB5hRDLCsBqxt,Fuerza Regida,Pisteando Con La Regida Vol. 2,15385044,5130,3sVXSzrTDtqu3SazsdAKzb
43ZHCT0cAZBISjO8DG9PnE,Elvis Presley,Love Letters from Elvis,15302170,8373,3kf5iEHqvuKch85eAvWrGO
6vXTefBL93Dj5IqAWq6OTv,French Montana,Coke Boys,15287929,1266,6jWtMYws0i1rBM3ESGNpWb
1wRPtKGflJrBx9BmLsSwlU,Pritam,Laal Singh Chaddha (Extended Album),15243098,15012,7mlKqiSL0QQAdf3ZFzGVez
13y7CgLHjMVRMDqxdx0Xdo,Gucci Mane,Breakfast,15185173,1386,2llyqpZOwWK4JbpoPuOqSW
08GQAI4eElDnROBrJRGE0X,Fleetwood Mac,Future Games,15165226,8405,0mrtsupVI772qJdmW17yP0
1Mxqyy3pSjf8kZZL4QVxS0,Frank Sinatra,Live At The Meadowlands,15121506,1451,4lwSPoC87BbDHhb92T8sNi
5LHRHt1k9lMyONurDHEdrp,Tyga,Black Thoughts,15094784,846,2qkXDG9SemZ3qc43bNpVtr
5fMUXHkw8R8eOP2RNVYEZX,Diplo,Florida,14998623,1628,5W6DaTWwEqOQMdLjTHxf50
1mYsTxnqsietFxj1OgoGbG,A.R. Rahman,Muthu (Original Motion Picture Soundtrack),14962178,22892,187dpt2JTJRHEpTXQslbkL
3xvaSlT4xsyk6lY1ESOspO,Disney,Disney Peaceful Piano: Break Time,14959238,9917,4DpqYlREaLzHRJ8nuzKh4O
43ZHCT0cAZBISjO8DG9PnE,Elvis Presley,C'mon Everybody,14921034,9187,1qEWLQtbtSfa051tA3jJQ5
7CajNmpbOovFoOoasH2HaY,Calvin Harris,Love Regenerator 1,14889902,1466,1cBRVvA8nvws9kXj04ql6a
1U1el3k54VvEUzo3ybLPlM,Kali Uchis,sin miedo // acoustic,14856276,4554,1E7wN2lvLdZmoAmIXmPtRd
1mYsTxnqsietFxj1OgoGbG,A.R. Rahman,Pippa (Original Motion Picture Soundtrack),14833315,9124,5y6G8IMGY5L6H1VHLntHaa
0hEurMDQu99nJRq8pTxO14,John Mayer,"As/Is: Philadelphia, PA/Hartford, CT - 8/14-8/15/04",14832586,1897,1hC2L9ZBeCSUsh6w3xzqN7
0c173mlxpT3dSFRgMO8XPh,Big Sean,Good Music Chicago,14699080,1985,4TQQatT1Z2q4iIPcja4zGB
13y7CgLHjMVRMDqxdx0Xdo,Gucci Mane,The Appeal: Georgia's Most Wanted,14674238,3083,2ZyLs5FJMzcpOOi1iPqnQt
13y7CgLHjMVRMDqxdx0Xdo,Gucci Mane,The Appeal: Georgia's Most Wanted,14674238,3083,750wROl5zFHaR1y0nooK5V
50co4Is1HCEo8bhOyUWKpn,Young Thug,1017 Thug,14576531,9196,0ssPpXttlI7w2Z6CXiqWgR
6vXTefBL93Dj5IqAWq6OTv,French Montana,Coke Zoo,14520370,7165,45nHdKntbxbAnuFspNiVOQ
1mYsTxnqsietFxj1OgoGbG,A.R. Rahman,Kaadhalan,14503133,12390,69KnM0TANwkgU1LCJGOjYT
137W8MRPWKqSmrBGDBFSop,Wiz Khalifa,28 Grams (Trap Wiz),14470783,1406,725KIhTYJqmFWImfIsGLs6
51Blml2LZPmy7TTiAg47vQ,U2,Wide Awake In America,14461691,4218,1K3pURZRtzha3NtScg8djG
73sIBHcqh3Z3NyqHKZ7FOL,Childish Gambino,Heartbeat (Remix Bundle),14437903,1272,1ggioHYkuCAwO0ZIEB27Pm
77ziqFxp5gaInVrF2lj4ht,Sech,Rich Music Sessions (Acústico En Vivo),14427275,1823,6jU5obP9snCcR57UjL9byA
0hEurMDQu99nJRq8pTxO14,John Mayer,The Complete 2012 Performances Collection,14363621,3867,7CFCigSkTeW4UHbsF1fLgD
1mYsTxnqsietFxj1OgoGbG,A.R. Rahman,Mr. Romeo (Original Motion Picture Soundtrack),14340583,14815,6OnTABtMRNwPYDkyjG0hRD
0iEtIxbK0KxaSlF7G42ZOp,Metro Boomin,19 & Boomin,14320500,2132,01hoD9mwYe3mH33y2g1Gkw
6JL8zeS1NmiOftqZTRgdTz,Meghan Trainor,Title - Track by Track Commentary,14230695,156,204UQM3vvZO2YZ6uOdj9xP
12vb80Km0Ew53ABfJOepVz,Ñengo Flow,Puesto Pa´ lo Mío,14053548,17928,791UzvmgDfmkYU8ExRxhhw
4SsVbpTthjScTS7U2hmr1X,Arcángel,FloWres,13941929,3307,0r1zaqrtG2gMMf73uNCDdM
0hEurMDQu99nJRq8pTxO14,John Mayer,"As/Is: Houston, TX - 7/24/04",13889704,2039,5gsTckUr9I4z7uFHMheffb
1yxSLGMDHlW21z4YXirZDS,Black Eyed Peas,Invasion Of Imma Be Rocking That Body - Megamix E.P.,13843325,3454,4BUERtWBSXqOgdvryBTIOO
4tZwfgrHOc3mvqYlEYSvVi,Daft Punk,Human After All (Remixes),13822561,2557,11cpAynoDMZFD0B2xtw6OQ
0oSGxfWSnnOXhD2fKuz2Gy,David Bowie,Stage (2017) [Live],13798962,2148,1m4J3FQcxlHIsPeYfCpbHA
1mYsTxnqsietFxj1OgoGbG,A.R. Rahman,Taalam (Original Motion Picture Soundtrack),13716070,9052,3re1MZ8VdZpVD8QgUiRRle
64KEffDW9EtZ1y2vBYgq8T,Marshmello,The R??ts,13715330,18921,38CrfMbByq9Tf685Cm4sw7
2EMAnMvWE2eb56ToJVfCWs,Bryson Tiller,A Jaguar's Dream,13701856,149238,0nhSn0jmZlFvdPrz7vr2UP
1bAftSH8umNcGZ0uyV7LMg,Duki,Vivo Desde el Fin del Mundo,13655148,6021,0gH6vyfRwVv02eWLgoi6Dm
0oSGxfWSnnOXhD2fKuz2Gy,David Bowie,Toy (Toy:Box),13644463,1597,0NFcvZO9xMAnYhPn3sfhBp
1Cs0zKBU1kc0i8ypK3B9ai,David Guetta,Dangerous (feat. Sam Martin),13561721,863,2d2Q7O1S4On5xAPNOqsCGb
4zCH9qm4R2DADamUHMCa6O,Anirudh Ravichander,Vettaiyan The Hunter (Telugu) [Original Motion Picture Soundtrack],13547084,33063,096Eg9sx36DekiS0MGU3n3
1Mxqyy3pSjf8kZZL4QVxS0,Frank Sinatra,L.A. Is My Lady,13433944,6695,4zvku3SSgsUaVRsvcCZ1aU
3xvaSlT4xsyk6lY1ESOspO,Disney,Disney's Snow White (Original Motion Picture Soundtrack/Deluxe Edition),13351604,378459,5fhChWdUrhmJyHPbYRgA0F
1wRPtKGflJrBx9BmLsSwlU,Pritam,Badmaash Company,13347313,12692,1KMMknUmoTFX17bCHpPejp
4YRxDV8wJFPHPTeXepOstw,Arijit Singh,Bojhena Se Bojhena,13322404,18462,1pbdCW1f3bVwqRd2toq4kC
1zNqDE7qDGCsyzJwohVaoX,Anne-Marie,Let Me Live (feat. Anne-Marie & Mr Eazi),13314891,634,4lbrKowAEUP76TRU57FAJI
1zNqDE7qDGCsyzJwohVaoX,Anne-Marie,Let Me Live (feat. Anne-Marie & Mr Eazi),13314891,634,25ddbNb05gGl6aU4AJJ2zr
13y7CgLHjMVRMDqxdx0Xdo,Gucci Mane,Ice Attack 2,13314046,41804,2IlXgJSj4iMTVCqsl5uFMs
0oOet2f43PA68X5RxKobEy,Shreya Ghoshal,Barsaat Aa Gayi,13312920,6830,2UhvMG2lTLXYnmNZAfukNo
20sxb77xiYeusSH8cVdatc,Meek Mill,WHO DECIDES WAR,13312920,27804,1SynZ5RclJqwcGb54PDvbc
5y2Xq6xcjJb2jVM54GHK3t,John Legend,John Legend Collection: Sounds Of The Season,13290545,1093,0zlociN4X0EYALdSg5JDQh
77SW9BnxLY8rJ0RciFqkHh,The Neighbourhood,I Love You. (Slowed Down),13209897,24452,742rc3IvCNtvhEZIsjLfyu
3PhoLpVuITZKcymswpck5b,Elton John,Live In Australia (Remastered 1998),13168793,3970,7y0I0jpXSxe3XxCAvYECEI
43ZHCT0cAZBISjO8DG9PnE,Elvis Presley,Something for Everybody,13160806,6294,5Yl2lNCQ5wkCdN0S8VOCdE
2qxJFvFYMEDqd7ui6kSAcq,Zedd,The Aftershave EP,13158319,745,4YWGRcNcBHZ55QQOUnPrfa
43ZHCT0cAZBISjO8DG9PnE,Elvis Presley,Spinout,13123229,4724,3ZxrkkUoGwgAJHxtsmYi8M
3fMbdgg4jU18AjLCKBhRSm,Michael Jackson,XSCAPE - Track by Track Commentary,13120881,949,54WFfZzds26NrwcmStfamd
1Mxqyy3pSjf8kZZL4QVxS0,Frank Sinatra,Watertown (Deluxe Edition / 2022 Mix),13107391,1842,1r6CYUhkI07HNT5ONg6AqL
137W8MRPWKqSmrBGDBFSop,Wiz Khalifa,See Ya,13081911,7034,1QneW5vELH5DFkrvHGb9QL
22bE4uQ6baNwSHPVcDxLCe,The Rolling Stones,Voodoo Lounge Uncut (Live),13034888,1324,0a9Rwt5iRRZ6KNyO60PXoW
3Isy6kedDrgPYoTS1dazA9,Sean Paul,Live N Livin,12996795,2657,6PhA24O96EevdscPi01NTv
43ZHCT0cAZBISjO8DG9PnE,Elvis Presley,Elvis for Everyone!,12989943,5473,5xKTHMQU0bNNC471jCCKP8
47mIJdHORyRerp4os813jD,League of Legends,REMIX RUMBLE (Original Soundtrack from Teamfight Tactics Set 10),12939371,9062,0MH5waArFmz3ipOISR7ViT
0oOet2f43PA68X5RxKobEy,Shreya Ghoshal,Hits of Shreya Ghoshal,12931070,18021,2mPTl1XWvUaj0Y7Gs5SKzz
0NGAZxHanS9e0iNHpR8f2W,Alok,Love Is Gone - Alok Remix,12926745,4297,09oE5IJaXz157AqAoX6u4s
08GQAI4eElDnROBrJRGE0X,Fleetwood Mac,Live in Boston,12886920,10575,4HPtoDoK5jdMDCGeAhBwse
0oOet2f43PA68X5RxKobEy,Shreya Ghoshal,Queen of Melody Shreya Ghoshal,12880284,29787,0Qzmyaq3rkJyWXtC28BR81
0EmeFodog0BfCgMzAIvKQp,Shakira,Live & Off The Record,12864630,4839,5f5LXKRiPDf23T5QM2MEmX
3xvaSlT4xsyk6lY1ESOspO,Disney,Disney's Snow White (Original Motion Picture Soundtrack),12852092,360498,1FJIB0BTHQk5iKf0GanfzF
4tZwfgrHOc3mvqYlEYSvVi,Daft Punk,Daft Punk | Random Access Memories | The Collaborators,12807366,488,3QbWxiYTlTCLjHYgrgMCfU
0oSGxfWSnnOXhD2fKuz2Gy,David Bowie,'Heroes' / 'Helden' / 'Héros',12800036,3340,1ygjNZNjrR0Gs28IFKDoxe
7MiDcPa6UiV3In7lIM71IN,Gusttavo Lima,Embaixador Acústico In Greece (Ao Vivo),12762603,52631,4lzx4x9haN9BtQUqn7dHzE
22bE4uQ6baNwSHPVcDxLCe,The Rolling Stones,Ladies & Gentlemen (Live),12711853,1922,4HyWoDiB0WBli84AIZK8nn
08GQAI4eElDnROBrJRGE0X,Fleetwood Mac,Live (Deluxe Edition),12708358,6021,4gY6KDbChOnXCp1K4p4z0M
1RyvyyTE3xzB2ZywiAwp0i,Future,DS2 - Track by Track Commentary,12686852,529,3dP0TFEEzTXJQKtrpsKFUj
1mYsTxnqsietFxj1OgoGbG,A.R. Rahman,Kannathil Muthamittal (Original Motion Picture Soundtrack),12675570,12485,0E8R33I35UIQx0eQBF3B1L
360IAlyVv4PCEVjgyMZrxK,Miguel,Te Lo Dije,12577254,2361,6dIpj0BvQgD0BcuPgRt81Q
360IAlyVv4PCEVjgyMZrxK,Miguel,Te Lo Dije,12577254,2361,6zDUZp1Wb90bA0HaRzDrDt
738wLrAtLtCtFOLvQBXOXp,Major Lazer,Lazers Never Die,12567004,709,6R6lYiPbBiMlBArS3aGpTB
329e4yvIujISKGKz1BZZbO,Farruko,CVRBON VRMOR [C_DE: G_D.O.N.],12556799,17955,3zaBxuBf9zSlxZ20ZRHXXE
1Cs0zKBU1kc0i8ypK3B9ai,David Guetta,Lovers on the Sun,12556043,1414,6xruJ8WQRdzfWLAEdKrkth
1wZtkThiXbVNtj6hee6dz9,Wisin,El Duo de la Historia,12532483,2969,7M2j31sGWqA1zz6qty5bTo
3meJIgRw7YleJrmbpbJK6S,Die drei ???,Das Geheimnis der Geisterinsel,12481634,3067,59WTBKsGdomSgMztadw3uL
4zCH9qm4R2DADamUHMCa6O,Anirudh Ravichander,Doctor (Original Background Score),12434278,7511,57HnFkNaWMtqA3h7rrRIAh
43ZHCT0cAZBISjO8DG9PnE,Elvis Presley,Elvis Recorded Live on Stage in Memphis (Legacy Edition),12372943,2128,0CZg0hwoVNHnr4Qt5ZVko6
58lV9VcRSjABbAbfWS6skp,Bon Jovi,"100,000,000 Bon Jovi Fans Can't Be Wrong",12366870,3798,5PfAInWcOIZYqJan9dfxFs
5f7VJjfbwm532GiveGC0ZK,Lil Baby,We Win (Space Jam: A New Legacy),12346080,2179,5w1tIaJtvgPEn2mHxiJoVo
4iHNK0tOyZPYnBU7nGAgpQ,Mariah Carey,Sweetheart EP,12324326,6166,2WnZUGeARPOUEBQJxqBftE
1mYsTxnqsietFxj1OgoGbG,A.R. Rahman,Nuvvu Nenu Prema,12297638,12320,7wzrO24y9VOsAd5P4FjdxP
1yxSLGMDHlW21z4YXirZDS,Black Eyed Peas,Renegotiations: The Remixes,12272707,2605,3VHaoJxG4G4e7EdhJPMNcQ
1yxSLGMDHlW21z4YXirZDS,Black Eyed Peas,Renegotiations: The Remixes,12272707,2605,6AVSVzRbUTrGs5XEoYiLVj
2RdwBSPQiwcmiDo9kixcl8,Pharrell Williams,The Billionaire Boys Club Tape,12261962,514,1OAWcsXZdaFk51t4m7j5Ln
3PhoLpVuITZKcymswpck5b,Elton John,Empty Sky,12246633,5659,2AWW5zXJBwLeroqj9D5oWV
1z7b1Pr1rSlvWRzsW3HOrS,Russ,Color Blind,12236933,1958,1V185X8sNGUrPGIdV9IBfX
1z7b1Pr1rSlvWRzsW3HOrS,Russ,Color Blind,12236933,1958,3TS0aPsOU08Eu3Jr5NSWPz
46SHBwWsqBkxI7EeeBEQG7,Kodak Black,Gift For The Streets,12231666,36232,2XRIFNw0ODKJ4GO3DwjOBE
5y2Xq6xcjJb2jVM54GHK3t,John Legend,Heaven,12190394,1870,3oM4p4ItqZZnvLXgzPkJ4h
5y2Xq6xcjJb2jVM54GHK3t,John Legend,Heaven,12190394,1870,5Yla1zr1EerPZUGN7UZ5NJ
0elWFr7TW8piilVRYJUe4P,Natanael Cano,Recordando Ariel Camacho (Live),12168194,490102,68m4BXWynI34UtRpglzFcq
4zCH9qm4R2DADamUHMCa6O,Anirudh Ravichander,Master (Kannada) [Original Motion Picture Soundtrack],12165131,6238,6BPODqF16Z9iQ7sUaLlCpe
2nszmSgqreHSdJA3zWPyrW,Luis Miguel,Ya Nunca Más,12161280,3637,4lwfDQIQOS4cC1Gug3Of8d
20sxb77xiYeusSH8cVdatc,Meek Mill,Dream Chaser 2016,12150649,1042,5YMlzVkGiuhoRH80Jfh9Li
13y7CgLHjMVRMDqxdx0Xdo,Gucci Mane,East Side Piru,12132301,3203,5FEgkOFtAFV5iXQkT10z1W
1mYsTxnqsietFxj1OgoGbG,A.R. Rahman,OK Bangaram (Original Motion Picture Soundtrack),12131963,10060,2ACTCMr0Zb8h2AsqjpFUPF
1ZwdS5xdxEREPySFridCfh,2Pac,Live at the House Of Blues,12123812,1882,1qzfkoM52XWcEzmm8akE26
55Aa2cqylxrFIXC767Z865,Lil Wayne,Lights Out,12085097,4500,2nOW4KIsrMnoL4hJZRODKl
0oSGxfWSnnOXhD2fKuz2Gy,David Bowie,Live in Santa Monica '72,12070504,1578,2RgLZn9d5JPBTC4dinpLio
50co4Is1HCEo8bhOyUWKpn,Young Thug,Brick Sqaud,12053869,7458,7a3rhn1csJY4CbdqcQsMcy
1Mxqyy3pSjf8kZZL4QVxS0,Frank Sinatra,L.A. Is My Lady (Deluxe Edition / 2024 Mix),12041474,14871,4Ca98FQtAMzv5h1SiFZjX8
1dKdetem2xEmjgvyymzytS,Grupo Firme,En Vivo Desde Tiijuana: Los Buitrones y Los Firmes,11981177,1044,4hQhqf3qD0SVm4awmmZz3B
1Cs0zKBU1kc0i8ypK3B9ai,David Guetta,The Freaks,11935466,12161,2FvWOZzbKdAAJJ0fbac63a
1Mxqyy3pSjf8kZZL4QVxS0,Frank Sinatra,Reprise Rarities (Vol. 2),11909508,884,3wHG2s2BpID4j4FMLgAldK
2QsynagSdAqZj3U9HgDzjD,Bob Marley & The Wailers,"Live At The Rainbow, 3rd June 1977",11876048,2630,0MyKKkGyacUCR7lWoxEIBc
6icQOAFXDZKsumw3YXyusw,Lil Yachty,After Da Boat,11847871,868,0rNnEH6cCO4T0F4lTEnHK2
0k17h0D3J5VfsdmQ1iZtE9,Pink Floyd,1970 Devi/ation,11823426,2948,3phZQKLS56N1n6ESUQMh9e
1mYsTxnqsietFxj1OgoGbG,A.R. Rahman,99 Songs (Original Motion Picture Soundtrack),11733207,3805,1zvGX2DvCOUKaRqfcWZrLi
1wRPtKGflJrBx9BmLsSwlU,Pritam,Golmaal Returns,11727975,25620,06Raj1ZnXjsR3g3HvpfV3J
0oSGxfWSnnOXhD2fKuz2Gy,David Bowie,David Bowie narrates Prokofiev's Peter and the Wolf & The Young Person's Guide to the Orchestra,11701268,5209,1ZDPe7QlFtKG0nSjHSKaSE
5fMUXHkw8R8eOP2RNVYEZX,Diplo,Starrah X Diplo,11699683,427,39q6pRlgy5ZqaTDj1llXR3
1Mxqyy3pSjf8kZZL4QVxS0,Frank Sinatra,Point Of No Return (Remastered / Expanded Edition),11653639,4513,2CC6NBUDPjd7OHMujzgud9
5fMUXHkw8R8eOP2RNVYEZX,Diplo,California (Remixes),11578985,947,0FqD9xz3v4GONpHk1klMYc
5fMUXHkw8R8eOP2RNVYEZX,Diplo,California (Remixes),11578985,947,02ZN47gvhkGVQBztQi0pak
46SHBwWsqBkxI7EeeBEQG7,Kodak Black,Trill Bill,11542973,24208,7t2ToFb8NXJsP5XKHGV5gO
6oMuImdp5ZcFhWP0ESe6mG,Migos,Green Album,11541111,3291,4geeDYVC92n0vnBdeNzWcT
1Mxqyy3pSjf8kZZL4QVxS0,Frank Sinatra,Reprise Rarities (Vol. 3),11536273,1410,6qrORtuBjx6f4d3oViVPgU
2QsynagSdAqZj3U9HgDzjD,Bob Marley & The Wailers,Burnin' (Deluxe Edition),11499053,3510,5EZMcYc3xK0rlru83kHpUe
58lV9VcRSjABbAbfWS6skp,Bon Jovi,This House Is Not For Sale (Live From The London Palladium),11477977,1010,5BBt9PG2b2QuMpWkmx8ZAj
137W8MRPWKqSmrBGDBFSop,Wiz Khalifa,Cabin Fever 2,11461373,5986,7EuPTBuTgUCoXSUVRN67In
5fMUXHkw8R8eOP2RNVYEZX,Diplo,Turn Back Time (Remixes),11454974,2822,1lO9VKQh8Fe8v8IyXirSv8
1wZtkThiXbVNtj6hee6dz9,Wisin,Wisin & Yandel y Amigos,11449668,10754,6hi0iodw6kzqb5nXaEAmIm
2QsynagSdAqZj3U9HgDzjD,Bob Marley & The Wailers,The Capitol Session '73 (Live),11446347,1996,3s1ZvxI9MJ4L18omyJRhPS
1vCWHaC5f2uS3yhpwWbIA6,Avicii,Sweet Dreams,11412981,912,1b3gqmIU23VUXHFAe8Bu5R
1vCWHaC5f2uS3yhpwWbIA6,Avicii,Sweet Dreams,11412981,912,7nYavkEuhS15nHTxomdkKy
1vCWHaC5f2uS3yhpwWbIA6,Avicii,Sweet Dreams,11412981,912,5WV1czZI9hnO6REVS6yKHR
1vCWHaC5f2uS3yhpwWbIA6,Avicii,Sweet Dreams,11412981,912,4ygnAuWL9T189qkWwDYjLl
46SHBwWsqBkxI7EeeBEQG7,Kodak Black,Dieuson Octave,11380219,16296,5MMgxR8kqI7CFzQRvGiKHj
23zg3TcAtWQy7J6upgbUnj,USHER,Usher,11314621,7292,0euolARSHQGtySLAWUvilr
0oSGxfWSnnOXhD2fKuz2Gy,David Bowie,ChangesNowBowie,11206533,1066,7eMXWxMOHtAoliVQfVpdpl
6vWDO969PvNqNYHIOW5v0m,Beyoncé,Green Light Freemasons EP,11172314,3572,6qavIPdgOkhfVrlZHPnrMt
13y7CgLHjMVRMDqxdx0Xdo,Gucci Mane,"Gucci Vs. C-Note, 2",11126431,8393,3eqUAHUtt4u35f0LwGacem
7CajNmpbOovFoOoasH2HaY,Calvin Harris,Love Regenerator 3,11115745,1005,1OwHR43fxoRcLkWov9MBm1
0TnOYISbd1XYRBk9myaseg,Pitbull,2 The Moon (The Remixes),11103564,14341,0kwED9Hwu9K0d9NLBBsAWd
13y7CgLHjMVRMDqxdx0Xdo,Gucci Mane,Choppers & Bricks,11101116,3323,4vh7MpK3M6L9B63R6u2sGs
1mYsTxnqsietFxj1OgoGbG,A.R. Rahman,Coke Studio India Season 3: Episode 1,11085652,6298,2CStgaiOhe1w4OXAoqP1gl
26VFTg2z8YR0cCuwLzESi2,Halsey,Room 93: 1 Mic 1 Take,11074718,179,7vGVUcpUdIn90WEjxGDOTw
7hJcb9fa4alzcOq3EaNPoG,Snoop Dogg,220,11040481,645,7JH7jIpL9JwnBEpYAtyi2f
21E3waRsmPlU7jZsS13rcj,Ne-Yo,Another Kind Of Christmas (Deluxe Edition),11028903,2941,4eXU2dSDm6vhvVPujL5etw
0k17h0D3J5VfsdmQ1iZtE9,Pink Floyd,1969 Dramatis/ation,11017859,2520,2gwXtWF0XPi4hUmAtaOlRa
4iHNK0tOyZPYnBU7nGAgpQ,Mariah Carey,We Belong Together - EP,11001306,5549,15jDkoI1spdJCYvfQlUffQ
26dSoYclwsYLMAKD3tpOr4,Britney Spears,"B in the Mix, The Remixes [Deluxe Version]",10956426,3156,5uCYnhysfYN0hk1Dq1Ka30
3DiDSECUqqY1AuBP8qtaIa,Alicia Keys,Alicia Keys - VH1 Storytellers,10893761,2866,2JimBGRjtQcmMriFKlNaf9
5LHRHt1k9lMyONurDHEdrp,Tyga,Black Thoughts Vol. 2,10870633,885,0Swy72ImsSyOmjls4pFFCf
64KEffDW9EtZ1y2vBYgq8T,Marshmello,Tongue Tied - Remix EP,10788370,879,1evkFNsIDqYM23bc1YH9YE
6tbjWDEIzxoDsBA1FuhfPW,Madonna,Love Profusion (The Remixes),10786916,6518,42JnW6ZneSlZKCJxPKkKJd
1wRPtKGflJrBx9BmLsSwlU,Pritam,Thank You,10759229,11370,3xO0FdyFQVLFDc7fCfnUPR
4AK6F7OLvEQ5QYCBNiQWHq,One Direction,Live - EP,10750808,3803,0HXHGZtqWNWoHO2NNfMZd8
4AK6F7OLvEQ5QYCBNiQWHq,One Direction,Live - EP,10750808,3803,59DXHpGcqkGZBKovQ7xaQU
22bE4uQ6baNwSHPVcDxLCe,The Rolling Stones,Bridges To Bremen (Live),10735467,1778,1yOEzokWXzaNJk73ujxlPi
1mYsTxnqsietFxj1OgoGbG,A.R. Rahman,Swades,10710261,6822,72oHSx1OrxR0gig6JcVAEW
46SHBwWsqBkxI7EeeBEQG7,Kodak Black,"Psychotic, Iconic Ep 2",10695246,10132,4sotapY3zEP0hR8Sly7SlX
08GQAI4eElDnROBrJRGE0X,Fleetwood Mac,Bare Trees,10658816,13640,4yjFzAgg5VcidLwoZiQmbi
0TnOYISbd1XYRBk9myaseg,Pitbull,Gotti (Original Motion Picture Soundtrack),10636190,1497,6ZSNnOY2ESMNoVQ5DdvHrj
21E3waRsmPlU7jZsS13rcj,Ne-Yo,Another Kind Of Christmas,10631312,2795,7Je8migIu4vEi6JT2XbbYe
5fMUXHkw8R8eOP2RNVYEZX,Diplo,Diplo Presents Higher Ground 3 Years LP,10621495,8198,3DkN7i6PD5Ap8PnZWlCwWI
43ZHCT0cAZBISjO8DG9PnE,Elvis Presley,American Sound 1969,10614347,1215,45su93rMPo8auQWHK3JaqF
4zCH9qm4R2DADamUHMCa6O,Anirudh Ravichander,Maas (Original Motion Picture Soundtrack),10583383,9768,4kaXwfNhn9M94WQaPOitQ6
08GQAI4eElDnROBrJRGE0X,Fleetwood Mac,Shrine '69,10581568,854,6YEnWIpSS19x0lKzJPi9Ej
6TIYQ3jFPwQSRmorSezPxX,mgk,lofi chill vibes with machine gun kelly,10574621,7302,3xwZCEeoDIzrpRDBpgUb2X
6XyY86QOPPrYVGvF9ch6wz,Linkin Park,A Thousand Suns: Puerta De Alcalá,10572778,2983,2AtlNffQq56uuNnyuhxrka
1Mxqyy3pSjf8kZZL4QVxS0,Frank Sinatra,The Columbia Years (1943-1952): The Complete Recordings: Volume 4,10572157,3612,7zJvDOHfPTDtyBGaHeCgAg
43ZHCT0cAZBISjO8DG9PnE,Elvis Presley,Elvis In Concert (Live),10541307,3441,7GZErkhcfVoYBzOCjVeo1R
6eUKZXaKkcviH0Ku9w2n3V,Ed Sheeran,Bad Habits (The Remixes),10525675,2416,1cvxALyvpgUpRqxix4vhLK
6eUKZXaKkcviH0Ku9w2n3V,Ed Sheeran,Bad Habits (The Remixes),10525675,2416,2lPL5twEa5Dv26imdJLVgQ
2QsynagSdAqZj3U9HgDzjD,Bob Marley & The Wailers,Dreams Of Freedom (Ambient Translations Of Bob Marley In Dub),10517274,1531,2TLQUqsB5corFWahk3ZLMr
0A0FS04o6zMoto8OKPsDwY,YG,4hunnid Presents: Gang Affiliated,10487757,1365,7rsLjG7DNRh7nH1RIlMJVD
1HY2Jd0NmPuamShAr6KMms,Lady Gaga,Joker: Folie à Deux (Music From The Motion Picture),10446554,14775,3X2oYJbZtrmszmNeXRpckc
1HY2Jd0NmPuamShAr6KMms,Lady Gaga,Joker: Folie à Deux (Music From The Motion Picture),10446554,14775,3X2oYJbZtrmszmNeXRpckc
2jku7tDXc6XoB6MO2hFuqg,Tory Lanez,Lost Cause,10433929,13938,48OYUcEyZEnYr5rHcjg2lW
0oSGxfWSnnOXhD2fKuz2Gy,David Bowie,"David Live (2005 Mix, Remastered Version)",10425799,2138,57iVS4xHxJlKW3COk2AaIs
5fMUXHkw8R8eOP2RNVYEZX,Diplo,One By One (Remixes),10407332,2667,614ec6ooX47MdISZgGPiMO
3PhoLpVuITZKcymswpck5b,Elton John,Here And There,10404892,2944,20g5sHWiEQito005JQ73NB
13y7CgLHjMVRMDqxdx0Xdo,Gucci Mane,Ferrari Boyz,10390371,2351,6zIGPDgssTaD3MM8OWnCzH
5WUlDfRSoLAfcVSX1WnrxN,Sia,Healing Is Difficult (10th Anniversary Edition),10337002,2277,0v1UhTkwjhmUYOFotlws6c
06HL4z0CvFAxyc27GXpf02,Taylor Swift,Live From Clear Channel Stripped 2008,10330735,4461,1ycoesYxIFymXWebfmz828
08GQAI4eElDnROBrJRGE0X,Fleetwood Mac,Kiln House,10315933,4999,2fNVSqSja0AqhKd5dq2xKy
0A0FS04o6zMoto8OKPsDwY,YG,4 Hunnid Degreez,10267600,4813,1egL5sRtA8uhrHkxY5CMrk
13y7CgLHjMVRMDqxdx0Xdo,Gucci Mane,The Movie (Gangsta Grillz),10255004,3538,4RkTFhyIZYGXWJfOePIr2Z
1mYsTxnqsietFxj1OgoGbG,A.R. Rahman,Kaaviyathalaivan (Original Motion Picture Soundtrack),10254313,10205,3mBTrK6nqL2U2tMXfXya68
22bE4uQ6baNwSHPVcDxLCe,The Rolling Stones,Love You Live (Remastered 2009),10249979,1988,1u8xCtfjD454V2i6Tr64y6
5fMUXHkw8R8eOP2RNVYEZX,Diplo,Hey Baby (Remixes),10249750,638,0v2ur71tWUsmKmgjhuoRvW
5fMUXHkw8R8eOP2RNVYEZX,Diplo,Hey Baby (Remixes),10249750,638,6koa2YQzoyrPtsf8lV3EZq
1SupJlEpv7RS2tPNRaHViT,Nicky Jam,Sunshine,10137088,281827,7EVx1r8apQC00p7hapq0yk
1SupJlEpv7RS2tPNRaHViT,Nicky Jam,Sunshine,10137088,281827,2YSlIS6gM38w7ZJNj8F3s6
1SupJlEpv7RS2tPNRaHViT,Nicky Jam,Sunshine,10137088,281827,3dkw0XggNMPs4koj5PtL6r
6vXTefBL93Dj5IqAWq6OTv,French Montana,Coke Boys Tour,10105057,1257,5OAG6xARCduo9svbhzuF0s
12vb80Km0Ew53ABfJOepVz,Ñengo Flow,El Combo Que No Se Deja,10047457,3809,4qvyIEGxkS91iErBywjV2Z
0hEurMDQu99nJRq8pTxO14,John Mayer,"As/Is: Mountain View, CA - 7/16/04",10013841,1560,4ZxNekqkeVlCYcNdD0mnD7
0KPX4Ucy9dk82uj4GpKesn,Dalex,3AM,9986384,1429,6kq7kwgdD6Iq1naBCJRn2j
04gDigrS5kc9YWfZHwBETP,Maroon 5,Live Friday The 13th,9984166,3490,07hPT8Ndirhuv2NeurOD6C
137W8MRPWKqSmrBGDBFSop,Wiz Khalifa,Amber Kush,9931715,1523,2VxXBbBS7rCEbUfeEDS3R9
0z4gvV4rjIZ9wHck67ucSV,Akon,What's Love,9923695,8346,3CsR9kDMLj14LjYFTzZ9Sp
0oSGxfWSnnOXhD2fKuz2Gy,David Bowie,Black Tie White Noise (2021 Remaster),9916244,3093,3b4NR27nP36KCaGavALhMX
3PhoLpVuITZKcymswpck5b,Elton John,Who Believes In Angels?,9846226,362078,5eS9zcWHCbkOiyXPRiIgg4
3PhoLpVuITZKcymswpck5b,Elton John,Who Believes In Angels?,9846226,362078,1Wn7mRdFZfHwmgtRFFR42o
20sxb77xiYeusSH8cVdatc,Meek Mill,American Dreamer,9728825,2064,4clCJBX0M4KWsCPqHo66QI
0EmeFodog0BfCgMzAIvKQp,Shakira,Shakira Oral Fixation Tour (Live),9690014,3805,5gqCXGuM57doaWDs6LlccJ
08GQAI4eElDnROBrJRGE0X,Fleetwood Mac,The Original Fleetwood Mac,9687294,3386,6tbQdb3SyIPzwOZDvsETk5
4zCH9qm4R2DADamUHMCa6O,Anirudh Ravichander,Petta (Original Background Score),9661364,6726,1pQJguKLryCpmfP40tcEM0
1mYsTxnqsietFxj1OgoGbG,A.R. Rahman,99 Songs (Tamil) [Original Motion Picture Soundtrack],9618372,4527,4EcPtS9idSB8zy98Cl5yEf
13y7CgLHjMVRMDqxdx0Xdo,Gucci Mane,"No Pad, No Pencil",9606875,13259,1wDWjJ7PtREkx56xMyOIWf
0oSGxfWSnnOXhD2fKuz2Gy,David Bowie,Peter & The Wolf,9588722,2214,106wKTd4duv3VjKzl4dTxo
1mYsTxnqsietFxj1OgoGbG,A.R. Rahman,Nawab (Original Motion Picture Soundtrack),9586619,5701,4qvZIh9L4jfjwPaAnvTfCZ
13y7CgLHjMVRMDqxdx0Xdo,Gucci Mane,Back to the Traphouse,9578035,3282,5bq0rBzgv7bJEwn76KfHBF
4V8Sr092TqfHkfAA5fXXqG,Luis Fonsi,Tu Amor - EP,9461757,5990,18rqxUlJXYRGwjatSFm93U
4V8LLVI7PbaPR0K2TGSxFF,"Tyler, The Creator",Live At Splash!,9458749,2598,6hSjwUPL9jSBtZPgyFWfjI
4GNC7GD6oZMSxPGyXy4MNB,Lewis Capaldi,Wish You The Best EP,9440847,5780,46ksJlfXcOQTlSUo7EWIYE
3xvaSlT4xsyk6lY1ESOspO,Disney,Disney Ukulele: Soothing,9395567,7298,4s0t0BbmkfB9iESE8FGRaa
1Mxqyy3pSjf8kZZL4QVxS0,Frank Sinatra,The Columbia Years (1943-1952): The Complete Recordings: Volume 12,9377356,1644,1MRfVbEyVf09lyEjbfBvha
4YRxDV8wJFPHPTeXepOstw,Arijit Singh,Golpo Holeo Sotti,9352956,13064,2in4xZhjkZ8Kt2cifZ9z1o
4UXqAaa6dQYAk18Lv7PEgX,Fall Out Boy,Evening Out With Your Girlfriend,9303225,6915,5ze2E7hugvMXckFTZIBfIH
64KEffDW9EtZ1y2vBYgq8T,Marshmello,Mellokillaz,9266452,5889,4Tl9UDO3kyio8srwAu4Jnd
3PhoLpVuITZKcymswpck5b,Elton John,Peachtree Road (Expanded Edition),9256579,3121,4ZnbmpRdl8H0JW8e4ReSt7
0TnOYISbd1XYRBk9myaseg,Pitbull,Discoteca (The Remixes),9240487,2218,0pxuKUrcba5WhVkrL7yLtb
07YZf4WDAMNwqr4jfgOZ8y,Jason Derulo,In My Head EP,9228859,1634,39IiZqCkhv1tvshaCSiHBU
33ScadVnbm2X8kkUqOkC6Z,Don Omar,Remix Album,9227905,6974,6vnbtEhcQK9DUedVaR5yhr
13y7CgLHjMVRMDqxdx0Xdo,Gucci Mane,Greatest Of All Trappers (Gangsta Grillz Edition),9202798,8189,2YaNo3GoShVwNxP7nEPrPD
22bE4uQ6baNwSHPVcDxLCe,The Rolling Stones,GRRR Live!,9174733,3552,1OMuyzglvKUYkeYUnQm9x2
7c0XG5cIJTrrAgEC3ULPiq,Ty Dolla $ign,Ty $,9155951,886,5HIww7rzO5OTZTyj3pH0NR
22bE4uQ6baNwSHPVcDxLCe,The Rolling Stones,Live At The El Mocambo,9150499,2576,444RtK8RqcIODjfyaWTuhi
1wZtkThiXbVNtj6hee6dz9,Wisin,De Nuevos a Viejos,9146016,7293,79kxc8g4YhMJ6jwNyQ8Deq
1wZtkThiXbVNtj6hee6dz9,Wisin,De Nuevos a Viejos,9146016,7293,1AYsQz9VAdnuL77VhyPmD6
6tbjWDEIzxoDsBA1FuhfPW,Madonna,Don't Tell Me (The Remixes),9142633,2526,6RLXtWimFQ1xeqpTdMQeh2
0C0XlULifJtAgn6ZNCW2eu,The Killers,Human (Remixes),9127309,2032,1apzEV40pwp6YurLkfrLFC
5y2Xq6xcjJb2jVM54GHK3t,John Legend,LEGEND (Solo Piano Version),9106485,5094,5WgC0rNbr8aC5vEqL9U8Zo
1Cs0zKBU1kc0i8ypK3B9ai,David Guetta,Nothing but the Beat (Bonus Commentary),9106367,346,4zz6V7KKnSYY1Y9SHxC819
3hcs9uc56yIGFCSy9leWe7,Lil Durk,Life Ain't No Joke,9087554,2698,6UresgkbZTTXiuXeD8JyUu
3tlXnStJ1fFhdScmQeLpuG,Brent Faiyaz,LARGER THAN LIFE (CHOPPED NOT SLOPPED),9086429,10542,6UIiIDQRhUcdGYUB6CbTZV
4gzpq5DPGxSnKTe4SA8HAU,Coldplay,LeftRightLeftRightLeft (Live),9062701,4564,3pboBm7GTa6V5dFXXCt52b
1zNqQNIdeOUZHb8zbZRFMX,Swae Lee,Madden NFL 22 Soundtrack,9062167,2108,42WcUIaTj6ggCHj6bNelpB
22bE4uQ6baNwSHPVcDxLCe,The Rolling Stones,Sticky Fingers Live At The Fonda Theatre,9032942,1064,0F4aHTeOnqaO62ZvlUOGKJ
1mYsTxnqsietFxj1OgoGbG,A.R. Rahman,Kadali (Original Motion Picture Soundtrack),8987615,8718,7wGrzHQIUO8UGH017zfIqx
51Blml2LZPmy7TTiAg47vQ,U2,How To Re-Assemble An Atomic Bomb,8980493,15582,5v40ooLLTSBTCuGPnxt4MJ
1i8SpTcr7yvPOmcqrbnVXY,Ozuna,Ozu Vivo (Live),8960392,6360,1fPeBvEYIUS91OTh6lu65O
20sxb77xiYeusSH8cVdatc,Meek Mill,First Come First Serve,8909755,642,31ZNLGjARu4skCvhGc1bfA
4zCH9qm4R2DADamUHMCa6O,Anirudh Ravichander,Vettaiyan The Hunter (Hindi) [Original Motion Picture Soundtrack],8904530,18844,2sTy3XlTGFCDLp8Y6rq3tC
22bE4uQ6baNwSHPVcDxLCe,The Rolling Stones,Still Life,8898658,2302,0kWvnaTXuFelO0jogSSD7t
6oMuImdp5ZcFhWP0ESe6mG,Migos,No Label,8886884,839,2HuT5JdeK6QUrZqK6pTmnI
6oMuImdp5ZcFhWP0ESe6mG,Migos,No Label,8886884,839,3oxObMyoB1uZQQmmhUxFLb
43ZHCT0cAZBISjO8DG9PnE,Elvis Presley,Back In Memphis,8837418,4036,7j8nXZAzFktPwQOHqLGSKm
4zCH9qm4R2DADamUHMCa6O,Anirudh Ravichander,Vettaiyan The Hunter (Kannada) [Original Motion Picture Soundtrack],8804687,18189,12INz7fKU9QCDzDuuEyika
22bE4uQ6baNwSHPVcDxLCe,The Rolling Stones,From The Vault: No Security - San Jose 1999 (Live),8804250,1109,6tKuUM65RFjYbwVKqMAMjw
22bE4uQ6baNwSHPVcDxLCe,The Rolling Stones,Steel Wheels Live,8761641,1928,6swxj0Kz3uftYXdIrnmIEY
13y7CgLHjMVRMDqxdx0Xdo,Gucci Mane,Trap God 3,8740965,4888,75jenPr8iIUKuaNCNAMRi7
6tbjWDEIzxoDsBA1FuhfPW,Madonna,Madame X - Music From The Theater Xperience (Live),8737982,1927,5NLO9sMI3xznCGrRWhsPN3
3DiDSECUqqY1AuBP8qtaIa,Alicia Keys,Queen Charlotte: A Bridgerton Story (Covers from the Netflix Series),8698436,7019,7mNtOnVVRglXpqt7ksdjc8
6tbjWDEIzxoDsBA1FuhfPW,Madonna,Remixed & Revisited,8695301,2208,1jbvz2rOweu6nQwgygKNhK
3PhoLpVuITZKcymswpck5b,Elton John,Live From Moscow (Live From Moscow / 1979),8692238,1881,5AzpxFD5l5i5Iy0DiVSDj6
0XwVARXT135rw8lyw1EeWP,Christian Nodal,PA'L CORA EP. 02,8688914,53576,21oGI6V204SgNkl2iXmtjQ
13y7CgLHjMVRMDqxdx0Xdo,Gucci Mane,Writing on the Wall,8687249,6611,4XT6FpjGrp4b5XCEKFioGE
1Mxqyy3pSjf8kZZL4QVxS0,Frank Sinatra,Swing Along With Me,8684575,4605,0n1GnE4WG4suFnOZeBouVT
0oOet2f43PA68X5RxKobEy,Shreya Ghoshal,Parineeta,8636587,6538,1ycKFRS4ULKtTp8hDmC2YY
13y7CgLHjMVRMDqxdx0Xdo,Gucci Mane,Gucci Classics 2,8600462,6832,6KUI8j3SDIODjFUvKGrQcd
6vXTefBL93Dj5IqAWq6OTv,French Montana,Lock Out,8541161,960,6ebjs2ORVAb1Sgu052cGvd
2QsynagSdAqZj3U9HgDzjD,Bob Marley & The Wailers,One Love,8513387,3317,3nhLswvAYWwg4wOXBltMbI
5fMUXHkw8R8eOP2RNVYEZX,Diplo,6th Gear (Remixes),8510847,221,3KlPgutRESVdhNxYmECgtA
13ubrt8QOOCPljQ2FL1Kca,A$AP Rocky,Energy (Remixes) (feat. Sabrina Claudio),8503786,1310,5Rpva1nZm0xQZQHlGQfF2F
0oSGxfWSnnOXhD2fKuz2Gy,David Bowie,Bowie at the Beeb (The Best of the BBC Sessions 1968-1972),8401487,1504,29RCxn2H66nE9O1454d26L
137W8MRPWKqSmrBGDBFSop,Wiz Khalifa,Decisions,8350496,5984,7L8HIimxcklaym1mOPIGAz
4SsVbpTthjScTS7U2hmr1X,Arcángel,"Arca Special Edition, Vol. 1",8332017,12199,2LMo7FDyGyObmktZd37fYj
1mYsTxnqsietFxj1OgoGbG,A.R. Rahman,Hits Of Vairamuthu,8303159,4741,3L8qBstEDDRAF4rXqDZORk
1mYsTxnqsietFxj1OgoGbG,A.R. Rahman,Hits Of Vairamuthu,8303159,4741,4F2EnyO5MqwbWcRJRneAhC
4iHNK0tOyZPYnBU7nGAgpQ,Mariah Carey,Honey EP,8247756,5125,6Ae7Vj251EDHIGEwEYsdEH
1mYsTxnqsietFxj1OgoGbG,A.R. Rahman,Thaalam (Original Motion Picture Soundtrack),8143162,4106,6ZsK9nAQv7xQHY1XbzVm6R
7jy3rLJdDQY21OgRLCZ9sD,Foo Fighters,999925,8122867,2632,1bLBDuByOPcVe9nxFTS39D
6vXTefBL93Dj5IqAWq6OTv,French Montana,Coke Boys 2,8062656,1416,4Sjcj2eToV559ixYihZVnI
43ZHCT0cAZBISjO8DG9PnE,Elvis Presley,Raised On Rock,8051787,3117,2ZRE01JESBDtXwXckqGZY6
17lzZA2AlOHwCwFALHttmp,2 Chainz,Felt Like Cappin,8018949,608,2Pv2t0W3iIJch0SfyaKkLl
4zCH9qm4R2DADamUHMCa6O,Anirudh Ravichander,Jersey (Original Background Score),7959621,10522,44f9oPlMaeYuApesdVp658
17lzZA2AlOHwCwFALHttmp,2 Chainz,Saks Fifth: The Clearance,7904587,2818,2ZtCs3FtupbzjpaB97lnAR
0oSGxfWSnnOXhD2fKuz2Gy,David Bowie,Never Let Me Down [(Remaster) [Japanese Version]],7897543,2648,2cAFLatSCTT698ZTtEa90U
7jy3rLJdDQY21OgRLCZ9sD,Foo Fighters,Dee Gees / Hail Satin - Foo Fighters / Live,7886333,1931,50QMS2zosvUxhucf6zMRUy
0pePYDrJGk8gqMRbXrLJC8,Luis R Conriquez,Corridos 2019,7822080,1449,7yKiEGcHQ9UX4ZKPQ0Ovvg
13y7CgLHjMVRMDqxdx0Xdo,Gucci Mane,"Trust God, Fuck 12",7820851,1100,2h7Be1p3sgi1i1TazsEBmm
1mYsTxnqsietFxj1OgoGbG,A.R. Rahman,Meenaxi (Original Motion Picture Soundtrack),7799024,5278,0016pJfQZkCAgume9aeE1i
0oSGxfWSnnOXhD2fKuz2Gy,David Bowie,Never Let Me Down (2018 Remaster),7794986,2610,3BLIfiiKINZt4MJ1uDK2wa
1mYsTxnqsietFxj1OgoGbG,A.R. Rahman,Kadhal Desam (Original Motion Picture Soundtrack),7793611,5445,4BSmRkAA0WgulRceKaTEvr
163tK9Wjr9P9DmM0AVK7lm,Lorde,Te Ao M?rama,7784176,1965,0fPuf1jv42CH5okF6MjKmE
0z4gvV4rjIZ9wHck67ucSV,Akon,Konvict Allstars,7754316,580,5OxggY6YGvJiYWskRN5T7W
5WUlDfRSoLAfcVSX1WnrxN,Sia,Live from Sydney,7750374,1095,623a0m3oqPh5SzrTOPxudd
1wRPtKGflJrBx9BmLsSwlU,Pritam,Bhagam Bhag,7718656,9911,58rubSdHnjUEtVH0tAdME9
0oSGxfWSnnOXhD2fKuz2Gy,David Bowie,Is It Any Wonder?,7701922,756,137bBAX7QKK24yqSgRNJq0
2wUjUUtkb5lvLKcGKsKqsR,Alessia Cara,This Summer: Live Off The Floor,7580110,2303,5f4wj5QGE753r1IcZbiKS3
1mcTU81TzQhprhouKaTkpq,Rauw Alejandro,Concierto Virtual en Tiempos de COVID-19 Desde el Coliseo de Puerto Rico,7577156,2395,0i9MBa4hxPQcGqcOn5YSOz
3e7awlrlDSwF3iM0WBjGMp,Little Mix,Salute - Rarities & Remixes,7558202,511,7sKct3HiqroXZseIdEtlly
5fMUXHkw8R8eOP2RNVYEZX,Diplo,Decent Work For Decent Pay,7526981,1283,6l2jWCow3Afb0KbUZL7tPt
4zCH9qm4R2DADamUHMCa6O,Anirudh Ravichander,Velaiyilla Pattathari (Original Sound Track),7526882,7053,6ap6jGXbB1J3isC7tBA1p6
3tlXnStJ1fFhdScmQeLpuG,Brent Faiyaz,WASTELAND - CHOPPED NOT SLOPPED,7505024,4114,3DpamulE7VP1pDprRODb28
22bE4uQ6baNwSHPVcDxLCe,The Rolling Stones,The Rolling Stones Rock And Roll Circus (Expanded),7497312,3466,6HukFdvHHvXI3EAhjvtnF3
1mYsTxnqsietFxj1OgoGbG,A.R. Rahman,Ratchagan (Original Motion Picture Soundtrack),7442208,13329,2vYuOQHolJIUO8r1shVp2U
137W8MRPWKqSmrBGDBFSop,Wiz Khalifa,Cabin Fever 3,7423420,2003,6XuzAZe5TGVBWQFetLKjJN
6oMuImdp5ZcFhWP0ESe6mG,Migos,Currency,7409917,640,4R8gIy454OjbyRspuPu5A7
0oSGxfWSnnOXhD2fKuz2Gy,David Bowie,The Buddha Of Suburbia (2021 Remaster),7353276,1355,6oZKT7eSwcDX02uJCUwPKG
0oSGxfWSnnOXhD2fKuz2Gy,David Bowie,Magic Dance E.P.,7351742,730,7IPAQgNnVwlZofCpmsT0aQ
1vCWHaC5f2uS3yhpwWbIA6,Avicii,Jailbait,7297744,329,7pAoaslFkYFOMx101tLJW0
1Mxqyy3pSjf8kZZL4QVxS0,Frank Sinatra,The Columbia Years (1943-1952): The Complete Recordings: Volume 6,7275783,1433,3PnL06jOTy3ejhYmrJTVUP
7jy3rLJdDQY21OgRLCZ9sD,Foo Fighters,Songs From The Laundry Room,7243282,1114,10foXPZhxdux3SQ0kMZCGy
08GQAI4eElDnROBrJRGE0X,Fleetwood Mac,Mirage Tour '82 (Live),7186481,6810,62BXtgi628S51UANvOPTxi
1wZtkThiXbVNtj6hee6dz9,Wisin,Wisin & Yandel en Vivo,7126105,500,0CITww4ZqBiP5vattGlRv8
1wZtkThiXbVNtj6hee6dz9,Wisin,Wisin & Yandel en Vivo,7126105,500,1bsrZ7KRHbQFwBWgRWJ8T5
7wlFDEWiM5OoIAt8RSli8b,YoungBoy Never Broke Again,Compliments of Grave Digger Mountain,7114077,9934,3qwTr7e8qui32fbVgtWpMA
4YRxDV8wJFPHPTeXepOstw,Arijit Singh,Heeriye Lofi Remix (feat. Arijit Singh),7081396,9695,2XruSso0y6zHFhkuonrZkh
0k17h0D3J5VfsdmQ1iZtE9,Pink Floyd,On the Turning Away (Delicate Sound Of Thunder 2019 Remix [Live]),7078474,2068,0bd8yr7k20zQP9iPLTKxtS
1RyvyyTE3xzB2ZywiAwp0i,Future,I NEVER LIKED YOU (Instrumental),7039839,5335,4WgEUAbA3elrKKvTh1jjM3
23zg3TcAtWQy7J6upgbUnj,USHER,DJ Got Us Fallin' In Love - Remixes EP,7036375,1469,0cqVZFw1M5lsrxc0PUfsmN
74XFHRwlV6OrjEM0A2NCMF,Paramore,Ain't It Fun Remix EP,7034046,2016,0qs4D7RaRhi5mq2X9sd8PP
6vXTefBL93Dj5IqAWq6OTv,French Montana,Mac & Cheese 2,6974680,2791,1JHRO9tlvY86LdtNsrdrIX
13y7CgLHjMVRMDqxdx0Xdo,Gucci Mane,So Icy Christmas,6971537,1605,2akb547l1kwTss6MNU3JyG
0oSGxfWSnnOXhD2fKuz2Gy,David Bowie,Welcome To The Blackout (Live London '78),6970810,903,0blyxTUATvmwqDcVM0dGt6
2feDdbD5araYcm6JhFHHw7,Labrinth,Treatment - EP,6951854,501,0xlDU2cha3PpaSuQkkYcF9
1mYsTxnqsietFxj1OgoGbG,A.R. Rahman,Iruvar (Original Motion Picture Soundtrack),6950733,5975,3L4DCa4N3wOJ34nVn8mIr6
13y7CgLHjMVRMDqxdx0Xdo,Gucci Mane,Free Bricks 2,6939071,3211,3JNEc9m9mgHGvomUSXa295
1mYsTxnqsietFxj1OgoGbG,A.R. Rahman,Viceroy's House (Original Motion Picture Soundtrack),6915734,306,1BqDnHcyvW4wRpskiyYs3q
26dSoYclwsYLMAKD3tpOr4,Britney Spears,Make Me... (feat. G-Eazy) [The Remixes] (feat. G-Eazy),6881827,606,7IKhFqlTKqTFL9LllgghR2
26dSoYclwsYLMAKD3tpOr4,Britney Spears,Make Me... (feat. G-Eazy) [The Remixes] (feat. G-Eazy),6881827,606,4wyKL5RKMGVGNW99DAzIcq
26VFTg2z8YR0cCuwLzESi2,Halsey,Room 93 (Commentary),6876015,48,6r92B7V2si1w1dJoFnp1Gy
0oSGxfWSnnOXhD2fKuz2Gy,David Bowie,Space Oddity (2019 Mix),6870638,2184,65k4mhwVwmys3wkc6ZEVr8
7jy3rLJdDQY21OgRLCZ9sD,Foo Fighters,00111125 - Live In London,6868036,2930,4Z0ad9ruSgVHZNfYJChjTx
50co4Is1HCEo8bhOyUWKpn,Young Thug,I Came from Nothing 2,6860797,4389,4k4w4MLXdY084qrbMGy9Sg
23zg3TcAtWQy7J6upgbUnj,USHER,Usher: Rarities!,6835638,1259,0LhbrCA5aDvT3htALqCOWe
0oSGxfWSnnOXhD2fKuz2Gy,David Bowie,VH1 Storytellers (Live),6824408,576,1pOR2tIMQZ30GNCVz4TkFp
0z4gvV4rjIZ9wHck67ucSV,Akon,Afro Freak,6817249,483,0LvpoifF1Oo1WUC77xzl1B
1wRPtKGflJrBx9BmLsSwlU,Pritam,Pritam's Musical Journey,6764754,5207,577fTJApI722uUIJquR2NT
13y7CgLHjMVRMDqxdx0Xdo,Gucci Mane,Wilt Chamberlain,6759748,2956,2NA1QW25dvrf0QX8dFQXmu
4zCH9qm4R2DADamUHMCa6O,Anirudh Ravichander,Vivekam (Original Motion Picture Soundtrack),6740308,6222,0Am0zjniB5sapTdgBeYl9m
6tbjWDEIzxoDsBA1FuhfPW,Madonna,You Can Dance (Single Edits),6732283,3948,5QQ66C39N9ysUf1vr0rIzs
0c173mlxpT3dSFRgMO8XPh,Big Sean,Finally Famous (10th Anniversary Deluxe Edition Remixed and Remastered),6718065,2436,2wsEKWXcUpVNR2AKprorV3
26dSoYclwsYLMAKD3tpOr4,Britney Spears,Circus - Remix EP,6687921,2052,5Zq0MLvJyHt5guyyyUGKkt
05fG473iIaoy82BF1aGhL8,Slipknot,Adderall,6670681,2509,0E3OlFC9aoCO37szpGrqfH
7hJcb9fa4alzcOq3EaNPoG,Snoop Dogg,Presents Welcome To Tha Chuuch Tha Album,6606026,1695,6NHY8V0ckcPcYoL2T1z9k8
1wZtkThiXbVNtj6hee6dz9,Wisin,Tomando Control Live,6557045,1501,3m26XUnec4RY5H9gqJnFX6
3Isy6kedDrgPYoTS1dazA9,Sean Paul,Ebony Eyes EP,6528753,422,6v7Kj9HsB4SmPJo0JHzGL9
7hJcb9fa4alzcOq3EaNPoG,Snoop Dogg,Cuzznz,6486908,742,3uymcMheLvldkL7e7EUXz3
0oSGxfWSnnOXhD2fKuz2Gy,David Bowie,"Cracked Actor (Live, Los Angeles '74)",6475299,932,5iZ09NPBTbpDziZcMrmjzb
43ZHCT0cAZBISjO8DG9PnE,Elvis Presley,Recorded Live On Stage In Memphis,6458870,1877,07d8ncb9ZMze3PXFhIuPxR
06HL4z0CvFAxyc27GXpf02,Taylor Swift,Taylor Swift Karaoke: reputation,6450000,3703,1MHuZZrGT36cXLxAQ5cLP3
08GQAI4eElDnROBrJRGE0X,Fleetwood Mac,Penguin,6449987,2365,7f2wzh1hY4adWEoTKIEX6W
1wRPtKGflJrBx9BmLsSwlU,Pritam,Pyar Ke Side Effects,6443911,4837,1K11G6WvMblRDC6RK5opp4
13y7CgLHjMVRMDqxdx0Xdo,Gucci Mane,Wilt Chamberlain (Pt. 5),6438219,1618,7ndp9mc9gsIW6Fi05ueDRz
47mIJdHORyRerp4os813jD,League of Legends,REMIX RUMBLE,6425800,4022,5Zx9StmVS3OxzkncmYqeet
1Mxqyy3pSjf8kZZL4QVxS0,Frank Sinatra,Reprise Rarities (Vol. 1),6407720,1193,25MEuRQWO9X7LoFqvX1fHU
5fMUXHkw8R8eOP2RNVYEZX,Diplo,Looking For Me (Remixes),6397809,516,0IR8DIvSzJAGlSGqypZsNE
2QsynagSdAqZj3U9HgDzjD,Bob Marley & The Wailers,Simmer Down at Studio One,6375404,2702,2O7dN85K8kD6g5DAJhZOyV
43ZHCT0cAZBISjO8DG9PnE,Elvis Presley,Elvis Sings Flaming Star,6367597,2569,3xHHQWEtennMsfZ65t9Brv
1bfl0AU8SqmLkElptOprhC,Jul,Cumbia Del Río,6363812,2116,08QW8MWwXQXpNghWkJ4baw
08GQAI4eElDnROBrJRGE0X,Fleetwood Mac,Heroes Are Hard to Find,6343898,3438,2ISNpwmh12Nf2420YUQcNE
47mIJdHORyRerp4os813jD,League of Legends,The Music of League of Legends: Season 4 (Original Game Soundtrack),6306307,1249,5yJhZ0IbtdXn8PatnYG8qf
3PhoLpVuITZKcymswpck5b,Elton John,The Captain and The Kid,6189993,1400,1lqdOJ9M0EnXx9cf5moz1B
21E3waRsmPlU7jZsS13rcj,Ne-Yo,The Apprenticeship of Mr. Smith The Birth of Ne-Yo,6097538,521,11s8k3J0lstr48FJfbtooB
0pePYDrJGk8gqMRbXrLJC8,Luis R Conriquez,Pocos Pero Locos,6074506,887,7c2e7njxIPOTZJ6uTSLOJX
3PhoLpVuITZKcymswpck5b,Elton John,The Complete Thom Bell Sessions,6059653,2372,0EXubpxzIR0IoPJCCvJNDZ
43ZHCT0cAZBISjO8DG9PnE,Elvis Presley,Let's Be Friends (Expanded Edition),6039092,2363,1Y2xJiEIq4l8FMSLNTyzwd
3PhoLpVuITZKcymswpck5b,Elton John,Regimental Sgt. Zippo,6029901,2103,3bfgBQwwP00KPKz6QmsNYz
0oSGxfWSnnOXhD2fKuz2Gy,David Bowie,Metrobolist (aka The Man Who Sold The World) [2020 Mix],6023230,1757,2F90unPwyFwCT7khOMGT2o
2RdwBSPQiwcmiDo9kixcl8,Pharrell Williams,Sprint Sound Sessions,6010275,670,5vgusKAr3RxRP4t4Yy5X8b
1mYsTxnqsietFxj1OgoGbG,A.R. Rahman,99 Songs (Telugu) [Original Motion Picture Soundtrack],6002078,3890,35GdOmCjKeyiMcJVtpAwoG
7vk5e3vY1uw9plTHJAMwjN,Alan Walker,"Play (Remixes, Vol. 2)",6001360,1302,2qrFgfiWOE3sBfFuMljLGn
22bE4uQ6baNwSHPVcDxLCe,The Rolling Stones,Live At The Checkerboard Lounge,5990988,3535,0SLzwxGYeOdJYbjxbE9plW
47mIJdHORyRerp4os813jD,League of Legends,The Music of League of Legends: Season 3 (Original Game Soundtrack),5987785,1823,0945ufesN7ThZ5xSscYBTs
2QsynagSdAqZj3U9HgDzjD,Bob Marley & The Wailers,"Live At The Rainbow, 1st June 1977",5986105,1779,1znqzTf07cDfOIRvs8zLj6
25uiPmTg16RbhZWAqwLBy5,Charli xcx,Blame It On Your Love (Remixes),5934715,715,2NqeClPFviSCI2HVuLFDCr
360IAlyVv4PCEVjgyMZrxK,Miguel,Kaleidoscope Dream - Track by Track Commentary,5931026,77,6VcyVQu3YmkzIWvxHVyCCB
1mYsTxnqsietFxj1OgoGbG,A.R. Rahman,Sivaji The Boss (Original Motion Picture Soundtrack),5912395,4195,1M4UPtoLfBMKseObxbHdNE
1mYsTxnqsietFxj1OgoGbG,A.R. Rahman,Ayalaan (Original Motion Picture Soundtrack),5900257,2780,7LaGxMvMmaBHrXGN43v6J2
22bE4uQ6baNwSHPVcDxLCe,The Rolling Stones,A Bigger Bang (Live),5876470,681,7fvR1o3KGJo6c88O6GtSNI
13y7CgLHjMVRMDqxdx0Xdo,Gucci Mane,East Atlanta Memphis,5870673,6236,4wIWqqDGcwWLG15GxVYWpc
22bE4uQ6baNwSHPVcDxLCe,The Rolling Stones,Sticky Fingers (Spotify Landmark Edition),5832138,90,6tOzjkT6XdSxiT9FZ54q6d
7hJcb9fa4alzcOq3EaNPoG,Snoop Dogg,"Metaverse: The NFT Drop, Vol. 2",5799780,1435,282N9Yf8R9zFqSgB80r2qo
5fMUXHkw8R8eOP2RNVYEZX,Diplo,Samba Sujo (Remixes),5772646,1465,2K6LPaMLgd09XsEK4YMD9X
13y7CgLHjMVRMDqxdx0Xdo,Gucci Mane,East Atlanta Santa 2,5743522,848,4ts7gZ2StRFjXb46XvDrSs
22bE4uQ6baNwSHPVcDxLCe,The Rolling Stones,Some Girls: Live In Texas '78,5739159,1913,6GXsWYpplfx8n7b1OMlU7n
1dfeR4HaWDbWqFHLkxsg1d,Queen,Queen I (2024 Mix),5715760,13970,1T9R2MLiMtVtSPjQCtJHV9
7CajNmpbOovFoOoasH2HaY,Calvin Harris,Love Regenerator 2,5684937,381,3aR7RfDfGyhj6qsnMbTKml
4iHNK0tOyZPYnBU7nGAgpQ,Mariah Carey,My All EP,5671462,2942,12irT6L2R2wHmPJaz75TQW
02kJSzxNuaWGqwubyUba0Z,G-Eazy,The Beautiful & Damned (Remixes),5633588,618,6xFAai5eO4TviOqS4cYGKO
4xRYI6VqpkE3UwrDrAZL8L,Logic,Aquarius III,5614130,15215,2Sgg02H2euJ1x6eZAysstY
1vCWHaC5f2uS3yhpwWbIA6,Avicii,Muja,5598368,266,0FgAgX5dGFQw1Cgj7o5YBG
7hJcb9fa4alzcOq3EaNPoG,Snoop Dogg,Stoner's EP,5577383,906,7MHnmZGxUbjK8ZQCVGQgOd
5fMUXHkw8R8eOP2RNVYEZX,Diplo,Higher Ground (Remixes),5571511,449,5KwuWIOFeAWJh8cqsCivCl
5fMUXHkw8R8eOP2RNVYEZX,Diplo,Higher Ground (Remixes),5571511,449,6QPNg1hQe4d265FoHOSA1b
6vXTefBL93Dj5IqAWq6OTv,French Montana,The Jack Move,5570187,984,3LNWeRrQjmT0AAlh21cZQp
73sIBHcqh3Z3NyqHKZ7FOL,Childish Gambino,Swarm,5555718,1363,7AXxq1n3X7JZbbEnGCfLAX
7jy3rLJdDQY21OgRLCZ9sD,Foo Fighters,979725,5544792,2071,0K73wqY6bbO0E2h4uCdgT6
1vCWHaC5f2uS3yhpwWbIA6,Avicii,Sound Of Now,5523347,379,5Kgl7nqjgHYsaNDvsNTCjd
7oPftvlwr6VrsViSDV7fJY,Green Day,Last Night on Earth (Live in Tokyo),5510913,987,7cr5SyzCHjxvpv9Gdy3N14
3fMbdgg4jU18AjLCKBhRSm,Michael Jackson,Farewell My Summer Love,5454462,1978,21KDELF4LP2L6EUGIi48qR
43ZHCT0cAZBISjO8DG9PnE,Elvis Presley,Girl Happy,5448892,2692,4z27tEwwMNEILdVX1Sy40L
5fMUXHkw8R8eOP2RNVYEZX,Diplo,Don't Be Afraid (Remixes),5440563,914,4YbwJtEcOBlG6WzHKvbG3T
1Mxqyy3pSjf8kZZL4QVxS0,Frank Sinatra,Moonlight Sinatra,5431392,1328,7CWImGNqeGN5tQGpKj5V7i
0jnsk9HBra6NMjO2oANoPY,Flo Rida,Floats Your Boat (Christmas in Cabo),5429482,8547,2KTlW3ua0YwlDgfrht1djO
1Mxqyy3pSjf8kZZL4QVxS0,Frank Sinatra,Sinatra And Sextet: Live In Paris,5393029,534,7bdsTwLblTkSvM7MHi7kYT
13y7CgLHjMVRMDqxdx0Xdo,Gucci Mane,El Chapo's Home,5377628,967,2FHvX1RNJ4f4N7EfwjMrlW
08GQAI4eElDnROBrJRGE0X,Fleetwood Mac,Boston,5373138,1063,1eD68OVJB3iR8uXj9CVZia
3Isy6kedDrgPYoTS1dazA9,Sean Paul,Live at The Palm Room,5346566,1068,6b909CnOynPoB3X8xcIAhp
6tbjWDEIzxoDsBA1FuhfPW,Madonna,Bedtime Story,5332923,2751,6A1Yzf6A83MsA2CnjavydR
1wRPtKGflJrBx9BmLsSwlU,Pritam,Kya Love Story Hai,5326152,6800,2z5q0EOGH3q7DnaMOvYYz2
6S2OmqARrzebs0tKUEyXyp,Demi Lovato,Live in London,5298887,278,0GsLBfTrwqcftKq40B7kXi
0GM7qgcRCORpGnfcN2tCiB,Tainy,DATA (Instrumental),5287766,5866,1PueylpRcNPGRgr8i8tbXR
0oSGxfWSnnOXhD2fKuz2Gy,David Bowie,"Serious Moonlight (Live '83, 2018 Remaster)",5280659,1738,4SFBFUvZcwR4tSyDTXluOy
7hJcb9fa4alzcOq3EaNPoG,Snoop Dogg,Live At Coachella (2012),5260034,558,6PmDpErJDG0vOcr5XldKjl
7jy3rLJdDQY21OgRLCZ9sD,Foo Fighters,959525,5256684,1045,7Hh2gea96NAcZODxz9KEIE
50co4Is1HCEo8bhOyUWKpn,Young Thug,The Purple Album,5237010,1457,6JNSNDb71rsuTa74MiUEVF
4YRxDV8wJFPHPTeXepOstw,Arijit Singh,Khaad (Original Motion Picture Soundtrack),5224080,3694,0RwZL6Vt80dGICYl7TbUxP
1mYsTxnqsietFxj1OgoGbG,A.R. Rahman,PS-2 (Hindi) [Original Motion Picture Soundtrack],5220455,2755,07qw6WgmXr7RzNA9jHIpuD
0oSGxfWSnnOXhD2fKuz2Gy,David Bowie,Live Nassau Coliseum '76,5209677,870,49tQPxVOXs6kdrpxuKhu91
4UXqAaa6dQYAk18Lv7PEgX,Fall Out Boy,Save Rock And Roll (Commentary),5173721,329,06gjziAasFOG25ta53FWm2
6oMuImdp5ZcFhWP0ESe6mG,Migos,Rich Shooters,5171175,1369,7qLM7egb40QyDHa3CknQqs
7hJcb9fa4alzcOq3EaNPoG,Snoop Dogg,7 Days of Funk,5169934,822,3x2qoJX6nDBPnJVlbmv5wc
2C6i0I5RiGzDKN9IAF8reh,Banda MS de Sergio Lizárraga,Navidad con la MS,5157419,731,3YzZTb52d6XSnXb0MM4Y9V
3DiDSECUqqY1AuBP8qtaIa,Alicia Keys,"Inolvidable Mexico City Mexico (Live from Auditorio Nacional Mexico City, Mexico)",5130159,5466,4Phhxlm1tQhEdsZZN8iiua
13y7CgLHjMVRMDqxdx0Xdo,Gucci Mane,The Burrprint (The Movie 3D),5129474,2839,6J5IByAe1FQQGIxeaGOvav
5C4PDR4LnhZTbVnKWXuDKD,Morat,Antes De Que Amanezca (Endel Sleep Soundscape),5121681,9177,0VIfZYnlu8W1jLkfDE20On
08GQAI4eElDnROBrJRGE0X,Fleetwood Mac,"Blues Jam in Chicago, Vol. 2",5087897,1563,0wLDpHkO9TN4SPeysHnajk
0z4gvV4rjIZ9wHck67ucSV,Akon,TT Freak,5065957,1633,4Htn2Uj8RCCJyqt2HVD6Ph
13y7CgLHjMVRMDqxdx0Xdo,Gucci Mane,The Hood Classics,5051687,3036,5jMqkknqaGsMwlZAsUpGLj
0z4gvV4rjIZ9wHck67ucSV,Akon,Tell Me We're Ok (Remixes) - EP,5033225,282,5C0C3J2Me9SFZRmGCRZb1w
3aQeKQSyrW4qWr35idm0cy,T-Pain,"Everything Must Go, Vol. 2",5024309,665,1ShbHuoHgmCTuS9i4UUiTB
17lzZA2AlOHwCwFALHttmp,2 Chainz,Based On A T.R.U. Story (Chopped Not Slopped),5019610,251,6ETuqmZ5VU13n8RFn7nC2V
4iHNK0tOyZPYnBU7nGAgpQ,Mariah Carey,We Belong Together (Mimi's Late Night Valentine's Mix),5015039,10055,6lJwrPXQgaUqBCX85zEBHg
22bE4uQ6baNwSHPVcDxLCe,The Rolling Stones,Totally Stripped - Brixton (Live),4993726,866,1VrLRiJr8IRb1j8Xbg02QT
3e7awlrlDSwF3iM0WBjGMp,Little Mix,Between Us,4954135,5910,5aVDWV0pb5XOdan27pUeYB
3e7awlrlDSwF3iM0WBjGMp,Little Mix,Between Us,4954135,5910,7qZz3zEq46zWFSOIRwaoN5
1URnnhqYAYcrqrcwql10ft,21 Savage,american dream (slowed down),4944317,5558,5DclVezq94tiHRhFa29nbX
4zCH9qm4R2DADamUHMCa6O,Anirudh Ravichander,Rum (Original Motion Picture Soundtrack),4937028,2580,7wOBAKgO7PkU1tsOMPI8LN
3mIj9lX2MWuHmhNCA7LSCW,The 1975,"Still... At Their Very Best (Live From The AO Arena, Manchester, 17.02.24)",4919533,72728,2YXTt0mcAXUSfBcstBn38I
22bE4uQ6baNwSHPVcDxLCe,The Rolling Stones,Licked Live In NYC,4889968,1709,2DgkKPkJ4DidhjjW9mZbSK
1bfl0AU8SqmLkElptOprhC,Jul,Vive Grupero El Concierto,4864831,2293,0wJFfOCHh31tRTsiwAJZG6
17lzZA2AlOHwCwFALHttmp,2 Chainz,Freebase,4859604,2279,6ZdMIC1J0ZOepIyMf4RVQC
0jnsk9HBra6NMjO2oANoPY,Flo Rida,Friday (Rebecca's Black & White Remix),4858319,3267,0oUt8q1mEDTftYNRVkbDYW
0k17h0D3J5VfsdmQ1iZtE9,Pink Floyd,1968 Germin/ation,4857902,1495,0DeCb7AmXffj21447GxcDE
1mYsTxnqsietFxj1OgoGbG,A.R. Rahman,Karuthamma (Original Motion Picture Soundtrack),4841934,4109,2O0jYGXpC88mY5RFnGsV3p
1mYsTxnqsietFxj1OgoGbG,A.R. Rahman,Tamasha,4840072,2605,2CUXo26JAWIbQx0EVMnjpA
4Z8W4fKeB5YxbusRsdQVPb,Radiohead,Drill EP,4799018,2734,2EUUCdjvEujOc0E3X6yAEr
55Aa2cqylxrFIXC767Z865,Lil Wayne,When The North & South Collide Unloaded,4793753,3634,0uCkOaecMm25kKG4I5AG6Q
1Cs0zKBU1kc0i8ypK3B9ai,David Guetta,Ring The Alarm (Remixes),4785354,156,7h7IkOy7kUgSARcPydVxTC
1Cs0zKBU1kc0i8ypK3B9ai,David Guetta,Ring The Alarm (Remixes),4785354,156,6161quyAWtf6v1f0kIUd4w
3xvaSlT4xsyk6lY1ESOspO,Disney,Mufasa: The Lion King (Original Score),4760923,23169,4syrI3dMJVRPzPijFjqBbF
137W8MRPWKqSmrBGDBFSop,Wiz Khalifa,Khali Sober,4735528,3345,6oai2CMS2kJtvb8XWmpULc
43ZHCT0cAZBISjO8DG9PnE,Elvis Presley,It Happened at the World's Fair,4732600,1899,13FZKAhL3sU3xOGUmAuSV9
7n2Ycct7Beij7Dj7meI4X0,TWICE,ONE SPARK,4692226,3201,0aKGDywT16N2AgQMLNlDJO
13y7CgLHjMVRMDqxdx0Xdo,Gucci Mane,Brick Factory 2,4672803,530,6fhhFP6jLMXhEDLbm5la6f
6oMuImdp5ZcFhWP0ESe6mG,Migos,Juug Season,4662295,542,3ZPy9VAhAgGHen0TIlWI7V
6oMuImdp5ZcFhWP0ESe6mG,Migos,Juug Season,4662295,542,70HXQp5RAjM37JHBuvL8Dg
1mYsTxnqsietFxj1OgoGbG,A.R. Rahman,Donga Donga (Original Motion Picture Soundtrack),4636466,3588,5KMG2UKnAQbbkVXtu7KYRM
0oSGxfWSnnOXhD2fKuz2Gy,David Bowie,The Next Day Extra EP,4631799,553,54fhHJlL8YuL4fmqmE303T
738wLrAtLtCtFOLvQBXOXp,Major Lazer,Soca Storm,4629150,944,0WF8S19shcn50LB5loOT0q
1wRPtKGflJrBx9BmLsSwlU,Pritam,Dilwale - Celebration Party Mixes,4622799,1403,65Q2gJFL3TfMe5eWu7TV7q
57LYzLEk2LcFghVwuWbcuS,Summer Walker,Home For The Holidays Vol. 2,4593101,556,5EtnUbybYghEoq8tvMm382
2ye2Wgw4gimLv2eAKyk1NB,Metallica,Lulu,4580790,1983,3FgLMfp5o2h2rAny7S6h57
06HL4z0CvFAxyc27GXpf02,Taylor Swift,Taylor Swift Karaoke: 1989,4570285,1442,02H4kc9YLgorpUIREOwa0q
1z7b1Pr1rSlvWRzsW3HOrS,Russ,The Edge,4552220,1202,3kPc19Tdm25i0GCfjvtcOz
1mYsTxnqsietFxj1OgoGbG,A.R. Rahman,PS - 1 (Telugu) [Original Motion Picture Soundtrack],4547188,1371,6vm8qVdc7lkP6eJZDs38Fp
13y7CgLHjMVRMDqxdx0Xdo,Gucci Mane,Chicken Talk 2,4490452,1041,4waUBYwI4qaoJks8NEjTzF
1Mxqyy3pSjf8kZZL4QVxS0,Frank Sinatra,Sinatra & Strings,4483113,1470,49uR8f1WaAVK60lCZEEXj8
2YZyLoL8N0Wb9xBt1NhZWg,Kendrick Lamar,Push Thru (feat. Kendrick Lamar and Curren$y),4435022,1389,3qHsYfN7ua1WGhQn1wquIn
13y7CgLHjMVRMDqxdx0Xdo,Gucci Mane,Trap Back 2,4412182,1834,75CryGVGAlujes5uNGD2tu
1Mxqyy3pSjf8kZZL4QVxS0,Frank Sinatra,Sings For Only The Lonely (1958 Mono Mix / Expanded Edition),4411006,1519,0xV0zM1RVaVQ8LaUp6bLWR
13y7CgLHjMVRMDqxdx0Xdo,Gucci Mane,1017 Mafia,4409957,494,6p5BowHuF3e53e2TiQKoIM
1mYsTxnqsietFxj1OgoGbG,A.R. Rahman,Kaadhal Virus (Original Motion Picture Soundtrack),4404095,3884,30eHEL91DRBP6JJ1nNjZs5
7hJcb9fa4alzcOq3EaNPoG,Snoop Dogg,Gangsta Grillz: I Still Got It,4393341,2034,6YwpXnqqxbnOqCJLqrxyfb
4YRxDV8wJFPHPTeXepOstw,Arijit Singh,YRF Top 10 - Bollywood Remixed,4372411,2362,6HYp2yulQUYrEb1RvLfMj8
25uiPmTg16RbhZWAqwLBy5,Charli xcx,Boom Clap Remix EP,4370883,679,5WzOzjCYpbedlmybjSPp49
1mYsTxnqsietFxj1OgoGbG,A.R. Rahman,Hits of A.R.Rahman and Harris Jayaraj,4344426,4281,5rPoHQXdWtloKmyBnPTb63
1mYsTxnqsietFxj1OgoGbG,A.R. Rahman,Isai Sangamam,4344426,4281,6r7o82qXJR58ZZYzUjqdSq
7hJcb9fa4alzcOq3EaNPoG,Snoop Dogg,Christmas In The Dogghouse,4334089,113,6Yfaff9em7z9TmO9QQscpw
0oSGxfWSnnOXhD2fKuz2Gy,David Bowie,The Width Of A Circle,4327042,549,70XmHr1rVtHfkWzWU5GbRE
47mIJdHORyRerp4os813jD,League of Legends,Soul Fighter (Original Soundtrack),4323944,2924,6WtdFxF33VJGO1gy3Gl1Ga
13y7CgLHjMVRMDqxdx0Xdo,Gucci Mane,Wilt Chamberlain (Pt. 2),4316658,5617,6GTRO6VelkGz5xkALZZjvC
3t5xRXzsuZmMDkQzgOX35S,Robin Schulz,Stone,4255838,70,2XBPht4KUjk0QpB5PsggM2
3t5xRXzsuZmMDkQzgOX35S,Robin Schulz,Stone,4255838,70,09jUor2SmHK2Rr9HoFnJm1
3KV3p5EY4AvKxOlhGHORLg,Jeremih,Late Nights: The Album (Slowed Down),4252062,9044,0QcBI3zs04H2tpAqeGUgxu
1Mxqyy3pSjf8kZZL4QVxS0,Frank Sinatra,Reprise Rarities (Vol. 4),4250875,905,2STGztEpuohYcNWYNLeJvn
5y2Xq6xcjJb2jVM54GHK3t,John Legend,My Favorite Dream,4241404,9709,2Na5BI4pks8yFrWNvEK6zW
13y7CgLHjMVRMDqxdx0Xdo,Gucci Mane,Writing on the Wall 2,4176613,1717,2lsyfnPizx6VLwuRSXYlJ9
7n2Ycct7Beij7Dj7meI4X0,TWICE,Strategy 2.0,4156716,19383,6PwkJ9EQOmvMawvqrXHtlL
13y7CgLHjMVRMDqxdx0Xdo,Gucci Mane,Goochsomnia,4150617,3025,3xCpTS1UHAhg2FzcuTlMoj
13y7CgLHjMVRMDqxdx0Xdo,Gucci Mane,Your Favorite Rapper's Favorite Tapper,4135325,1138,79dRmWXfaGB99yl8ssgj4o
3DiDSECUqqY1AuBP8qtaIa,Alicia Keys,Santa Baby,4118601,311,5ichhxPbZc7s1azvGRrNsO
1HY2Jd0NmPuamShAr6KMms,Lady Gaga,Paparazzi,4113107,663,2MXYITHNkmZxQtRwJXQibH
13y7CgLHjMVRMDqxdx0Xdo,Gucci Mane,King Gucci,4097987,626,70XhBvRIXhrRRdJni5IACH
1wRPtKGflJrBx9BmLsSwlU,Pritam,Ae Dil Hai Mushkil (Instrumental) [Original Motion Picture Soundtrack],4076871,3952,4wAeJdXyxaGGtuEWiP1MGB
13y7CgLHjMVRMDqxdx0Xdo,Gucci Mane,Ferrari Music,4063816,1111,0FWYJxI3ricSGD9fw76ikG
0pePYDrJGk8gqMRbXrLJC8,Luis R Conriquez,Corridos 2018,4059358,675,2E5SJT1HaWT3mnZr4lKzfA
7jy3rLJdDQY21OgRLCZ9sD,Foo Fighters,00070725 Live At Studio 606,4047307,2025,1i7uzsvuhrO7d1gXSZnr4X
3DiDSECUqqY1AuBP8qtaIa,Alicia Keys,Remixed,4040948,1211,1bXJ1kc5C4oqcXdg3BlWFp
3DiDSECUqqY1AuBP8qtaIa,Alicia Keys,Remixed,4040948,1211,4KqjZzova9dnAFaZBJFANP
3KV3p5EY4AvKxOlhGHORLg,Jeremih,Late Nights: The Album (Sped Up),4025657,4851,1fT01oaEBu5TPFMJ8e6Whv
25uiPmTg16RbhZWAqwLBy5,Charli xcx,You're the One EP,4020954,2851,5wTWHQGwBKQMeoAGHoL1AU
3mIj9lX2MWuHmhNCA7LSCW,The 1975,Live From Gorilla,4007006,3040,1NyNPAl23yPt6mO89nDAEe
3PhoLpVuITZKcymswpck5b,Elton John,"Elton John at Live Aid (Live at Wembley Stadium, 13th July 1985)",4004639,1805,7m1vdi7860zB09C2puGWWZ
1mYsTxnqsietFxj1OgoGbG,A.R. Rahman,Whistle (Original Motion Picture Soundtrack),3983005,3045,0Iuw5VaeWw9GX9Z76C9gq8
46SHBwWsqBkxI7EeeBEQG7,Kodak Black,Vulture Love Presents: The Last Zombies on Earth,3967961,4759,1f0CTYUfYgfehhyKnR4noN
46SHBwWsqBkxI7EeeBEQG7,Kodak Black,Vulture Love Presents: The Last Zombies on Earth,3967961,4759,6jQoTGTR1TvyAOXCsxVvpu
55Aa2cqylxrFIXC767Z865,Lil Wayne,Tha Carter II: Screwed And Chopped,3959107,1007,3i1VnKDxGn83Oy4ngpFBCX
5fMUXHkw8R8eOP2RNVYEZX,Diplo,Que Que Remix EP,3945484,178,1OaVcIMYJZ6VrcC5XrAv7c
43ZHCT0cAZBISjO8DG9PnE,Elvis Presley,Speedway,3944130,1608,27rnGQx6avdqjPq8gtKs7D
1wRPtKGflJrBx9BmLsSwlU,Pritam,Chocolate,3940122,3272,0F3WiK7vhx4L0A8xBt5uyV
5fMUXHkw8R8eOP2RNVYEZX,Diplo,Revolution (Remixes),3919677,356,2jCCUS1MILna985X0s9SfF
3AA28KZvwAUcZuOKwyblJQ,Gorillaz,Gorillaz Are Ten - Spotify Radio Show 3,3915649,450,1qHKot5zKNk8e0fLkXR3xi
22bE4uQ6baNwSHPVcDxLCe,The Rolling Stones,Totally Stripped - Amsterdam (Live),3906666,720,0onAk78OVYTxvv4C0aQKbT
1wRPtKGflJrBx9BmLsSwlU,Pritam,Ferrari Ki Sawaari,3897390,5247,1czxatTCsHnioFmzVhYHIR
137W8MRPWKqSmrBGDBFSop,Wiz Khalifa,Wiz Owens,3893357,7974,4BSjZSAOEX6Gs4f8e1xatg
1Mxqyy3pSjf8kZZL4QVxS0,Frank Sinatra,"Softly, As I Leave You",3885677,1434,4nyK5RLD3MIM5pNj9IUzpc
13y7CgLHjMVRMDqxdx0Xdo,Gucci Mane,Gas,3861022,1343,1T5Ze4LhNsQu7Pl5evDc9l
4iHNK0tOyZPYnBU7nGAgpQ,Mariah Carey,Always Be My Baby EP,3857799,2416,4g1rP0VXfdQgbTp6j8GOB8
1mYsTxnqsietFxj1OgoGbG,A.R. Rahman,Vikramasimha (Original Motion Picture Soundtrack),3856033,13826,4brMww9kTr636JbHbNtCrr
3aQeKQSyrW4qWr35idm0cy,T-Pain,The Instrumentals,3852535,897,10O7EUPKcnHr83uLZ05B04
26dSoYclwsYLMAKD3tpOr4,Britney Spears,Womanizer Remix EP,3844155,474,1e5OFlvMFi5gIdzGR4lDSX
3EiLUeyEcA6fbRPSHkG5kb,De La Ghetto,"Satirología, Vol. 3",3831456,81968,6n3yGfhOtfklDdHxcGYsel
13y7CgLHjMVRMDqxdx0Xdo,Gucci Mane,Bird Money,3768672,5736,0ga4LLP3EvTQcKmilgGA6s
5y2Xq6xcjJb2jVM54GHK3t,John Legend,Live at SOB's,3758672,232,2ONUEHJIhIB6D6fYmHvpcC
6vWDO969PvNqNYHIOW5v0m,Beyoncé,Beyoncé Karaoke Hits I,3757795,117,0zAiZGrWZcrzUt2JG5mYey
13y7CgLHjMVRMDqxdx0Xdo,Gucci Mane,Definition Of Wop,3753204,2088,0t6kR2EeXfMzvJZM5LojQR
738wLrAtLtCtFOLvQBXOXp,Major Lazer,Afrobeats Mix (DJ Mix),3752797,988,5YYAGdYF7cJy1JmiJkwLmq
26dSoYclwsYLMAKD3tpOr4,Britney Spears,In The Zone DVD Bonus Audio,3731794,1604,33sRi69zGkFpDxW92myEYu
0oSGxfWSnnOXhD2fKuz2Gy,David Bowie,Something In The Air (Live Paris 99),3709582,763,4pnC0csjiPwmrt3Z21tKc3
1mYsTxnqsietFxj1OgoGbG,A.R. Rahman,Premikudu,3690329,1715,68k7QMGYN8eiEY1CAl5sEy
08GQAI4eElDnROBrJRGE0X,Fleetwood Mac,"Blues Jam in Chicago, Vol. 1",3678826,633,4vRzJ9uAlelRyezL47h1WJ
26dSoYclwsYLMAKD3tpOr4,Britney Spears,Gimme More,3676981,1531,7dpXGrUe96CWC7k0G8ty5h
3IYUhFvPQItj6xySrBmZkd,Creedence Clearwater Revival,Keep On Burnin' (Live 1971),3666654,2338,1NlJlBqHgYNHR3gkpqx58G
17lzZA2AlOHwCwFALHttmp,2 Chainz,Trapavelli 2 (the Residue),3539017,870,11PIiUkttMo9pzOnrYDV9U
6vXTefBL93Dj5IqAWq6OTv,French Montana,Coke Boys Run NY,3529278,786,0Ynf8kGEDPMeZ82CoN2M89
1RyvyyTE3xzB2ZywiAwp0i,Future,Beast Mode (Instrumentals),3512294,807,6LkUDxtz8cJG3n0RbZNkDh
13y7CgLHjMVRMDqxdx0Xdo,Gucci Mane,Lunch,3509868,262,5st8MlneVYkpHZD23t7nyR
13y7CgLHjMVRMDqxdx0Xdo,Gucci Mane,So Icy Boyz Instrumental,3504239,775,2rlkz7jmnCy7jPd1iKTR0W
4iHNK0tOyZPYnBU7nGAgpQ,Mariah Carey,Mariah En Español EP,3493873,2583,4HMb32LinHnacPdr6rnTRj
7jy3rLJdDQY21OgRLCZ9sD,Foo Fighters,1070725,3486403,602,39LSGKhA2sMu4HD0whlDRa
0C0XlULifJtAgn6ZNCW2eu,The Killers,Spaceman (Remixes),3483368,844,6IvLZRK5jCyZdrHGPVab4a
13y7CgLHjMVRMDqxdx0Xdo,Gucci Mane,The Spot Soundtrack,3435916,1856,5bQFmAYnkxhlYfdfAJRWTR
43ZHCT0cAZBISjO8DG9PnE,Elvis Presley,Double Trouble,3396700,1357,4iG8jdsZogHikgE4uEyo5k
5fMUXHkw8R8eOP2RNVYEZX,Diplo,MMXX,3376294,377,7bYdYjEonvh7QGun2hQOJE
1mYsTxnqsietFxj1OgoGbG,A.R. Rahman,Iravin Nizhal (Original Motion Picture Soundtrack),3367227,1683,1EaRNMcvcSXULmMpPbHoCY
3fMbdgg4jU18AjLCKBhRSm,Michael Jackson,Looking Back To Yesterday,3340789,640,7tGwEotJra8IIfB5UElmPG
0NGAZxHanS9e0iNHpR8f2W,Alok,THE FUTURE IS ANCESTRAL,3332920,4713,6pmFJ5VC7URN6Q7xI0SYt3
22bE4uQ6baNwSHPVcDxLCe,The Rolling Stones,Jamming With Edward,3325667,1289,4flw1L8widdDehQ4BYHQvO
2jku7tDXc6XoB6MO2hFuqg,Tory Lanez,The Bag Ep,3322277,4859,0SKuDFzdB5R6PjuIMYqqUk
3aQeKQSyrW4qWr35idm0cy,T-Pain,The Bluez Brothaz,3306146,2908,5OqOpp9lGcX58q1wo8kGFU
3xvaSlT4xsyk6lY1ESOspO,Disney,Moana 2 (Original Score),3275564,11029,0vSxf02WIjxDLEqbEyWWQ1
3PhoLpVuITZKcymswpck5b,Elton John,The Fox,3247200,1193,3YeviehXlWgJWcwFMog39Y
08GQAI4eElDnROBrJRGE0X,Fleetwood Mac,"Live in Boston, Vol. 1",3236459,520,1dmgMWuToNfE868tqUkYJL
3aQeKQSyrW4qWr35idm0cy,T-Pain,Freaknik The Musical,3165371,573,67ywiQQQiUFWGXw6ZRgJ0K
1wRPtKGflJrBx9BmLsSwlU,Pritam,Darling,3153548,3374,5kwnkJN2kgd36cFwuZErms
1Mxqyy3pSjf8kZZL4QVxS0,Frank Sinatra,Sings For Only The Lonely (2018 Stereo Mix),3137196,1667,79EPf4gOng48qYVUiL29i2
0oSGxfWSnnOXhD2fKuz2Gy,David Bowie,The 'Mercury' Demos (with John 'Hutch' Hutchinson),3135352,249,6AzBSTH7yHgFMPQRrckpHO
0oSGxfWSnnOXhD2fKuz2Gy,David Bowie,"David Bowie at Live Aid (Live at Wembley Stadium, 13th July 1985)",3130543,1196,5XU3d6SpTgwBn4RGQjOcbs
3PhoLpVuITZKcymswpck5b,Elton John,25889,3110812,897,4oQROC3cT21c88hQWQF47s
3fMbdgg4jU18AjLCKBhRSm,Michael Jackson,Michael Jackson: The Complete Remix Suite,3110455,282,5GhKGrFaw4V1oSvnkHmn2s
1Mxqyy3pSjf8kZZL4QVxS0,Frank Sinatra,The Main Event (Live),3059384,866,3Q6jWhRIWAQ33AURVdVMKM
7jy3rLJdDQY21OgRLCZ9sD,Foo Fighters,Medicine At Midnight (Track Commentary),3054678,715,4Sb67WEPsYgQxd7GItaAtI
6vXTefBL93Dj5IqAWq6OTv,French Montana,Coke Wave 2,3044738,1148,5uVVga9peFULTv4oNKqa63
22bE4uQ6baNwSHPVcDxLCe,The Rolling Stones,Totally Stripped - Paris (Live),3037120,565,45HGPa6g6Kn7PBdzeEujUV
1mYsTxnqsietFxj1OgoGbG,A.R. Rahman,Robot (Original Motion Picture Soundtrack),3002955,5639,66GypleNyBvRB81vfj15Ib
13y7CgLHjMVRMDqxdx0Xdo,Gucci Mane,Birds of a Feather 2,2987482,505,3ncH3eH5iTUzU73omfc4XG
1mYsTxnqsietFxj1OgoGbG,A.R. Rahman,Mariyaan (Original Motion Picture Soundtrack),2967194,2912,41uG5Q27NGJM3Uyb9FKZJI
1wRPtKGflJrBx9BmLsSwlU,Pritam,The Forgotten Army (Original Series Soundtrack),2965088,663,1aIbC274dAjtU8brYm8ti6
13y7CgLHjMVRMDqxdx0Xdo,Gucci Mane,Gucci 2 Time,2946783,1478,1CyiWPZytVZbE4NCPdt4XT
43ZHCT0cAZBISjO8DG9PnE,Elvis Presley,Frankie & Johnny,2906135,1225,2yyCsy9h9vEepo2nrWSsjw
181bsRPaVXVlUKXrxwZfHK,Megan Thee Stallion,Make It Hot (ChopNotSlop Remix),2905159,187,3pyzllvmjw5YNMUDbRJ1XK
5me0Irg2ANcsgc93uaYrpb,The Notorious B.I.G.,Mo Money Mo Problems (Stripped Version),2869552,470,0g2XXptEWlsfbWcVbrvJQe
4iHNK0tOyZPYnBU7nGAgpQ,Mariah Carey,I'll Be Lovin' U Long Time - EP,2859314,1499,4AEGEvVe01rcRYlUTcWavL
3nFkdlSjzX9mRTtwJOzDYB,JAY-Z,American Gangster Acappella,2855339,113,6If8UXZG5DH2fv3DnloHZo
6icQOAFXDZKsumw3YXyusw,Lil Yachty,The Lost Files,2849520,314,2OCmKJAV29CkNK6CCB6isR
0NGAZxHanS9e0iNHpR8f2W,Alok,CONTROVERSIA by Alok Vol. 008,2841418,303,38RZAmM8SqgL5gyhWacYFK
2feDdbD5araYcm6JhFHHw7,Labrinth,Express Yourself - EP,2831076,317,4XW0XUX4IRg4OYLfrfP0YK
43ZHCT0cAZBISjO8DG9PnE,Elvis Presley,"Paradise, Hawaiian Style",2816620,1204,4n4oa8ac6Wyy5zE8iv42Nc
53XhwfbYqKCa1cC15pYq2q,Imagine Dragons,Smoke + Mirrors Live (Live At The Air Canada Centre),2809065,4982,71s3w0NvaGZcoHlKtPRGjp
1KCSPY1glIKqW2TotWuXOR,P!nk,P!nk: The Remixes EP,2808548,661,315ROUkyl0X2muXbjBaI9E
181bsRPaVXVlUKXrxwZfHK,Megan Thee Stallion,Suga (Chopnotslop Remix),2797772,407,6cpPIYoXlLHhCXHvbKUaEo
1URnnhqYAYcrqrcwql10ft,21 Savage,american dream (nightcore version),2795301,4534,4ScxU0HoSCErSzaDXuw9Xa
6XyY86QOPPrYVGvF9ch6wz,Linkin Park,From Zero: A Cappellas + Instrumentals,2791337,32458,7qKEQkRXySP0rhjtXJksfg
1z7b1Pr1rSlvWRzsW3HOrS,Russ,5280,2776800,535,6K4fDvF7E5uqN1BsvYUYFp
1mYsTxnqsietFxj1OgoGbG,A.R. Rahman,Fiza (Original Motion Picture Soundtrack),2775448,2342,70pmpUOtbnOc5YtuH20ehU
13y7CgLHjMVRMDqxdx0Xdo,Gucci Mane,Trap-Tacular,2767780,1354,4jmfBVxDl0W0OmHRboyK7n
4IWBUUAFIplrNtaOHcJPRM,James Arthur,You're Nobody 'Til Somebody Loves You (Remixes),2743660,70,4nC2gtuDTgmaR6AsK8stim
3PhoLpVuITZKcymswpck5b,Elton John,Victim Of Love,2732408,723,182ZedDKRayJwwTY2mSyoW
0oSGxfWSnnOXhD2fKuz2Gy,David Bowie,Loving The Alien E.P.,2718638,615,158eiWn33JaxHRleYF40lH
4YRxDV8wJFPHPTeXepOstw,Arijit Singh,Ghazals By Trending Voices,2718281,564,2eKYIKV83kh2m2Xbdm95F4
4LLpKhyESsyAXpc4laK94U,Mac Miller,Mac Miller : Live From London (With The Internet),2690536,450,0LdaWkTotOqOcUxwEPBF6N
6S2OmqARrzebs0tKUEyXyp,Demi Lovato,About Unbroken,2673708,48,7GPlbJRmeV6oR6w2tvPBjb
1mYsTxnqsietFxj1OgoGbG,A.R. Rahman,Jaane Tu... Ya Jaane Na,2634999,1221,7J5iE51Mk97Mf0BjjwYXUZ
5WUlDfRSoLAfcVSX1WnrxN,Sia,Gimme Christmas (Lofi Soundscape),2613508,1994,4nAUevRrNryD4J53nDtIpT
13y7CgLHjMVRMDqxdx0Xdo,Gucci Mane,Wilt Chamberlain (Pt. 4),2612986,1281,7AsU2vm6ZbCW01UbS68L6f
13y7CgLHjMVRMDqxdx0Xdo,Gucci Mane,World War 3 (Molly),2609984,956,6jaeCzfURsR9hdOGWNEjx4
4iHNK0tOyZPYnBU7nGAgpQ,Mariah Carey,The Roof (Back In Time) EP,2583374,1864,0gpcwsuOkFqSmwFrnkWlk0
1ZwdS5xdxEREPySFridCfh,2Pac,Unsolved,2579384,987,57cNuT693f6m8oQb55CfxV
5fMUXHkw8R8eOP2RNVYEZX,Diplo,MMXX (Remixes),2564240,141,6kfhsck6uFGcDvdqKR7jHG
3hcs9uc56yIGFCSy9leWe7,Lil Durk,I'm Still a Hitta,2531603,919,30R3UJ0v15PDZ9sFupRzdT
3aQeKQSyrW4qWr35idm0cy,T-Pain,"Everything Must Go, Vol. 1",2518203,526,7IqCe0MDZvFlv2jwLJkyov
1mYsTxnqsietFxj1OgoGbG,A.R. Rahman,Rangeela (Original Motion Picture Soundtrack),2496008,1659,1Wbsq2OF6KPbGDfedG0XX6
13y7CgLHjMVRMDqxdx0Xdo,Gucci Mane,Kitchen Talk,2486992,1552,2KfstOByCcYRHEQL9pTomz
1z7b1Pr1rSlvWRzsW3HOrS,Russ,Apollo 13,2485758,665,4FWRkDpjc2nCoYtGeNYNIp
1Mxqyy3pSjf8kZZL4QVxS0,Frank Sinatra,All Alone,2484117,670,6msngKGFNEXcVOPdnqtyIp
738wLrAtLtCtFOLvQBXOXp,Major Lazer,Piano Republik (Remixes),2455446,542,2RgNcT3yaxMZIGaQfNqY7p
1z7b1Pr1rSlvWRzsW3HOrS,Russ,Vacation,2452405,614,42XA3CG4dOtlaVKq5ZRNRh
1z7b1Pr1rSlvWRzsW3HOrS,Russ,Vacation,2452405,614,5vBogQencvbV8I0N38tf5E
1mYsTxnqsietFxj1OgoGbG,A.R. Rahman,Ponniyin Selvan (Original Score),2450929,1547,23HAmfHXpbuaGW2PRgHUu1
1mYsTxnqsietFxj1OgoGbG,A.R. Rahman,Ghajini,2433970,1585,1bakFVqPdxrSCSZI2HUGhJ
6XyY86QOPPrYVGvF9ch6wz,Linkin Park,From Zero: A Cappellas,2392163,26336,1x6p39FFIESOq8q8B4oQXN
0NGAZxHanS9e0iNHpR8f2W,Alok,Winter Sunset Remixes part.1 (Green Valley Winter Music 2015 Anthem),2385559,81,2Z8egw5FwFr6rs8U0NQUAb
13y7CgLHjMVRMDqxdx0Xdo,Gucci Mane,The State Vs Radric Davis: The Caged Bird Sings,2371578,584,636XjjPxlVf6QRRGZOcI60
1wRPtKGflJrBx9BmLsSwlU,Pritam,Shaadi Ke Side Effects,2367713,1543,4EgHhsRJCtWEdn5QzMu89E
0k17h0D3J5VfsdmQ1iZtE9,Pink Floyd,1971 Reverber/ation,2361790,604,1XETvWpZSGjeJysXQNrj5Y
50co4Is1HCEo8bhOyUWKpn,Young Thug,1017 Thug 3 The Finale,2357291,1600,4N0QH3uy5K5T3fMtpLIpKq
6vXTefBL93Dj5IqAWq6OTv,French Montana,Cocaine Mafia,2355084,897,0YZU79L9oqfLq0wPkETkOI
3DiDSECUqqY1AuBP8qtaIa,Alicia Keys,Inesquecivel Sao Paulo Brazil (Live From Allianz Parque Sao Paulo Brazil),2351752,1081,64WsylPFPhgaxQbG2FNrrp
0eHQ9o50hj6ZDNBt6Ys1sD,Yandel,De Líder a Leyenda: Track by Track,2342122,28,3odhUpQj1wpLB57Zrf4zOx
1mYsTxnqsietFxj1OgoGbG,A.R. Rahman,Vendhu Thanindhathu Kaadu (Original Score),2337193,974,5N3d00pvonn9vvse6TI42m
3e7awlrlDSwF3iM0WBjGMp,Little Mix,Karaoke Bundle,2331380,89,7tm0aU6EvXdN0fUeayaBqu
4iHNK0tOyZPYnBU7nGAgpQ,Mariah Carey,Touch My Body - EP,2318963,1025,5BRk9Ml11itBNbXWyn3UbN
3qm84nBOXUEQ2vnTfUTTFC,Guns N' Roses,FM Broadcast: Guns 'N' Roses Live,2305533,449,4jnyunlAqb6VXPopxrs7pn
6Xgp2XMz1fhVYe7i6yNAax,Trippie Redd,Angels & Demons,2301485,741,7wkvOZR4wvDuu1dQYndTNO
3DiDSECUqqY1AuBP8qtaIa,Alicia Keys,You Don't Know My Name EP,2274775,3987,1MYnZKQrx3Qhqofmea6UyG
0oSGxfWSnnOXhD2fKuz2Gy,David Bowie,Ouvrez Le Chien (Live Dallas 95),2267173,410,2ePgm9LMao9MIx7VWmHQoA
50co4Is1HCEo8bhOyUWKpn,Young Thug,Ready for War,2235538,4156,1ohvUqk3WHrOnRWnwyA4X6
4iHNK0tOyZPYnBU7nGAgpQ,Mariah Carey,Do You Know Where You're Going To EP,2230142,743,65HeRa262BQgzAqRbGpWXR
1wZtkThiXbVNtj6hee6dz9,Wisin,Como en los Tiempos de Antes,2229388,359,4PPz4pONyn0kkAEwtl8PVf
1mYsTxnqsietFxj1OgoGbG,A.R. Rahman,PS-2 (Malayalam) [Original Motion Picture Soundtrack],2221682,297,2Q9025lUYzEMJLYGyhIU00
08GQAI4eElDnROBrJRGE0X,Fleetwood Mac,Crazy About the Blues,2207366,519,0S9mjaLKoH28jETRQnqTAz
2wUjUUtkb5lvLKcGKsKqsR,Alessia Cara,Holiday Stuff,2200376,187,0nHqEOqyUQOP86pIc6lt1D
51Blml2LZPmy7TTiAg47vQ,U2,ZOO TV Live In Dublin 1993 EP,2191578,2140,03qRoidfH8PEvybfKfWyZm
2feDdbD5araYcm6JhFHHw7,Labrinth,The Kitchen (Score from the Netflix Film),2181292,2269,67JwhnzZp9DLFIHfsfK6Uf
4iHNK0tOyZPYnBU7nGAgpQ,Mariah Carey,Dreamlover EP,2178877,1267,2IrjdPoANpWUtUPhQjHThm
23zg3TcAtWQy7J6upgbUnj,USHER,Rhythm City Volume One: Caught Up,2173895,673,5NcP32PiAaRBFpCV7InLa5
13y7CgLHjMVRMDqxdx0Xdo,Gucci Mane,Views from Zone 6,2146122,289,2IfnAUe3sxaRJNTaRz2S8H
3Isy6kedDrgPYoTS1dazA9,Sean Paul,"Penthouse Flashback Series: Sean Paul, Spragga Benz and Johnny P",2133881,2059,2XEW6KliuaZe3sFqeYz38u
0oSGxfWSnnOXhD2fKuz2Gy,David Bowie,Black Tie White Noise (Extras),2133740,511,329GKhK03PzYbbhaWg9K70
3TVXtAsR1Inumwj472S9r4,Drake,For All The Dogs Scary Hours Edition (Instrumental),2106703,2922,3CHCm9n05a3tG4cQJ4rJwq
0oOet2f43PA68X5RxKobEy,Shreya Ghoshal,Shreya Ghoshal Kannada Hits,2095014,3417,50mIYclI3rUC1zgpPs58z8
0oSGxfWSnnOXhD2fKuz2Gy,David Bowie,At The Kit Kat Klub (Live New York 99),2072459,403,05uqcnORTiDNi7AxDIwwxV
0oSGxfWSnnOXhD2fKuz2Gy,David Bowie,Fame '90,2037249,731,6IIwicdGZsYQStnvOqSd51
4zCH9qm4R2DADamUHMCa6O,Anirudh Ravichander,Darbar (Tamil) [Original Motion Picture Soundtrack],2030999,18818,2GYgspVOKMJ9Xzc1BWCCD1
1yxSLGMDHlW21z4YXirZDS,Black Eyed Peas,Invasion Of Meet Me Halfway - Megamix E.P.,2030368,1268,6HWWiAv5obkQNO7B3qStEG
3e7awlrlDSwF3iM0WBjGMp,Little Mix,Love (Sweet Love) - EP,2025692,309,2nFUSmaIkmvnkty1TEDrZv
5fMUXHkw8R8eOP2RNVYEZX,Diplo,Diplo (Life and Death Remixes),2013199,240,2upODwjr88W3EhHghbEtDv
3PhoLpVuITZKcymswpck5b,Elton John,Leather Jackets,1998401,701,6LJWMUVW2N2vvshxq3XCS6
55Aa2cqylxrFIXC767Z865,Lil Wayne,Tha Carter: Screwed And Chopped,1984926,475,0QuN909GHid8OwNxrhJMGc
5LHRHt1k9lMyONurDHEdrp,Tyga,Don't Be Fooled,1967442,3276,3fyfhnGmCGj7AiMc1aBfW2
2QsynagSdAqZj3U9HgDzjD,Bob Marley & The Wailers,Climb the Ladder,1961040,801,7kOJ0fSVk2dUA93pyIfGyn
1mYsTxnqsietFxj1OgoGbG,A.R. Rahman,Between Heaven and Earth,1952356,577,68qzYbFDW8ba8DtSTezutb
3AA28KZvwAUcZuOKwyblJQ,Gorillaz,Gorillaz Are Ten - Spotify Radio Show 2,1942884,190,3g0Eg9PPsWu0FisNDPAMuY
4iHNK0tOyZPYnBU7nGAgpQ,Mariah Carey,Through The Rain - EP,1942709,548,3XZySQA89fA3UjV0cVrlL5
13y7CgLHjMVRMDqxdx0Xdo,Gucci Mane,So Icy Boy,1938176,1541,5x7Tmv9phv5qUazJ97R9fW
2QsynagSdAqZj3U9HgDzjD,Bob Marley & The Wailers,Another Dance: Rarities From Studio One,1921476,554,4ERLCjBYKYDhFD4N54KyDL
7hJcb9fa4alzcOq3EaNPoG,Snoop Dogg,"Death Row: The Lost Sessions, Vol. 1",1919706,626,2raYIHvbOLTgSZAQtZfyak
1z7b1Pr1rSlvWRzsW3HOrS,Russ,Velvet,1908205,578,5WzxgdzPvlq825wikQSRjv
2QsynagSdAqZj3U9HgDzjD,Bob Marley & The Wailers,The Wailing Wailers at Studio One,1864828,606,2uVmWX4MT26fErosWE3KPk
5fMUXHkw8R8eOP2RNVYEZX,Diplo,Make You Pop,1860292,28,6aWMC9X0bpem6jTcG8OPLv
0oSGxfWSnnOXhD2fKuz2Gy,David Bowie,I'm Only Dancing (The Soul Tour 74) [Live],1849272,618,5ScPukrNF9Omj4gJBZ0YbV
1Mxqyy3pSjf8kZZL4QVxS0,Frank Sinatra,The Concert Sinatra (Expanded Edition),1848083,847,7GfWWugWzIwkR4SxmRAy8J
0oSGxfWSnnOXhD2fKuz2Gy,David Bowie,"Glass Spider (Live Montreal '87, 2018 Remaster)",1847371,694,2Qyno3YYujacEiO5940xXr
1mYsTxnqsietFxj1OgoGbG,A.R. Rahman,Couples Retreat,1839355,919,6HDEKi9zfO4lyjYrB89wKV
5WUlDfRSoLAfcVSX1WnrxN,Sia,Hass Hass (Lofi Remix),1834989,984,11ZFNsxNhXEe6BfpouqiIP
13y7CgLHjMVRMDqxdx0Xdo,Gucci Mane,Wilt Chamberlain (Pt. 6),1814143,1033,6JnVFyAkAXEuPAGTEeSqP8
3fMbdgg4jU18AjLCKBhRSm,Michael Jackson,The Stripped Mixes,1799408,337,2MKcGeGM92x4d5lwpfjiPa
08GQAI4eElDnROBrJRGE0X,Fleetwood Mac,Transmission Impossible,1764272,497,4Ktz8mPkDmGBQ1nRWNulV9
6vWDO969PvNqNYHIOW5v0m,Beyoncé,Ring The Alarm,1757409,442,0k1QlcaF9tmHehVz7671rf
6vWDO969PvNqNYHIOW5v0m,Beyoncé,Ring The Alarm,1757409,442,4y2jPVHpFLCbfB793G5Wfd
3AA28KZvwAUcZuOKwyblJQ,Gorillaz,Gorillaz Are Ten - Spotify Radio Show 1,1751515,358,1vYDlDjuYapfyX2DpdrziG
43ZHCT0cAZBISjO8DG9PnE,Elvis Presley,Harum Scarum,1736292,794,0DDokriMy7L6hseGI6Ju7C
1l7ZsJRRS8wlW3WfJfPfNS,Christina Aguilera,Just Be Free,1731530,366,3Z6w3YCqLVV3iVSGYztOGY
7hJcb9fa4alzcOq3EaNPoG,Snoop Dogg,Boss' Life,1701250,382,2BbqE0ewA8MJyI9QkIkpCL
20sxb77xiYeusSH8cVdatc,Meek Mill,Lionhearted 3,1697112,248,2A6C6SKDgCtK3RIN6BUMwG
1wZtkThiXbVNtj6hee6dz9,Wisin,Los Reyes del Nuevo Milenio,1673971,488,2ImsbgG5mXgtNl36h1PXJv
7hJcb9fa4alzcOq3EaNPoG,Snoop Dogg,The Underdoggs (Original Motion Picture Soundtrack),1664914,1051,79PECkOIKGNR4fpki0HEQ0
4tZwfgrHOc3mvqYlEYSvVi,Daft Punk,Alive 1997,1641092,740,3Z7mPCcnwAzU7GtsRYf0HA
6vXTefBL93Dj5IqAWq6OTv,French Montana,Cocaine Konvicts,1639722,607,72nWp7Nzops5TbonDkj8ch
4iHNK0tOyZPYnBU7nGAgpQ,Mariah Carey,The Live Debut - 1990,1634348,758,3vmNlLcRS8xJcB5RQuMNxe
22bE4uQ6baNwSHPVcDxLCe,The Rolling Stones,Welcome To Shepherds Bush (Live),1628796,7565,1NCnDEf1jdXXmJTPv76uAL
0oSGxfWSnnOXhD2fKuz2Gy,David Bowie,Clareville Grove Demos,1597010,167,5oYUdjeXAfUAOTgrPmajfe
3fMbdgg4jU18AjLCKBhRSm,Michael Jackson,Pure Michael: Motown A Cappella,1574510,253,5NaoFCzy9TC9Y8e74ks72N
1mYsTxnqsietFxj1OgoGbG,A.R. Rahman,Enthiran (Original Background Score),1569483,2609,3bxnbterkUaeYkhTUEKBZP
31W5EY0aAly4Qieq6OFu6I,A Boogie Wit da Hoodie,Me vs. Myself (Acapella),1567691,699,4cF4qtowmNT5zYMru2KZ2Y
1dKdetem2xEmjgvyymzytS,Grupo Firme,"En Vivo Desde Culiacán, Sinaloa Con Szl",1542252,171,6tLcAauKHTbqytvVvtX9wO
4YRxDV8wJFPHPTeXepOstw,Arijit Singh,Bismillah,1538386,887,4aOBBqhlFAPkrMnL67Wrf6
0oOet2f43PA68X5RxKobEy,Shreya Ghoshal,Gulzar in Conversation with Tagore,1516817,1032,3sc0qkkC5c22PpknE9sPHV
47mIJdHORyRerp4os813jD,League of Legends,Inkborn Fables (Original Soundtrack from Teamfight Tactics Set 11),1516568,577,2cemTfQCrehWyWsvcttzWi
4iHNK0tOyZPYnBU7nGAgpQ,Mariah Carey,Anytime You Need A Friend EP,1495405,663,3PUM29uAXuZWf04G9FfWyg
7CajNmpbOovFoOoasH2HaY,Calvin Harris,The Girls,1458773,203,4WGX5ViMSoO9l5k3t85VKC
7CajNmpbOovFoOoasH2HaY,Calvin Harris,The Girls,1458773,203,1fvd5x8kQ2thVFiU1HBsIJ
7CajNmpbOovFoOoasH2HaY,Calvin Harris,The Girls,1458773,203,0GI4OVUVmdR4xvLttFnffQ
0oSGxfWSnnOXhD2fKuz2Gy,David Bowie,Look At The Moon! (Live Phoenix Festival 97),1451683,490,0cqnZacz49P3vjP6bq3cdj
0oSGxfWSnnOXhD2fKuz2Gy,David Bowie,Liveandwell.com (2020 Remaster),1448143,168,1HKNlpKfSTZkALqVuR2BYC
4iHNK0tOyZPYnBU7nGAgpQ,Mariah Carey,Make It Happen EP,1445144,1012,4eEYKyd209YmQGjOlfhGMA
0oSGxfWSnnOXhD2fKuz2Gy,David Bowie,I Dig Everything: The 1966 Pye Singles,1406419,255,0aHnxLCyLsuRhLDOooSnzA
6vXTefBL93Dj5IqAWq6OTv,French Montana,Mac & Cheese 4: The Appetizer,1395615,892,3xwQzLkUUcIq2ow23mx0uu
0oOet2f43PA68X5RxKobEy,Shreya Ghoshal,Megher Palok,1384875,1238,76GZ1VDIn4JaxEpef4R8od
7hJcb9fa4alzcOq3EaNPoG,Snoop Dogg,Kush,1384321,215,7r3ZRX5UIxKteuTMu7vL7B
4iHNK0tOyZPYnBU7nGAgpQ,Mariah Carey,One Sweet Day EP,1368015,1542,1oAUyoCeTcnD5bEaLMf8pg
0TnOYISbd1XYRBk9myaseg,Pitbull,Hey Baby (Drop It To The Floor) - The Remixes EP,1354341,246,4FqlipzRxHzqOI6Dm7SozX
4iHNK0tOyZPYnBU7nGAgpQ,Mariah Carey,Joy To The World EP,1352908,79,0wVpSrJqvOt3fZfxsrnVQO
0oSGxfWSnnOXhD2fKuz2Gy,David Bowie,Little Wonder Mix E.P. (Danny Saber Mixes),1347350,154,0vtLdfvEZEtIjLTs28bq9u
4xRYI6VqpkE3UwrDrAZL8L,Logic,Homebody,1346853,14923,3vCrFs233lnxWtVBz0gS27
1Cs0zKBU1kc0i8ypK3B9ai,David Guetta,I'm Good (Blue) [Extended Remixes],1339733,712,0cHdn0qrP87D3Zs1jRvHSy
6vXTefBL93Dj5IqAWq6OTv,French Montana,"French Revolution, Vol. 1",1302086,271,35cSKzrnEXqPoq2iuhdrbp
23zg3TcAtWQy7J6upgbUnj,USHER,OMG Remix EP,1301325,341,62VpctxkFGvJTPHWuRzdde
2wY79sveU1sp5g7SokKOiI,Sam Smith,Sam Smith - Live From The Roundhouse,1290581,1775,5QVtA5nAI18IVW6NenERTO
77SW9BnxLY8rJ0RciFqkHh,The Neighbourhood,I Love You. (Chopped Not Slopped),1283165,1488,7aoR56Mf03N4pZBFOjx0Oh
738wLrAtLtCtFOLvQBXOXp,Major Lazer,Piano Republik (Extended),1281914,1068,51qqC2CWfIMrM9mprE83T7
1mYsTxnqsietFxj1OgoGbG,A.R. Rahman,Amar Singh Chamkila (Original Motion Picture Soundtrack),1278984,1295,6qYvZs3N9bq5QetgEDT12S
0KPX4Ucy9dk82uj4GpKesn,Dalex,The Akademy,1277589,146,38x0MCa5kj05Wrs1PYDyrz
47mIJdHORyRerp4os813jD,League of Legends,The Music of League of Legends: Season 1 (Original Game Soundtrack),1269858,392,6GXIGoirm6W8EnwYytVj1j
6LqNN22kT3074XbTVUrhzX,Kesha,Gag Order (Live Acoustic EP From Space),1258623,364,4tEMiCZRt2oKtEWOurF1Ht
6vXTefBL93Dj5IqAWq6OTv,French Montana,Cocaine Konvicts: Gangsta Grillz,1256723,625,2ydPIUAN2gPaw8qNlVkiKR
13y7CgLHjMVRMDqxdx0Xdo,Gucci Mane,So Icey Boy 2,1241221,640,3RfxsSjT3QeyTLP551vuey
3DiDSECUqqY1AuBP8qtaIa,Alicia Keys,"Inolvidable Santiago Chile (Live from Movistar Arena Santiago, Chile)",1211235,433,0R6b9wFzK0OS1eTax4tc1e
3t5xRXzsuZmMDkQzgOX35S,Robin Schulz,Tutti EP,1193050,21,388hIg7LcdeFdW05HwKWJ5
47mIJdHORyRerp4os813jD,League of Legends,Runeterra Reforged (Original Soundtrack),1172489,382,3GsCkaTW7YYmcy0RtR1OJq
0oOet2f43PA68X5RxKobEy,Shreya Ghoshal,The Voice Of Armaan Malik - Birthdy Special Kannada Hits,1151190,2249,683Z50CYnCcNO87uETpFDV
6vXTefBL93Dj5IqAWq6OTv,French Montana,NEVIEM,1144843,109115,5wFxSYPYbdzPagxJ4n3uyC
13y7CgLHjMVRMDqxdx0Xdo,Gucci Mane,Wilt Chamberlain (Pt. 3),1124816,514,6KfjVSO1QFTfNUArHoUnNi
4iHNK0tOyZPYnBU7nGAgpQ,Mariah Carey,Emotions EP,1121954,367,0W1gYWFbh16HxW9NNPujiq
3nFkdlSjzX9mRTtwJOzDYB,JAY-Z,HOV DID,1094217,282,4bGVj7yZ8KvSN4zA3mbua8
7hJcb9fa4alzcOq3EaNPoG,Snoop Dogg,7 Days Instrumentals,1082704,151,3HC675zVoU9skzkwk6zMsf
6vXTefBL93Dj5IqAWq6OTv,French Montana,Goon Music 2.0,1064444,220,3nRP1rcJVLhFkoKO9ArUHS
0oSGxfWSnnOXhD2fKuz2Gy,David Bowie,Day-In Day-Out,1056603,120,7d8vWQWMcyRSewl8oHaNMe
0oSGxfWSnnOXhD2fKuz2Gy,David Bowie,No Trendy Réchauffé (Live Birmingham 95),1055672,257,7B4qOISwglvyQKodBynWBd
20sxb77xiYeusSH8cVdatc,Meek Mill,Flamers 2 (Hottest in Tha City),1045365,38,4N18KBTt5H7OMBlLNfiqIF
58lV9VcRSjABbAbfWS6skp,Bon Jovi,Inside Out,1044453,2920,5UolC1Fr2JooZ6rUxbBmTk
5WUlDfRSoLAfcVSX1WnrxN,Sia,Gimme Christmas (Sleep Soundscape),1038365,960,0ynrXCnhZnaP0B7Kt2BW7B
3DiDSECUqqY1AuBP8qtaIa,Alicia Keys,"Inolvidable Bogota Colombia (Live from Movistar Arena Bogota, Colombia)",1037697,497,5XOoZw9NpOZwa2R0biTm6n
1URnnhqYAYcrqrcwql10ft,21 Savage,american dream (sped up),1037345,1444,2V7bGNksiO1OgVfBz7nBSL
5fMUXHkw8R8eOP2RNVYEZX,Diplo,GO (Remixes),984540,60,1nY2ovIkhguRA8eB855yQ5
6vXTefBL93Dj5IqAWq6OTv,French Montana,The Laundry Man,974473,425,2U6EVz63bigU5ihuCJ1Bfd
20sxb77xiYeusSH8cVdatc,Meek Mill,Motivation,959690,90,3hTCeJBd6Lvtlxn7varJ8t
1mYsTxnqsietFxj1OgoGbG,A.R. Rahman,PS-2 (Kannada) [Original Motion Picture Soundtrack],956747,581,4XWYJjQBJa1q0RUF9mELFn
0pePYDrJGk8gqMRbXrLJC8,Luis R Conriquez,Mis Inicios,955985,347,2RR1Ttrab64Bt1vgdftfSd
5y2Xq6xcjJb2jVM54GHK3t,John Legend,A Legendary Christmas (Sped + Slowed),954296,28,0hGqh0kIV0pxTo0SARgI15
13y7CgLHjMVRMDqxdx0Xdo,Gucci Mane,The Cold War: Guccimerica,950093,290,7t5946AyIRVtdZUQSj1l6Y
2nszmSgqreHSdJA3zWPyrW,Luis Miguel,Tambien Es Rock,934455,326,0xOOQbCipvzY1Bl62ShFrZ
0NGAZxHanS9e0iNHpR8f2W,Alok,CONTROVERSIA by Alok Vol. 009,929038,215,71eayqUhm3ETuQk3lIPWNd
0z4gvV4rjIZ9wHck67ucSV,Akon,KONVICT KULTURE PRESENTS TEEMANAY,928190,208,12QkZc4BjyJWPVeftlb4T3
7hJcb9fa4alzcOq3EaNPoG,Snoop Dogg,Bosco (Original Motion Picture Soundtrack) - Side A,914038,1086,4L6Eadsg3dylhJS1BzM9Sa
13y7CgLHjMVRMDqxdx0Xdo,Gucci Mane,The Oddfather,903603,298,64P95OkXXFXIw518CF03zW
14zUHaJZo1mnYtn6IBRaRP,Justin Quiles,Realidad (Commentary),890655,73,75fh1igZrAiPEeGd69Jhnq
0oSGxfWSnnOXhD2fKuz2Gy,David Bowie,When the Wind Blows,889681,272,1EiIcLzxaF7LKolhhbkjuj
20JZFwl6HVl6yg8a4H3ZqK,Panic! At The Disco,Live Sessions - EP,886444,236,2O4KEl5bNSlmq7E5pTiYVa
2QsynagSdAqZj3U9HgDzjD,Bob Marley & The Wailers,Destiny: Rare Sides From Studio One,885437,276,1G6lYBDXD84mQbObXhTxc4
6tbjWDEIzxoDsBA1FuhfPW,Madonna,Early Years,817107,146,0ECUtKBLxquzyA80d3mDJA
0oOet2f43PA68X5RxKobEy,Shreya Ghoshal,The Essential Nachiketa,778608,1069,1GEx6TpnW0JczgaBFlXJa8
0NGAZxHanS9e0iNHpR8f2W,Alok,Toda La Noche (The Remixes),777466,113,7cWF6NIE9uYw51TEe9G9r8
1SupJlEpv7RS2tPNRaHViT,Nicky Jam,"I See Remixes (feat. Jon Z, Preston Harris & Dawty Music)",770569,160,7DNp6LxLEihZ6NKjsfVPaA
17lzZA2AlOHwCwFALHttmp,2 Chainz,Life Is Beautiful (Chopped Not Slopped),770072,4487,6KMUsieKkBXNiK1Rb2XUat
3DiDSECUqqY1AuBP8qtaIa,Alicia Keys,"Inolvidable Buenos Aires Argentina (Live from Movistar Arena Buenos Aires, Argentina)",763288,15106,5mQmi4qIG92LGMfuGYVlbt
5y2Xq6xcjJb2jVM54GHK3t,John Legend,Show Me Tour EP,761933,121,2FaFD9SiGqwAbnqNJya2Qf
3PhoLpVuITZKcymswpck5b,Elton John,The Muse (Original Motion Picture Soundtrack),753344,961,1Bw19v2tAnqvykiKoKUOy2
1mYsTxnqsietFxj1OgoGbG,A.R. Rahman,Varalaru (Original Motion Picture Soundtrack),750477,2723,7LDKDsG1vXdki3mtSWf7jl
4V8Sr092TqfHkfAA5fXXqG,Luis Fonsi,The World Can Wait Remixes,741462,70,0laaUqqYPrXXYeCPFUeoUU
0KPX4Ucy9dk82uj4GpKesn,Dalex,Area 69 (F.001),736495,1222,4dGsGfckpn53tNQ7fgZ1y3
17lzZA2AlOHwCwFALHttmp,2 Chainz,Codeine Withdrawal,720983,362,5oIEPFxgNw7yd4N3SB9CFK
08GQAI4eElDnROBrJRGE0X,Fleetwood Mac,7936 South Rhodes (2005 Remaster),714991,401,6IfafRpMoq4jvV6btqbvrX
6vXTefBL93Dj5IqAWq6OTv,French Montana,The Laundry Man 2,709528,208,6jy5AJvpvHWsaWxmzjStpc
1r4hJ1h58CWwUQe3MxPuau,Maluma,Medallo en el Mapa,701067,786,7HvegivIALxkvRVbdqFdGZ
1sBkRIssrMs1AbVkOJbc7a,Rick Ross,Triple C What Da Lick Read,674847,98,1oQeVsopfn1avJF2qjz6Vb
4iHNK0tOyZPYnBU7nGAgpQ,Mariah Carey,Someday EP,662090,607,5QjBEb1GwmxGjEaJLfuVWX
08GQAI4eElDnROBrJRGE0X,Fleetwood Mac,"Live From The Record Plant (December 15, 1974)",658861,6857,62Lz2uyWq4KiRAJE8Xwm42
6S2OmqARrzebs0tKUEyXyp,Demi Lovato,Live From London EP,647843,62,6ngmFh6VFfSrPduEre8ZKc
20sxb77xiYeusSH8cVdatc,Meek Mill,Im Mike Vickin It,642996,61,4iR6LofqGl4Il2K9E6wAlD
4iHNK0tOyZPYnBU7nGAgpQ,Mariah Carey,Can't Take That Away (Mariah's Theme) EP,607642,225,296UXUMM4R8K0m7h0UKegl
47mIJdHORyRerp4os813jD,League of Legends,Inkshadow (Skin Theme),597969,205,1TQixSycaewYgRle3lhi7v
7qG3b048QCHVRO5Pv1T5lw,Enrique Iglesias,Enrique Iglesias Canta Italiano,588888,444,4OxVK9x1rMp4PExjb6lz7U
3AA28KZvwAUcZuOKwyblJQ,Gorillaz,Gorillaz Pirate Radio Take Over,584949,46,7CbC16zz7BPJe4hAiJPrcQ
4V8Sr092TqfHkfAA5fXXqG,Luis Fonsi,Fight The Feeling,547054,124,7cvzxUV0peinUHJmdhADmU
77ziqFxp5gaInVrF2lj4ht,Sech,Sech (Sped Up),535606,410,4iJ071JtfWdgzt4H7LaY2W
1zNqDE7qDGCsyzJwohVaoX,Anne-Marie,Peaches Lofi Remix,532115,127,1W9dDivivCbAuBcPTlki9W
3aQeKQSyrW4qWr35idm0cy,T-Pain,That's Just Tips (Remix Pack),496999,154,1kQltp5xfbYDhUjds1Cagt
4iHNK0tOyZPYnBU7nGAgpQ,Mariah Carey,Underneath the Stars EP,485460,254,4Dj9bMfnwdx75XISnqsHTc
4iHNK0tOyZPYnBU7nGAgpQ,Mariah Carey,Say Somethin' - EP,475537,211,6s20vTZLWKb8MN2nCJW1NL
6Xgp2XMz1fhVYe7i6yNAax,Trippie Redd,A Love Letter To You 3 (Sped Up),472856,208,3BPnFFix0FIID3F87hzyBS
22bE4uQ6baNwSHPVcDxLCe,The Rolling Stones,Live At The Wiltern,465359,648,4kGJlHs4hB1Ht6vGZlMApA
1mYsTxnqsietFxj1OgoGbG,A.R. Rahman,Nayakudu (Original Motion Picture Soundtrack),460294,253,48sa3XtM7QQBabRMLYqtgZ
43ZHCT0cAZBISjO8DG9PnE,Elvis Presley,Rarest Interviews,457631,178,4ktodEbLViD57MvJ1a93cE
6vXTefBL93Dj5IqAWq6OTv,French Montana,Black Friday: The Mac & Cheese 2 Appetizer,454048,157,3AZjsvX67tv70BPVp3nlx9
540vIaP2JwjQb9dm3aArA4,DJ Snake,Teka (with Peso Pluma) [Remixes Pt. 2],452809,389,66qX29OterrGrgBlrOStOT
1ZwdS5xdxEREPySFridCfh,2Pac,The Rose That Grew From Concrete,408821,44,17v0WKUfqS4lRiWslYyVWh
33ScadVnbm2X8kkUqOkC6Z,Don Omar,No Te Enamores De Mi - En La Farandula No Hay Amor (Urban Latin Dance & Club Remix),408069,236,5ighcgPO9z4Gf2fX19301z
1Mxqyy3pSjf8kZZL4QVxS0,Frank Sinatra,"America, I Hear You Singing",400599,77,2kzc0hOQG3dNTjQx7UaJDQ
0KPX4Ucy9dk82uj4GpKesn,Dalex,Area 69 (F.002),394784,913,58hOWHW1vgbKAUF989u4c3
4iHNK0tOyZPYnBU7nGAgpQ,Mariah Carey,Boy (I Need You) - EP,393170,548,1dLppu2ZNH9PvG1YgekYqm
4YRxDV8wJFPHPTeXepOstw,Arijit Singh,Chander Pahar,378778,356,3vDKxt5LedHOk5FDJHgJmA
0oOet2f43PA68X5RxKobEy,Shreya Ghoshal,Mon Kemoner Station,376275,96,1TvMu3ftrF781ueh98i3IQ
1mYsTxnqsietFxj1OgoGbG,A.R. Rahman,2.0 (Original Sound Track),375204,207,50CnjrIP43au3WYC8ufkur
1mYsTxnqsietFxj1OgoGbG,A.R. Rahman,Sillunu Oru Kaadhal (Original Soundtrack),368908,639,0PPBqHCFW9LMROjWLWDJPR
1mYsTxnqsietFxj1OgoGbG,A.R. Rahman,Raayan (Original Background Score),368189,1589,0ZlKGiNXYO5G8Gpg5iFTUm
1mYsTxnqsietFxj1OgoGbG,A.R. Rahman,99 Songs (Original Score),367129,140,6dLjvsbsgfPIapd1CAiMLg
1mYsTxnqsietFxj1OgoGbG,A.R. Rahman,Jeans (Original Background Score),361408,1594,2kzqLN2zQa3jPOTW31ZzPJ
17lzZA2AlOHwCwFALHttmp,2 Chainz,Trap-a-Velli 2: The Residue,361206,285,2JW8rnVDxP2jGHb3Clo6Au
3xvaSlT4xsyk6lY1ESOspO,Disney,Disney's Snow White (Original Score),343359,12462,6lOywyidvhZV1a0IFRcpim
4iHNK0tOyZPYnBU7nGAgpQ,Mariah Carey,I Stay In Love - EP,341271,121,0DY8qI4bmNclBuPmnxGIzO
4V8Sr092TqfHkfAA5fXXqG,Luis Fonsi,Luis Fonsi: Remixes,307495,3,1mBuSIGDXwBbxCeRt8Gn3H
1mYsTxnqsietFxj1OgoGbG,A.R. Rahman,Indian (Original Soundtrack),299443,221,6vC6jvbclKQ02dk5Ut12fM
2feDdbD5araYcm6JhFHHw7,Labrinth,Last Time - EP,291920,32,7daGCWs1G2POPLbfSRnJWD
1wRPtKGflJrBx9BmLsSwlU,Pritam,83 - Tamil (Original Motion Picture Soundtrack),291061,159,43DrrhkGOKUV6mJeMMapD8
6vXTefBL93Dj5IqAWq6OTv,French Montana,Mister 16: Casino Life,286608,161,48qBFEXufHcIgMzwsifYP3
1wRPtKGflJrBx9BmLsSwlU,Pritam,83 - Malayalam (Original Motion Picture Soundtrack),277669,47,1ZX0llr2aKlyqzHPY7oZ4v
3nFkdlSjzX9mRTtwJOzDYB,JAY-Z,Live From The Hangar Tour,276398,65,2tnDxImtQAgCKdjk5yMIhd
1mYsTxnqsietFxj1OgoGbG,A.R. Rahman,Le Musk (Original Soundtrack),256276,220,31xnft6hKf7Rt5AbB2YGYR
7CajNmpbOovFoOoasH2HaY,Calvin Harris,Merrymaking At My Place,251625,30,2XdsItdMBiYCdrsJn34u2L
3Isy6kedDrgPYoTS1dazA9,Sean Paul,Never Give Up,248213,45,6ffAEc4ylS9OdUD8zSJZbN
6vXTefBL93Dj5IqAWq6OTv,French Montana,Live From Africa,240391,248,6VqMs6ndIyIcFLa7mzeQ43
0oSGxfWSnnOXhD2fKuz2Gy,David Bowie,Live In Berlin (1978),233181,284,6rlBjq1AZPbrX0Ivn6lS43
3q7HBObVc0L8jNeTe5Gofh,50 Cent,Live At The Hard Rock (Edited Version),225571,94,7hVj5YSiBCxZmzjnsVwKKC
4iHNK0tOyZPYnBU7nGAgpQ,Mariah Carey,The One - EP,224739,114,7KvgKCcgXHuHfQL8B6i3JT
1mYsTxnqsietFxj1OgoGbG,A.R. Rahman,Why? (The Musical),209102,70,33eW2vYkSWiOf0IULhP2va
4iHNK0tOyZPYnBU7nGAgpQ,Mariah Carey,Never Forget You EP,196468,84,39I8ed31o3DYy5ykIXdKpU
58lV9VcRSjABbAbfWS6skp,Bon Jovi,"Yokohama Stadium, Yokohama, Japan - 19th May 1996 (Live in Japan)",194576,1207,4vujkVfAJzLIzQa0JxuSAL
13y7CgLHjMVRMDqxdx0Xdo,Gucci Mane,The State vs. Radric Davis (Pt. 2),189343,75,067EmzvFnNqJwvJML6BT4A
1mYsTxnqsietFxj1OgoGbG,A.R. Rahman,Kochadaiiyaan (Original Score),177154,125,7eBKHNP3IAPfqvZP7CE1t4
0KPX4Ucy9dk82uj4GpKesn,Dalex,Dalex (Sped Up),175484,113,101R0pcNJAeBo4mmJDB9p1
1mYsTxnqsietFxj1OgoGbG,A.R. Rahman,Padayappa (Original Soundtrack),175418,255,72nXjQ1RORgSUuXOj7XeJJ
1sBkRIssrMs1AbVkOJbc7a,Rick Ross,I Know,165948,8,0uXwRisshXdfubkYqLPiff
1sBkRIssrMs1AbVkOJbc7a,Rick Ross,I Know,165948,8,5Yr5xVCHPJulC2ToDAOeJe
1sBkRIssrMs1AbVkOJbc7a,Rick Ross,I Know,165948,8,6Fk6u9Z5rRRkGCZCDCSEQ2
5y2Xq6xcjJb2jVM54GHK3t,John Legend,A Legendary Christmas (Instrumental Versions),159141,74,31M4k7Axai8Hz5LxuG5IGe
1wRPtKGflJrBx9BmLsSwlU,Pritam,83 - Telugu (Original Motion Picture Soundtrack),139497,183,61e8qrKMVA9UFIuQEFV2vi
4zCH9qm4R2DADamUHMCa6O,Anirudh Ravichander,Devara Part 1 [DIALOGUES],132019,587,5uJqKJSHNI3ZbzjM8a3zur
7hJcb9fa4alzcOq3EaNPoG,Snoop Dogg,Globalhead,110950,174,3oTSXelgiaAZBOdFWlkbO8
5y2Xq6xcjJb2jVM54GHK3t,John Legend,A Legendary Christmas (Karaoke Versions),110003,55,4yvyUKVKrsuaCPOZdq1nN4
1mYsTxnqsietFxj1OgoGbG,A.R. Rahman,Sangamam (Original Soundtrack),102283,93,4usIqGbj46ZA8RD6PT8Ktz
1wRPtKGflJrBx9BmLsSwlU,Pritam,83 - Kannada (Original Motion Picture Soundtrack),101938,44,1kyMjKxosdbDixhb0dvRK8
1uNFoZAHBGtllmzznpCI3s,Justin Bieber,WHAT'S UP BEST HITS 2019-2020,2705612909,578971,0ZwBTSnt17pTjypYFPZmQg
1dfeR4HaWDbWqFHLkxsg1d,Queen,Queen Jewels II,2670185010,926402,4eXTA2yy4ldXXgvoaj6WQq
3YQKmKGau1PzlVlkL1iodx,Twenty One Pilots,Vessel (with Bonus Tracks),2667357558,682431,14onjcwGXJFQnTmmCnTUfQ
04gDigrS5kc9YWfZHwBETP,Maroon 5,Hands All Over (Revised Japan Deluxe Version),2641007531,1277254,77XBE1jQzKjB1MVyl9PFss
04gDigrS5kc9YWfZHwBETP,Maroon 5,Hands All Over (Revised International Deluxe),2640985233,1277252,3gjJTUMI9q6ReSe0z7gyjp
06HL4z0CvFAxyc27GXpf02,Taylor Swift,"the ""forever is the sweetest con"" chapter",2616853318,1139516,41CRQN8AWPjZk6cz4JmM49
07YUOmWljBTXwIseAUd9TW,Sebastian Yatra,Hecho x Sebas: ¡Vamos de Fiesta!,2571417380,740354,4Nw6JAKwyzXPD9Xp3xszLs
69GGBxA162lTqCwzJG5jLp,The Chainsmokers,Sick Boy (Special Edition),2560418196,359465,1AVNEke0ElkA1cekT0a1vO
6vWDO969PvNqNYHIOW5v0m,Beyoncé,Dangerously In Love (Alben für die Ewigkeit),2559346666,1456328,25hVFAxTlDvXbx2X2QkUkE
1uNFoZAHBGtllmzznpCI3s,Justin Bieber,JB6,2537597322,705677,3JWRAryrKMeKlbDaiMdvoR
0k17h0D3J5VfsdmQ1iZtE9,Pink Floyd,The Dark Side Of The Moon (2011 Remastered Version),2535556033,1404651,2WT1pbYjLJciAR26yMebkH
33ScadVnbm2X8kkUqOkC6Z,Don Omar,Reggaeton Viejito,2532701716,2153340,4t875wrNCcc0SKCHxjd0JT
1wZtkThiXbVNtj6hee6dz9,Wisin,Pa'l Mundo First Class Delivery,2516497070,1723486,4ijiO3TwQT4TFgWk9FXbtn
04gDigrS5kc9YWfZHwBETP,Maroon 5,Hands All Over (Revised International Standard version),2510652593,1256599,1snrPQMoTrBsKl73wzSxbn
0z4gvV4rjIZ9wHck67ucSV,Akon,Freedom (Int'l Version 2),2487115111,1876103,3VT8UskcBvp3C9xyHs6xjI
2FXC3k01G6Gw61bmprjgqS,Hozier,Unreal Unearth: Unheard,2477790745,2902144,1vL2mgGTukkrUxXt0loeTN
06HL4z0CvFAxyc27GXpf02,Taylor Swift,Fearless (Taylor's Version): The I Remember What You Said Last Night Chapter,2469284645,1604649,0XCoR1j5Sa2su9uDS9AScR
26dSoYclwsYLMAKD3tpOr4,Britney Spears,Femme Fatale/Circus,2449294507,1530522,2wxy3CT1As1Kg5SABoQp9u
2wUjUUtkb5lvLKcGKsKqsR,Alessia Cara,Best Holiday,2438251512,885556,7gxdY3DHuxZu4qAnvAQm6J
4Ga1P7PMIsmqEZqhYZQgDo,Lil Tecca,Crunch Time,2435205794,1251759,5hB0nZDph969mfZF16GhJV
69GGBxA162lTqCwzJG5jLp,The Chainsmokers,World War Joy (Japan Edition),2434997884,322266,3cbcpRK1paF6lAxd16cmIE
540vIaP2JwjQb9dm3aArA4,DJ Snake,Lean On (Remixes Extended),2418619485,862516,62F6tUpXo04VYLINi6AASR
6wWVKhxIU2cEi0K81v7HvP,Rammstein,Made In Germany 1995 - 2011 (Standard Edition),2414963307,1375808,4xx5rwnW3GzUpxwaUePhzV
1uNFoZAHBGtllmzznpCI3s,Justin Bieber,Party,2412309489,637579,62KhrWcAvlJGjrvubSkkSS
2wY79sveU1sp5g7SokKOiI,Sam Smith,HEAL,2398641422,1048661,2n44vkxj8L01ma7nHfXNJW
0c173mlxpT3dSFRgMO8XPh,Big Sean,Sean Don,2362183157,382604,0rXcgHAXZOrLdv1Dhjz2g3
0XwVARXT135rw8lyw1EeWP,Christian Nodal,Nodal,2325517987,713441,0CcqlfIynthDbMOXbc8cIV
5Rl15oVamLq7FbSb0NNBNy,5 Seconds of Summer,5 Seconds Of Summer (Deluxe),2307034914,693334,1tZr9O0ZcTrx1kaRriVT15
2wUjUUtkb5lvLKcGKsKqsR,Alessia Cara,Celebrating Pride: Alessia Cara,2288917302,595549,5Eb8er22CBI3keL2hBKvTZ
1ZwdS5xdxEREPySFridCfh,2Pac,Death Row Dayz,2244539673,1345414,6YsDucSGDFwkOzIB0cLfAz
73sIBHcqh3Z3NyqHKZ7FOL,Childish Gambino,Camp (Deluxe Version),2232272637,1696162,6y08a862sRi9ILcYGkLljn
21E3waRsmPlU7jZsS13rcj,Ne-Yo,Closer (Essential 5 EP) [Germany Version],2221534236,1214309,5jVac66XF8BPFc4DPPSIAo
74XFHRwlV6OrjEM0A2NCMF,Paramore,Brand New Eyes (Deluxe Edition),2194569613,1847077,7eTQgEAeaCqyXRD08qHty9
1wZtkThiXbVNtj6hee6dz9,Wisin,Reggaeton 2020,2190014592,1706151,6HfXuHWUAEC0Wa6pDqMUQc
53XhwfbYqKCa1cC15pYq2q,Imagine Dragons,Hear Me EP,2157930194,671734,4eMHtBHUQm3chLuPqvoxbw
1Cs0zKBU1kc0i8ypK3B9ai,David Guetta,IÂ’m Good (Blue) [The Complete Collection],2144952426,1042131,6vZqpbjBhCgNv7l9OYqQPr
1Cs0zKBU1kc0i8ypK3B9ai,David Guetta,I'm Good (Blue) [Remixes #2],2079871406,1022725,65UWsuFcO4K9FHwyUK6DaE
1wZtkThiXbVNtj6hee6dz9,Wisin,REGUETON CLASSICS,2065587923,1564827,1fMVCPjQPFAikhqqanUi5K
3t5xRXzsuZmMDkQzgOX35S,Robin Schulz,New YearÂ’s Eve Pink Setlist,2056948994,687461,4v7heMSsbKdEVgGRmhWK8q
1uNFoZAHBGtllmzznpCI3s,Justin Bieber,Home for Christmas,2055600963,226098,5nQhqsmAirtZqHID6tkcnh
6S2OmqARrzebs0tKUEyXyp,Demi Lovato,Demi (Deluxe Edition),1938851107,678911,6YftdYrV6doKRINzDX8fnz
5Pwc4xIPtQLFEnJriah9YJ,OneRepublic,Dreaming Out Loud (UK Nokia Exclusive Version),1925330719,990891,01EtVyzLftxkMkAC7yCuHB
2wUjUUtkb5lvLKcGKsKqsR,Alessia Cara,Seasons Change,1903979259,557916,2DFoTBlnZYCW4FuHAZxJMj
06HL4z0CvFAxyc27GXpf02,Taylor Swift,"the ""dropped your hand while dancing"" chapter",1880380233,764534,0MdAkmLrx2k4zgACOUVyM9
25uiPmTg16RbhZWAqwLBy5,Charli xcx,Brat and itÂ’s the same but thereÂ’s three more songs so itÂ’s not,1849174155,3096293,316O0Xetgx2NJLRgJBw4uq
6MDME20pz9RveH9rEXvrOM,Clean Bandit,New Eyes (Special Edition),1831212989,748916,2UeLzptsjiBltAdTG4WPzD
3t5xRXzsuZmMDkQzgOX35S,Robin Schulz,USA Summer Vibes,1813082397,610034,5H15PMWd8hQARpMc78NeQb
3AA28KZvwAUcZuOKwyblJQ,Gorillaz,Feel Good Inc. EP,1768512585,1328264,76dV2Mwh7H7RgrldiA9NSJ
738wLrAtLtCtFOLvQBXOXp,Major Lazer,Cold Water (Remixes),1754672421,511099,2m9NOiFCNDyRfYKWN7zX56
5eAWCfyUhZtHHtBdNk56l1,System Of A Down,System Of A Down/Steal This Album,1735211748,1116391,6lA1sGw7eCv27bcpd5E0wT
5JZ7CnR6gTvEMKX4g70Amv,Lauv,~DRIVING VIBES~,1723768163,488741,2Eg1G6WhWzqlfcuWzvDYAw
3p7PcrEHaaKLJnPUGOtRlT,Henrique & Juliano,Henrique & Juliano - As 10 mais de 2018 a 2020,1715074094,1026997,0y5DVZovaCz3a7AGkp8zQM
06HL4z0CvFAxyc27GXpf02,Taylor Swift,Red (TaylorÂ’s Version): She Wrote A Song About Me Chapter,1659382133,849073,0VI6ZyP6Bw2XrEnzbHKdrt
7dGJo4pcD2V6oG8kP0tJRR,Eminem,Relapse (Deluxe Edition),1658142194,513470,4Y8PzZe0BZMp6XtZ3Lj3mD
0C8ZW7ezQVs4URX5aX7Kqx,Selena Gomez,Rave & Roses Ultra,1630085743,736465,0nayxjaX54Frd7GsZq6Pbs
3p7PcrEHaaKLJnPUGOtRlT,Henrique & Juliano,Henrique & Juliano - As 10 mais de 2021 a 2022,1629022420,440628,5G0RGutLvfUIy9RC9uKRcw
7hJcb9fa4alzcOq3EaNPoG,Snoop Dogg,Massive R&B Spring 2012,1607695273,505808,10sfTmLe6bySbZiIk5OJdt
0EmeFodog0BfCgMzAIvKQp,Shakira,Servicio De Lavandería,1593865416,1015338,62F8unRY46ZDR2EE5ag5Z5
1wZtkThiXbVNtj6hee6dz9,Wisin,Reggaeton 2019,1587901202,1144347,4hlJ3J8QQvjSej67IG9AC9
06HL4z0CvFAxyc27GXpf02,Taylor Swift,Red (TaylorÂ’s Version): The Slow Motion Chapter,1584334172,773420,4o0wVh13FT8batNO2tEar1
6JL8zeS1NmiOftqZTRgdTz,Meghan Trainor,Thank You (Japan Version),1581277080,452251,2LVxnBboz7pOnj9ZkibGUN
7dGJo4pcD2V6oG8kP0tJRR,Eminem,The Death of Slim Shady (Coup De GrÃ¢ce): Expanded MournerÂ’s Edition,1577227218,1710480,31hcgCSu4mlA82syOFItur
33ScadVnbm2X8kkUqOkC6Z,Don Omar,Latin Hits Para Sudar,1576604702,1247464,1BbZ3tkR7cgSlXHfnI8DCE
0fA0VVWsXO9YnASrzqfmYu,Kid Cudi,Man On The Moon II: The Legend Of Mr. Rager (Explicit Version),1574232756,576120,3lEo6zM4YUWjiY7P0h79S6
0X2BH1fck6amBIoJhDVmmJ,Ellie Goulding,Halcyon (Deluxe Edition),1559482532,559407,2Y7n3jwZIsfi4m5udDY2vg
1uNFoZAHBGtllmzznpCI3s,Justin Bieber,HaileyÂ’s Favs,1545027931,440788,7Fgy4IcWQY2W3bgcZ74XAK
0du5cEVh5yTK9QJze8zA0C,Bruno Mars,rosie,1486110432,4699379,7kFyd5oyJdVX2pIi6P4iHE
2qxJFvFYMEDqd7ui6kSAcq,Zedd,True Colors (Perfect Edition),1484526501,452636,2pNuka3J2N9rzaeSstLyCm
26VFTg2z8YR0cCuwLzESi2,Halsey,Collabs,1457294198,364836,4Ov87YZbWFeHCYcwCH6JY4
2wY79sveU1sp5g7SokKOiI,Sam Smith,"Loves Me, Loves Me Not",1447264451,226178,0fwZXPXf41aF6H0CN3UtXV
55Aa2cqylxrFIXC767Z865,Lil Wayne,I Am Not A Human Being II (Japan Version),1381364937,1110669,4nbRpshGpfPgAu7wumKqe1
3xvaSlT4xsyk6lY1ESOspO,Disney,Descendants: MalÂ’s Greatest Hits,1381337981,732657,72CwQIKLABmQ3xQgx034nJ
1wZtkThiXbVNtj6hee6dz9,Wisin,Reguetón Viejo,1372323704,1186144,4GMkQYncdGgsXtXxquk2An
41MozSoPIsD1dJM0CLPjZF,BLACKPINK,THE ALBUM (JP Ver.),1371217166,287194,5HZR4Ep8QsjDeVJTKCKv0W
2wY79sveU1sp5g7SokKOiI,Sam Smith,The Holly & The Ivy,1339879762,316247,74RfZ8GZ7kwNPDJYU3kBVW
0XwVARXT135rw8lyw1EeWP,Christian Nodal,Amor de Invierno,1330992370,554668,4LIQzOOzHOUnjnDH7j0EbV
5pKCCKE2ajJHZ9KAiaK11H,Rihanna,Rated R (International Explicit Nokia Exclusive Version),1322521665,639960,0vPsFlDuF2KHY1fatzUM7X
6S2OmqARrzebs0tKUEyXyp,Demi Lovato,Dancing With The DevilÂ…The Art of Starting Over (Expanded Edition),1320768353,183631,3XsdVkuj3zMVHPRvodOgeE
2QsynagSdAqZj3U9HgDzjD,Bob Marley & The Wailers,Bob Marley Legacy: Ride Natty Ride,1288396404,849173,6ZzeKB5xvxzqgBjJ8IN82R
4IWBUUAFIplrNtaOHcJPRM,James Arthur,James Arthur,1274419209,546320,2JJE8fVMj0KD3MwKt8iSgq
3aQeKQSyrW4qWr35idm0cy,T-Pain,Ultimate R&B 2008 (Double Album),1255164564,607430,5B8yXRhRIxrBNlhyFfFwEt
1Cs0zKBU1kc0i8ypK3B9ai,David Guetta,Sexy Chick (feat. Akon),1251011963,855428,0xgDVeHz36Kwn628cACcVY
2wY79sveU1sp5g7SokKOiI,Sam Smith,Blossom,1244949800,376876,6ZlXpA35FslDym9FIKaygk
1uNFoZAHBGtllmzznpCI3s,Justin Bieber,My World (France Version),1242332908,807687,0T2XUrfe6kTPn9R41TQYnF
5JZ7CnR6gTvEMKX4g70Amv,Lauv,~WORK OUT W LAUV~,1228017302,170062,5CQNcCZiO3dM5sqojt5oYV
5Pwc4xIPtQLFEnJriah9YJ,OneRepublic,Dreaming Out Loud (International Version),1224943202,494727,7icFHoY7AdmGBukYIfhAhX
1uNFoZAHBGtllmzznpCI3s,Justin Bieber,My World (Canada Version - All BP's),1219197662,793744,0sTWDNDdByvpadJqLYTR2U
329e4yvIujISKGKz1BZZbO,Farruko,MUNAY,1218056155,240988,4E0E7d1jNLPrmf1u4xMnl8
57LYzLEk2LcFghVwuWbcuS,Summer Walker,Love and R&B,1210491440,259965,5o68xvjXEwHya3IXoGGzcw
7oPftvlwr6VrsViSDV7fJY,Green Day,21st Century Breakdown (Deluxe pre-order),1208198993,784215,6cBeaiCT6xaXQIAFKwEdxQ
0fA0VVWsXO9YnASrzqfmYu,Kid Cudi,Day 'n Nite,1198777710,431204,5wfllwdjglyQislkskYLBv
0fA0VVWsXO9YnASrzqfmYu,Kid Cudi,Day 'N' Nite,1197741165,430928,4ywmyUAQ0WAdNHXpoWWqfv
7c0XG5cIJTrrAgEC3ULPiq,Ty Dolla $ign,Playlist: Hip Hop,1193625688,462473,0JQ5DAqbMKFQ00XGBls6ym
7qG3b048QCHVRO5Pv1T5lw,Enrique Iglesias,Euphoria (Standard US/Latin version),1154079482,673007,12HeDZhPHHzCe7VE0uEYwD
26VFTg2z8YR0cCuwLzESi2,Halsey,Love And Power EP: Love,1145397732,209599,6dZXvfu23DR8iooI6OxXI4
3xvaSlT4xsyk6lY1ESOspO,Disney,Descendants: EvieÂ’s Greatest Hits,1118603081,553131,6e1az0s2evDLjHQhO5pW7N
51Blml2LZPmy7TTiAg47vQ,U2,All That You CanÂ’t Leave Behind (20th Anniversary Edition / Super Deluxe / Remastered 2020),1043675147,409617,6GKpINyYmLRPjGnpzo8LIS
06HL4z0CvFAxyc27GXpf02,Taylor Swift,Red (TaylorÂ’s Version): From The Vault Chapter,1042037620,446144,04Ki4xEu2JWsMVBWtx97TX
1Xylc3o4UrD53lo9CvFvVg,Zara Larsson,Poster Girl (Swedish Summer Edition),1038319292,157591,6xkO0VLObgUL8o0ztpW0hT
3xvaSlT4xsyk6lY1ESOspO,Disney,"Disney 2000s, Vol. 2 Summer Break",1023949737,476393,4bPYgsnsIldLoA8GRk7QyV
33ScadVnbm2X8kkUqOkC6Z,Don Omar,Meet The Orphans (International Version),1019419726,966527,6TQFtzcvfwqgUPBrGYGX4F
53XhwfbYqKCa1cC15pYq2q,Imagine Dragons,ItÂ’s Time EP,1016268972,328370,2Y83alrj4BCOIjSWBrv1WZ
4Ga1P7PMIsmqEZqhYZQgDo,Lil Tecca,Virgo Rising,975290034,494443,7Jji4gK1PEgZj1W7kbfwrS
1Cs0zKBU1kc0i8ypK3B9ai,David Guetta,Blast Off EP,952952142,220222,0ibPy3Xmmka0Fp8cEF2BH8
3b8QkneNDz4JHKKKlLgYZg,Florida Georgia Line,Can't Say I Ain't Country (Big Machine Radio Release Special),947432926,148196,09ThilPVmVuUtKJIiiWmwU
06HL4z0CvFAxyc27GXpf02,Taylor Swift,Fearless (Taylor's Version): The Halfway Out The Door Chapter,926726446,477100,4Vs9aG0KwsHUCVhQ5kGgxv
2QsynagSdAqZj3U9HgDzjD,Bob Marley & The Wailers,Fridays For Future,917714764,631135,57dhZR462HuXBYrIpnfJRG
7MiDcPa6UiV3In7lIM71IN,Gusttavo Lima,Paraíso Particular Vol. 01 (Ao Vivo),917345689,271527,4y4bh5j6I004Zly5yNV1ii
21E3waRsmPlU7jZsS13rcj,Ne-Yo,"This one is for you, u and you",917324180,457259,1lhNch5NkOONvFhRPh8qaj
0C8ZW7ezQVs4URX5aX7Kqx,Selena Gomez,Stars Dance (Deluxe Edition),914515729,297239,0HVth8lNDSBceVNSF0u0ND
06HL4z0CvFAxyc27GXpf02,Taylor Swift,Red (TaylorÂ’s Version): Could You Be The One Chapter,905293923,484692,1ZkjQ4WBB99Rq5eFGqENNX
1Mxqyy3pSjf8kZZL4QVxS0,Frank Sinatra,Classic Tracks,897166008,307628,6h8l8yZ3u6s8p8y6g6h8l8
3xvaSlT4xsyk6lY1ESOspO,Disney,Descendants: CarlosÂ’ Greatest Hits,891867753,438335,08mzt0PaT23rbp5tmaV0Bv
04gDigrS5kc9YWfZHwBETP,Maroon 5,Hands All Over (Japan Deluxe Version),885159272,288723,4a9D6zNxORsBw2KtPEMtmz
04gDigrS5kc9YWfZHwBETP,Maroon 5,Hands All Over (International Deluxe),885136974,288721,6xjMRRqtrKLjDLjFxiMayE
1Xylc3o4UrD53lo9CvFvVg,Zara Larsson,Look What You've Done,884336640,130859,5kpRcX0pCeMK74PSgnaX7g
7bXgB6jMjp9ATFy66eO08Z,Chris Brown,Royalty (Japan Version),880187670,250644,1cHEUbSTZOGlyJHhhwCVyv
1Mxqyy3pSjf8kZZL4QVxS0,Frank Sinatra,The Rat Pack - Christmas Hits - Sinatra / Dean / Davis - The Very Best of the Ratpack at Xmas,879900599,15990,257895KyCzLwKtgxPledIz
360IAlyVv4PCEVjgyMZrxK,Miguel,Kaleidoscope Dream (Japan Version),869892805,413914,0S5yQdgejvdELPaIHNmfLZ
06HL4z0CvFAxyc27GXpf02,Taylor Swift,Fearless (Taylor's Version): The Kissing In The Rain Chapter,866942804,448342,1iZR600UW2HCS3L7p5kNB8
6vWDO969PvNqNYHIOW5v0m,Beyoncé,Speak My Mind,858337758,572162,4xxRaNWZ1t3tva04rFxEtf
06HL4z0CvFAxyc27GXpf02,Taylor Swift,Fearless (TaylorÂ’s Version): The From The Vault Chapter,853172342,353634,2RklLGgcSnaQ6tR9l81lRS
6S2OmqARrzebs0tKUEyXyp,Demi Lovato,Unbroken (Deluxe Edition),847499862,230892,1TRvDpZjCWms0eUads1xP2
1l7ZsJRRS8wlW3WfJfPfNS,Christina Aguilera,Global Warming: Meltdown,840589840,760135,7vARFzgdVkbrHWheIKMkZk
0k17h0D3J5VfsdmQ1iZtE9,Pink Floyd,Wish You Were Here (Remastered Version),824786047,418635,6uvBKDGlJAYLH5Vy6RQVsc
33ScadVnbm2X8kkUqOkC6Z,Don Omar,Reggaeton Antiguo,820262253,535278,2a0leFRo349BCNJ5akXiFX
33ScadVnbm2X8kkUqOkC6Z,Don Omar,Perreo salvaje,809298098,556933,7JgzgwB5tY9EGA5wYg8f5v
2nszmSgqreHSdJA3zWPyrW,Luis Miguel,La Miel De Mis Primeros Ã‰xitos,794723371,288233,2oHF59HQoCwm67wXS4OzPK
5JZ7CnR6gTvEMKX4g70Amv,Lauv,~NIGHT VIBES~,778309409,130605,2MXTpHtcEfuoasTDrXJUqb
55Aa2cqylxrFIXC767Z865,Lil Wayne,Thief In The Night,768918487,1101668,1stlsHiPn9Xhwnd7cSNDJ9
1vyhD5VmyZ7KMfW5gqLgo5,J Balvin,Say My Name (Remixes),768407405,172053,4oqROpZbtmGQt9te0qN7vY
3WrFJ7ztbogyGnTHbHJFl2,The Beatles,The Beatles For Kids - Animals,765548833,362533,6bQ3YStDrDL05hPZ4zgcm1
2ye2Wgw4gimLv2eAKyk1NB,Metallica,HardwiredÂ…To Self-Destruct (Deluxe),753209974,191745,1TKCBDHIWLiqjWTxomqniD
3Isy6kedDrgPYoTS1dazA9,Sean Paul,Tomahawk Technique (Deluxe Edition),751804342,762227,7u0QxieGYzsTjrwxvPIwpV
2nszmSgqreHSdJA3zWPyrW,Luis Miguel,14 Grandes Exitos,751284123,276683,2WeWcPwVQ2vwoPUAr28EIj
3DiDSECUqqY1AuBP8qtaIa,Alicia Keys,Songs In A Minor (Expanded Edition),746802473,453304,1SLgJeTdzDAJLcDyQqoWnu
26VFTg2z8YR0cCuwLzESi2,Halsey,"If I CanÂ’t Have Love, I Want Power (Deluxe)",742172397,172208,1o8ExR66PcMb1h8a1nhi9k
3DiDSECUqqY1AuBP8qtaIa,Alicia Keys,Songs In A Minor (20th Anniversary Edition),740437326,452339,4D50mUGHwK0tZ7oVUx6Mx3
26VFTg2z8YR0cCuwLzESi2,Halsey,"If I CanÂ’t Have Love, I Want Power (Extended)",736546482,169768,0yMLTRxwcDN5XHjP5w8jAH
3WrFJ7ztbogyGnTHbHJFl2,The Beatles,The Beatles - Meditation Mix,715427255,364932,3EBq3MYLSyBxxdxXJ4FBhN
1wZtkThiXbVNtj6hee6dz9,Wisin,Latin Party,705553002,651755,5IXBIo7E8V2JR9lILcAIaL
5Pwc4xIPtQLFEnJriah9YJ,OneRepublic,Muziek Uit De TV-Serie Divorce,699788550,496097,23fHdEFEsJfgl12tqDpzD0
55Aa2cqylxrFIXC767Z865,Lil Wayne,What's A Goon To A Goblin?,681451924,234667,6Ul5LQRLkoRjXPij1prexp
7oPftvlwr6VrsViSDV7fJY,Green Day,21 Guns EP,678501183,273580,6hdKopr99Zsj3o91F0IQXc
2ye2Wgw4gimLv2eAKyk1NB,Metallica,HardwiredÂ…To Self-Destruct,677309474,178237,4kizef5du9TgAGfNhWbKmt
4LLpKhyESsyAXpc4laK94U,Mac Miller,Watching Movies with the Sound Off (Deluxe Edition),676241785,227368,3T02fCxAjApu18taJLLbyN
4UXqAaa6dQYAk18Lv7PEgX,Fall Out Boy,Folie à Deux (UK Standard),673566711,246988,2ejaacjIY52Y7aQ8ycSOUM
3WrFJ7ztbogyGnTHbHJFl2,The Beatles,The Beatles - New Year's Workout,659697884,226688,4AWAZIuMdas1wV50kNkTv3
3YQKmKGau1PzlVlkL1iodx,Twenty One Pilots,Migraine - EP,654628028,180172,5G6D4TtJZkkvUasxqtBmW8
6S2OmqARrzebs0tKUEyXyp,Demi Lovato,Dancing With The DevilÂ…The Art of Starting Over (Deluxe Edition),650915180,118014,2zbfishc70HpcgMu8ymtri
6S2OmqARrzebs0tKUEyXyp,Demi Lovato,Dancing With The DevilÂ…The Art of Starting Over,642093918,116428,7LEb5SYZrXiB8NDj2oYvOd
2QsynagSdAqZj3U9HgDzjD,Bob Marley & The Wailers,Bob Marley Legacy: Freedom Fighter,636865148,269509,4wFhPjnD8yFL0ACI2U4zKa
3WrFJ7ztbogyGnTHbHJFl2,The Beatles,At Home With The Beatles,623504597,269132,650oSkcVWR5AWGr6wVMvl4
1wZtkThiXbVNtj6hee6dz9,Wisin,Machete Music Chronicles: Vol. I,615235205,377130,1ru6YNTJdoxSt6CfL0Gjxz
3xvaSlT4xsyk6lY1ESOspO,Disney,Descendants: UmaÂ’s Greatest Hits,607475004,288328,1oU07cwzVw56iBNI1MPAFf
2QsynagSdAqZj3U9HgDzjD,Bob Marley & The Wailers,Hit Collection Edition,595677006,296115,0ekM5cTYKpbcD1p9xMAuPI
3WrFJ7ztbogyGnTHbHJFl2,The Beatles,"The Beatles For Kids - Morning, Afternoon & Night",585589602,212685,2nuqG5jpA3gALDBsqU888Y
3WrFJ7ztbogyGnTHbHJFl2,The Beatles,The Beatles - Getting Better All The Time,566540841,218438,4qYRsnCkV6j1xJ7mJnJ77N
3xvaSlT4xsyk6lY1ESOspO,Disney,Descendants: Prince BenÂ’s Greatest Hits,556062559,277019,5ZhWNAgluutQVpR4NQv9Gl
2dIgFjalVxs4ThymZ67YCE,Stray Kids,UNVEIL Stray Kids,553341944,134119,03LRfjIQcEXaBt6LPILZ2X
0X2BH1fck6amBIoJhDVmmJ,Ellie Goulding,FIFTY SHADES OF GREY - Befreite Lust (Original Motion Picture Soundtrack),538050662,438524,78xp7oeDSnHRSMVdvzsNHp
0C0XlULifJtAgn6ZNCW2eu,The Killers,Battle Born (Japan Version),520762743,125459,0pux88ctQwMaOpOOSGH7ai
5JZ7CnR6gTvEMKX4g70Amv,Lauv,~I MISS YOU~,517066199,125453,6V8UEuIW9Tkm8i2JNLqjoA
25uiPmTg16RbhZWAqwLBy5,Charli xcx,Boom Clap EP,491266670,211821,32lCclXtonlmYBM374oOxX
1KCSPY1glIKqW2TotWuXOR,P!nk,Moulin Rouge (Soundtrack from the Motion Picture),485446483,208967,6YWiYQiuA1QXtEtt8u89AW
0c173mlxpT3dSFRgMO8XPh,Big Sean,Detroit 2: Healing,478657920,71587,6pJmfrClsuevKMAqqg9Syp
1dKdetem2xEmjgvyymzytS,Grupo Firme,En Vivo Desde Mi Ranchito,462507126,134911,22Ovk2DIKkjtoEDWZ6AaTs
4Ga1P7PMIsmqEZqhYZQgDo,Lil Tecca,Virgo Sun,462431087,226155,4nwihUbvLIf8bkK2i5WK9p
1uNFoZAHBGtllmzznpCI3s,Justin Bieber,Couple Goals,450981646,133817,5Em0z535tLjqboM09L88B6
5JZ7CnR6gTvEMKX4g70Amv,Lauv,~LONELY~,437853874,49029,2ZEq4HT450Ye9IFGPTl9qV
3WrFJ7ztbogyGnTHbHJFl2,The Beatles,The Beatles - All About The Girl,433641995,285134,6EWwK9omgPT3NcQLTQM7vj
26dSoYclwsYLMAKD3tpOr4,Britney Spears,Glory (Japan Deluxe Version),425580393,49372,6Uzqxu8SKQp9uwSRvMDQLM
22bE4uQ6baNwSHPVcDxLCe,The Rolling Stones,Ballads,424165941,230989,0PNfVonzTdd4i5qH06HleQ
3YQKmKGau1PzlVlkL1iodx,Twenty One Pilots,Holding on to You EP,422758465,112148,3sq0hRtlT2SYeYajr5Cx22
26VFTg2z8YR0cCuwLzESi2,Halsey,"If I CanÂ’t Have Love, I Want Power",420672989,98185,56wtWXUhJEibDpbIBq4hxv
181bsRPaVXVlUKXrxwZfHK,Megan Thee Stallion,Rap Time,416703864,146889,3cT9lv1EOpyxdQrwnGpmrP
7oPftvlwr6VrsViSDV7fJY,Green Day,UNO . . . DOS . . . TRÃ‰!,416198196,95967,7IByJvSqRFltGyiiIiL4wn
1Xylc3o4UrD53lo9CvFvVg,Zara Larsson,You Love Who You Love,415803881,217821,09Ckx1JLgPsQHHGuSIt2j3
3meJIgRw7YleJrmbpbJK6S,Die drei ???,200/Feuriges Auge,404763519,113627,2doxS53qPZtV4AnpXFg3Bi
1uNFoZAHBGtllmzznpCI3s,Justin Bieber,R&Bieber,401523777,86316,0RpzdGAfWaFnqT3nkoyaYY
22bE4uQ6baNwSHPVcDxLCe,The Rolling Stones,Exile On Main Street (Bonus Track Version),397246646,118371,49MZjKQcooZ8zJzMKPjbas
1uNFoZAHBGtllmzznpCI3s,Justin Bieber,Biebs and Chill,391630334,99904,6Per97deaWqrJlKQNX8RGK
6icQOAFXDZKsumw3YXyusw,Lil Yachty,LetÂ’s Start Here.,391141139,435284,1TB0RjGuXafWJYCERfvolA
0NGAZxHanS9e0iNHpR8f2W,Alok,Can't Get You Out Of My Head Vol. 001,389166388,75664,1yyvN7RolTWaCsPaszeHFr
22bE4uQ6baNwSHPVcDxLCe,The Rolling Stones,Unwind,377111900,239740,2A1KyqHu1DmLtjXpIMNoQq
66CXWjxzNUsdJxJ2JdwvnR,Ariana Grande,Christmas & Chill (Japan Version),366723756,23286,18SGl4nu9JomaXcKHZQtkT
0GM7qgcRCORpGnfcN2tCiB,Tainy,Ponle Ritmo Con Perreo Vol. 1,360257983,197903,55Nz8BjOfu3rsOL7FhgOXr
1Mxqyy3pSjf8kZZL4QVxS0,Frank Sinatra,That's Life (Remastered 2024),353615478,208231,4lpYJ1dP2HsH1dWPDEHPUT
1Mxqyy3pSjf8kZZL4QVxS0,Frank Sinatra,Christmas Jazz,346050608,5164,0DZ83aFZt1mhhpyU46FFxN
3Isy6kedDrgPYoTS1dazA9,Sean Paul,Carbon Fiber Hits,334416349,174206,0sIRyuExi7jBQmOpHyyY78
3meJIgRw7YleJrmbpbJK6S,Die drei ???,125/Feuermond,322250253,114002,5HXpJll0YeppyYxUgIwS06
2QsynagSdAqZj3U9HgDzjD,Bob Marley & The Wailers,Bob Marley Legacy: Righteousness,309155213,257126,5OX3Sv3gcFI1DDtONBjkqx
1uNFoZAHBGtllmzznpCI3s,Justin Bieber,Work From Home,307596503,70471,08GBRGTvvAhGZhJIWit3v3
4V8Sr092TqfHkfAA5fXXqG,Luis Fonsi,No Me Doy Por Vencido - EP,302016856,142544,4uggmrJ3Xpm1e2tcz6laze
3meJIgRw7YleJrmbpbJK6S,Die drei ???,175/Schattenwelt,293927912,91141,6bvVtcOMTfNQpMUm94UZCs
5y2Xq6xcjJb2jVM54GHK3t,John Legend,Pi?kna i Bestia (?cie?ka d?wi?kowa polskiej wersji/Deluxe Edition),288922375,73661,5c1E5jFxDYivYtb6pr08qJ
1Xylc3o4UrD53lo9CvFvVg,Zara Larsson,Introducing,281609883,31598,12U13gGDajdjJQAC1GQp4C
2FXC3k01G6Gw61bmprjgqS,Hozier,springtime daylist,281472328,309947,6zwBnyiy9Hy9TAser0DOuL
3meJIgRw7YleJrmbpbJK6S,Die drei ???,100/Toteninsel,279468313,350600,53M9zXvxd0itS7VImk5i7R
3mIj9lX2MWuHmhNCA7LSCW,The 1975,IV EP,257519492,125068,2yXxWUBBUifseY5uF1sUaT
0c173mlxpT3dSFRgMO8XPh,Big Sean,Detroit vs. Everybody,249785947,17629,6cPgVsZ6TPyVIP9BHP5ty5
3meJIgRw7YleJrmbpbJK6S,Die drei ???,150/Geisterbucht,249329279,88184,3BwM3pNNJ3HF88oY0PvFqp
2QsynagSdAqZj3U9HgDzjD,Bob Marley & The Wailers,Bob Marley Legacy: 75 Years A Legend,248819992,98025,0H55s5CRii8f1qXezhaR9y
2wUjUUtkb5lvLKcGKsKqsR,Alessia Cara,Spring Fling,246621046,16953,6vykWEBzBfEKYJxEFR1AQl
6S2OmqARrzebs0tKUEyXyp,Demi Lovato,Camp Rock (Deutscher Original Film-Soundtrack),238958378,109552,28jbQJCBOGrZHnrkTb6uw5
6DPYiyq5kWVQS4RGwxzPC7,Dr. Dre,Friday (Original Motion Picture Soundtrack),238418569,175827,4A2ovE3JtgSQlZw7i7YMkq
0X2BH1fck6amBIoJhDVmmJ,Ellie Goulding,International Women's Day,229794770,192090,4H2Dc5gioj0DG4RvAnk4A7
3WrFJ7ztbogyGnTHbHJFl2,The Beatles,The Beatles For Kids - Colours,228097723,58218,21jUB9RqplD6OqtsTjKBnO
0k17h0D3J5VfsdmQ1iZtE9,Pink Floyd,Animals (2011 Remastered Version),227737451,80726,4lLb6fwdbF0DzGnuBO9EBG
1wZtkThiXbVNtj6hee6dz9,Wisin,Wisin & Yandel Present Nesty Â“La Mente MaestraÂ”,221483855,292738,3loeAUoMYbXa85wTf8bom9
4gzpq5DPGxSnKTe4SA8HAU,Coldplay,Prospekt's March,221426003,34344,1lih9AUGlOI2qbAkptdBsr
3aQeKQSyrW4qWr35idm0cy,T-Pain,I'm N Luv (Wit A Stripper),220589928,77017,5TG8nNzWlr4lsL6XBURDs0
5he5w2lnU9x7JFhnwcekXX,Skrillex,DonÂ’t Get Too Close,217620953,70397,2DAu1iv9hnjPjp7NLUYitH
1mYsTxnqsietFxj1OgoGbG,A.R. Rahman,A.R. Rahman: Best of Me,213429875,151676,66naZpTWQ3Ta2ifLQqnYOH
21451j1KhjAiaYKflxBjr1,Zion & Lennox,Reggaeton En Casa,209893968,38881,600ClrWRsAr7jZ0qjaBLHz
73sIBHcqh3Z3NyqHKZ7FOL,Childish Gambino,3.15.20,203221783,1,53RnlGjwU5pQknQQvkvJUO
4V8Sr092TqfHkfAA5fXXqG,Luis Fonsi,Ã‰xitos 98:06,201851632,142977,47voGlgRLcSe9VVO4K4IQa
4iHNK0tOyZPYnBU7nGAgpQ,Mariah Carey,Me. I Am MariahÂ…The Elusive Chanteuse (Deluxe),201040351,43612,1kLWQJYzHP0kX6peGevMkC
4kYSro6naA4h99UJvo89HB,Cardi B,"Anyways, LifeÂ’s Great",199387077,144947,2mT1UZSJQGSRTY5QNgF1jZ
5Pwc4xIPtQLFEnJriah9YJ,OneRepublic,Hit 3 Pack: Stop And Stare - EP,196845101,108327,7ynXpeQRwzqKiv8WVh7c7B
3meJIgRw7YleJrmbpbJK6S,Die drei ???,Adventskalender - O du finstere,195823754,16654,3egVVb6Zt0LdS6agBMGsiJ
3meJIgRw7YleJrmbpbJK6S,Die drei ???,Und das kalte Auge,194730151,39946,4N9tvSjWfZXx3eHKblYEWQ
3meJIgRw7YleJrmbpbJK6S,Die drei ???,001/und der Super-Papagei,189940057,83622,6hGRm1piHNE0Xp7I5Guesy
4iHNK0tOyZPYnBU7nGAgpQ,Mariah Carey,Me. I Am MariahÂ…The Elusive Chanteuse,186910181,40763,5e4br60hsaHtlNn6ejAolK
2wY79sveU1sp5g7SokKOiI,Sam Smith,Violets Are Blue,184200630,31312,607wdRrazikLQyGPbQWkbu
4zCH9qm4R2DADamUHMCa6O,Anirudh Ravichander,Wunderboy Anirudh,182205324,167290,32y8xkeCWnJhMuuP4rHcYX
37230BxxYs9ksS7OkZw3IU,Chencho Corleone,El Alma De La Fiesta,180789072,87328,5iAX7u3pPko0Z399x2ihoz
0k17h0D3J5VfsdmQ1iZtE9,Pink Floyd,Pink Floyd - Home,178675838,66650,2qFuUJMx8w4VEO0Zdf8jFJ
3meJIgRw7YleJrmbpbJK6S,Die drei ???,Der 5. Advent,175314816,18900,2jWa8F4BsRmhC5ICK1cbRu
5WUlDfRSoLAfcVSX1WnrxN,Sia,We Are Born (ARIA Awards Edition),175064209,20461,4RUq0kdGLKc5ROEv8I0lRY
7wlFDEWiM5OoIAt8RSli8b,YoungBoy Never Broke Again,Fed BabyÂ’s,173911760,29545,7JH6tpZkmNQYt1zdIatXs3
1Mxqyy3pSjf8kZZL4QVxS0,Frank Sinatra,The Best Of The Columbia Years 1943 - 1952,171309523,18794,5WAJntZ23VcNoPbV7nvjcM
1mYsTxnqsietFxj1OgoGbG,A.R. Rahman,Parinda,168324763,192715,2wUmKMR257q2A47fBTkv19
2QsynagSdAqZj3U9HgDzjD,Bob Marley & The Wailers,Bob Marley Legacy: Rhythm of the Game,167456899,64154,6UN8m07SmIzyDe63H0oljL
3meJIgRw7YleJrmbpbJK6S,Die drei ???,und das versunkene Schiff,164264909,43953,0xldqK4Ocdt8dwQSxUzt6x
3meJIgRw7YleJrmbpbJK6S,Die drei ???,002/und der Phantomsee,164145505,74185,37i9dQZF1DXbrUpGvoi3TS
2wUjUUtkb5lvLKcGKsKqsR,Alessia Cara,Broken Heart,162042725,43696,6bN241dPMC54Ac6zV1B8hl
3Nrfpe0tUJi4K4DXYWgMUX,BTS,THE BEST ,160468135,45872,61OtrnMm1lqoMgMRb1aw7g
3meJIgRw7YleJrmbpbJK6S,Die drei ???,003/und der Karpatenhund,157408492,80062,54eP8BYMR270sTqklv83V0
3meJIgRw7YleJrmbpbJK6S,Die drei ???,006/und der sprechende Totenkopf,156802287,67277,1YZuigG1YcdgbfD7XJoCU5
0k17h0D3J5VfsdmQ1iZtE9,Pink Floyd,Pink Floyd - Play,156410953,69893,4YccYtPKJV2Xz4iKRNOUAi
20JZFwl6HVl6yg8a4H3ZqK,Panic! At The Disco,Nicotine - EP,153071626,24572,02MXdFaVMz0qQJjmivjI8g
3meJIgRw7YleJrmbpbJK6S,Die drei ???,189/und der unsichtbare Passagier,151096432,41096,5iobM2gNVymvP8XqnRnHVR
3meJIgRw7YleJrmbpbJK6S,Die drei ???,"Adventskalender - Stille Nacht, düstere Nacht",151084655,16330,07EhJ6uxWcQQWKeXJ1e8Lb
3meJIgRw7YleJrmbpbJK6S,Die drei ???,011/und das Gespensterschloss,150995562,65075,2HrK72mfDhids7FNqHB7wG
0k17h0D3J5VfsdmQ1iZtE9,Pink Floyd,Pink Floyd - Night,150459856,53153,3JJeehFIJTxhrltC6e44VT
3meJIgRw7YleJrmbpbJK6S,Die drei ???,Und der dreiTag,146575855,38411,5TQvMc68HXdXX1RecI7V7x
3fMbdgg4jU18AjLCKBhRSm,Michael Jackson,Motown Legends: Rockin' Robin,146217432,32066,5GT0cjuD9fWhinBw951LGF
3xvaSlT4xsyk6lY1ESOspO,Disney,Pixar Instrumentals,144979464,90478,und das Grab der Maya
3meJIgRw7YleJrmbpbJK6S,Die drei ???,und das Grab der Maya,144026477,176412,45xzp7laT9jVy7WEnBRXUa
2wUjUUtkb5lvLKcGKsKqsR,Alessia Cara,Liar Liar,143043636,14771,2VtWkFLhMJAFsWkHAXwosS
4iHNK0tOyZPYnBU7nGAgpQ,Mariah Carey,Caution (Japan Version),142725138,17041,6uj8JeIgluMibSu8Divkbh
3meJIgRw7YleJrmbpbJK6S,Die drei ???,187/und das silberne Amulett,138886346,36553,4Zj2n2ZiCXFY1iC3XrKa7j
0VRj0yCOv2FXJNP47XQnx5,Quavo,Quality Control Music,138664631,10149,1Vs8Pf1VhWFG2lGPo3vG3j
0k17h0D3J5VfsdmQ1iZtE9,Pink Floyd,Pink Floyd - Chillout,137719706,42056,0Rqk4vFDcrB4x6WiKL4UeY
4tZwfgrHOc3mvqYlEYSvVi,Daft Punk,TRON: Legacy Reconfigured (Australian Version),137098248,30586,2ICtKWqLqMBTzi7UeByhKd
3meJIgRw7YleJrmbpbJK6S,Die drei ???,191/Verbrechen im Nichts,133738544,33359,1yMMjH3tDN9GyXiADzTkL9
3meJIgRw7YleJrmbpbJK6S,Die drei ???,204/Der dunkle Wächter,133291387,49161,4Exxckn0GwbhnGl6N4um2N
3meJIgRw7YleJrmbpbJK6S,Die drei ???,202/Das weiÃŸe Grab,131166078,36902,5B7w9vkfh979tEyzwkLk9k
3meJIgRw7YleJrmbpbJK6S,Die drei ???,184/und der Hexengarten,130682894,30660,7osWCNCcvGfqP31G7281iL
3meJIgRw7YleJrmbpbJK6S,Die drei ???,Das Grab der Inka-Mumie,129127622,25829,1Ly9UCpmCEN5o3MnhJ0sUz
3meJIgRw7YleJrmbpbJK6S,Die drei ???,005/und der Fluch des Rubins,128133386,57930,0aNqdp5ayuUNsOdUwu8x0b
3meJIgRw7YleJrmbpbJK6S,Die drei ???,009/und die rätselhaften Bilder,127784745,55352,2Sw9FBHOoT6fBhYxHsRFxq
3meJIgRw7YleJrmbpbJK6S,Die drei ???,205/Das rätselhafte Erbe,127476089,34291,3nGyW4ETDrDpInYEAQCyYS
3meJIgRw7YleJrmbpbJK6S,Die drei ???,007/und der unheimliche Drache,122814341,54489,79enDMGQWH7LQ5weNB96g7
3meJIgRw7YleJrmbpbJK6S,Die drei ???,138/Die geheime Treppe,122768180,57504,0GRoTtX1wI16M7GSnnN96R
3meJIgRw7YleJrmbpbJK6S,Die drei ???,197/Im Auge des Sturms,121506644,34322,5kevid18ttcAPK1vk0kLtc
3meJIgRw7YleJrmbpbJK6S,Die drei ???,186/Insel des Vergessens,120712992,32417,3EBCdYRsRT686b8N7MiVVF
738wLrAtLtCtFOLvQBXOXp,Major Lazer,Major Lazer Presents: Give Me Future (Music from & Inspired by the Film),120404499,42531,3LM1p9tIUasFB1boOHRmqH
55Aa2cqylxrFIXC767Z865,Lil Wayne,Gone Till November,120160577,44843,7ehMwTyKuIM4zdiltMxE4X
3meJIgRw7YleJrmbpbJK6S,Die drei ???,und der schwarze Tag (Sechs Kurzgeschichten),120085620,21162,3FIaZm2OSMGUbaglDi0FM8
1elUiq4X7pxej6FRlrEzjM,Jorge & Mateus,Beijo Fuleiro,119873633,242498,211IEWHi59nUsHx8li8G9r
3meJIgRw7YleJrmbpbJK6S,Die drei ???,024/und die silberne Spinne,119709102,48777,6WgRUQY49NRG6JT6dJ4xEq
3meJIgRw7YleJrmbpbJK6S,Die drei ???,208/Kelch des Schicksals,119705888,34665,7eHh5PAxQBt5KBWzd3a10G
3meJIgRw7YleJrmbpbJK6S,Die drei ???,185/und der Mann ohne Augen,119354153,29284,4FxNfDSXqAg8N1D8NBtvZ5
3meJIgRw7YleJrmbpbJK6S,Die drei ???,201/Höhenangst,118922501,36623,7bTKP2hU0LRks1bXN1R7ko
3meJIgRw7YleJrmbpbJK6S,Die drei ???,199/und der grüne Kobold,117374019,35270,79Drf49yNdGLBzzHMGGmBz
3meJIgRw7YleJrmbpbJK6S,Die drei ???,203/Tauchgang ins Ungewisse,117120940,51998,4zCPToY7AoTqvOKf4HRqAN
3meJIgRw7YleJrmbpbJK6S,Die drei ???,182/Im Haus des Henkers,116768151,31771,100ZHoBX994GlckxjoGpma
3meJIgRw7YleJrmbpbJK6S,Die drei ???,190/und die Kammer der Rätsel,116508533,31033,7t2SteAH5OnLLC1ghTAmka
3meJIgRw7YleJrmbpbJK6S,Die drei ???,049/und die Comic-Diebe,116303370,44311,4m6VlVOWfrUVhWWrueMo7p
3meJIgRw7YleJrmbpbJK6S,Die drei ???,193/Schrecken aus der Tiefe,113975263,30437,2w902iYtkf0ipmTImyLlsL
22bE4uQ6baNwSHPVcDxLCe,The Rolling Stones,DecemberÂ’s Children (And EverybodyÂ’s),113300567,34855,2oKngJQA5TdxF5QcP3uZEf
3meJIgRw7YleJrmbpbJK6S,Die drei ???,004/und die schwarze Katze,112588685,53514,1qag2AiFcxXU1UaIgrDFff
2QsynagSdAqZj3U9HgDzjD,Bob Marley & The Wailers,All The Hits,112570200,44574,2qcA1EqAoUsqxXqIivY6Zc
3meJIgRw7YleJrmbpbJK6S,Die drei ???,194/und die Zeitreisende,112465021,29107,6BxvBG51szGmlg5x3F1rHj
3meJIgRw7YleJrmbpbJK6S,Die drei ???,192/im Bann des Drachen,110083969,29837,4piiNuehCc4VjN8NBIcnRt
3meJIgRw7YleJrmbpbJK6S,Die drei ???,059/Giftiges Wasser,109783509,32178,7khAMIQlYBmW7mI9cphDhJ
3meJIgRw7YleJrmbpbJK6S,Die drei ???,207/Die falschen Detektive,109315759,34819,427kScPIeUSfoNKCNercMC
3meJIgRw7YleJrmbpbJK6S,Die drei ???,198/Die Legende der Gaukler,108431988,27093,5RoL0jdWMoJ8KRFVOeFYtX
3meJIgRw7YleJrmbpbJK6S,Die drei ???,206/und der Mottenmann,106691383,29537,7exKMYH0G8O3RaRW6klZ2f
3meJIgRw7YleJrmbpbJK6S,Die drei ???,166/und die brennende Stadt,106464456,48733,71kiy6INV3LzsCddpTZoHf
1elUiq4X7pxej6FRlrEzjM,Jorge & Mateus,Sertanejo Pra Namorar,105238123,254114,5IRxm1lo35PttzU8YLslZy
3meJIgRw7YleJrmbpbJK6S,Die drei ???,174/und das Tuch der Toten,105187179,36100,3HxAtK23R2gFkW000mdaFT
3meJIgRw7YleJrmbpbJK6S,Die drei ???,051/und der riskante Ritt,104741874,45435,4h75QQIxW1etThTuw6vWzg
3meJIgRw7YleJrmbpbJK6S,Die drei ???,048/und die gefährlichen Fässer,104419233,41164,2F6VxgWbGCUpTU9ux6Dtbi
3meJIgRw7YleJrmbpbJK6S,Die drei ???,140/Stadt der Vampire,103823231,43852,3pbXIzVk7CA5VM2ltxu9TN
3meJIgRw7YleJrmbpbJK6S,Die drei ???,010/und die flüsternde Mumie,103653806,34349,18xyskqkEGnVfVFhznkFIK
3meJIgRw7YleJrmbpbJK6S,Die drei ???,160/Geheimnisvolle Botschaften,102492559,41623,1yqICFWBL4l7fJkrFWvfWL
3meJIgRw7YleJrmbpbJK6S,Die drei ???,195/Im Reich der Ungeheuer,102235079,28597,71moidSHTwJsc2N70axEce
3meJIgRw7YleJrmbpbJK6S,Die drei ???,181/Das Kabinett des Zauberers,101538840,25133,0740496iwFHcAMI2XntYHS
3meJIgRw7YleJrmbpbJK6S,Die drei ???,018/und die Geisterinsel,101535998,43757,0FuC7q4bJG41g1naKBx4ot
3meJIgRw7YleJrmbpbJK6S,Die drei ???,142/Tödliches Eis,100794642,34262,0CMsNalUakIcv6znyVLALr
22bE4uQ6baNwSHPVcDxLCe,The Rolling Stones,First Hits,100342399,25910,4IZ7Lsm5le7HJPtaGLCrjO
3meJIgRw7YleJrmbpbJK6S,Die drei ???,Folge 225: und der Puppenmacher,99931986,52527,13nXgORHIVQZxIJAxW4AcP
3meJIgRw7YleJrmbpbJK6S,Die drei ???,017/und die gefährliche Erbschaft,99560381,44656,0biXUv1uGUaVsPcw8nAZCY
3meJIgRw7YleJrmbpbJK6S,Die drei ???,179/Die Rache des Untoten,99328649,33142,62CKj2RCiWDDUtBWTn4KxQ
0c173mlxpT3dSFRgMO8XPh,Big Sean,Detroit 2: Spirit,98143838,14532,35uf1xov7RatvJpE32wbGN
3meJIgRw7YleJrmbpbJK6S,Die drei ???,062/Spuk im Hotel,97870108,36581,5PEHeYcUhz1Aq02ZB1pUgJ
3meJIgRw7YleJrmbpbJK6S,Die drei ???,170/StraÃŸe des Grauens,96907012,35326,2uMs1XZBdGdZuXOY7draw4
738wLrAtLtCtFOLvQBXOXp,Major Lazer,Guns Don't Kill People...Lazers Do (Bonus Track Version),96382778,11865,3u0OSCwiOblOhm4dKjwLN5
3meJIgRw7YleJrmbpbJK6S,Die drei ???,169/Die Spur des Spielers,96337917,40621,2AEzTekSWfyfzJH56jmhET
3meJIgRw7YleJrmbpbJK6S,Die drei ???,und der dreiäugige Totenkopf,96176993,18778,4rCAnDrNJ96srnBEoA0ISj
3meJIgRw7YleJrmbpbJK6S,Die drei ???,151/Schwarze Sonne,95827432,33882,1CWWirrUJmT1ISTPnvZgDc
3meJIgRw7YleJrmbpbJK6S,Die drei ???,Das Rätsel der Sieben,95546828,24670,3EtdCiErsGbG0KoZ0fBLwX
3meJIgRw7YleJrmbpbJK6S,Die drei ???,159/Nacht der Tiger,95177826,35272,7mH8vdj0TkiPO6fMHBCvYj
6vXTefBL93Dj5IqAWq6OTv,French Montana,Rap en France,94919303,62554,22soWryC08ctyMNb6NrMGD
0oOet2f43PA68X5RxKobEy,Shreya Ghoshal,Download this Album - Rahat Fateh Ali Khan,94558752,144337,39a7bHWZyWPxwukCHPrTly
3meJIgRw7YleJrmbpbJK6S,Die drei ???,und der Tornadojäger,94317753,21758,4eorcDi9eRfsi7X0A91Z7u
3meJIgRw7YleJrmbpbJK6S,Die drei ???,188/Signale aus dem Jenseits,94315637,25954,4hNP171Fv4aeLMwOktEawz
3meJIgRw7YleJrmbpbJK6S,Die drei ???,196/Geheimnis des Bauchredners,94114223,24585,55GcmEe9GZHrfRKDcPLE1K
3meJIgRw7YleJrmbpbJK6S,Die drei ???,131/Haus des Schreckens,93747610,37455,6Mi4Smq7Fn8qNOg6Xnf0In
0c173mlxpT3dSFRgMO8XPh,Big Sean,Detroit 2: Wellness,93093857,12101,4Y7Pxv7pzLmKVJowmBwOkd
0oOet2f43PA68X5RxKobEy,Shreya Ghoshal,Rahat - Playlist Favorites,92853980,143871,7LgfD3r1bBvKvt3GFRlU6l
3meJIgRw7YleJrmbpbJK6S,Die drei ???,105/Der Nebelberg,92574225,45948,3uggg8gNlh1kpBxLeOfFTV
3meJIgRw7YleJrmbpbJK6S,Die drei ???,143/und die Poker-Hölle,92565055,36097,3TcIn19pVz5LXE8UleuLuX
487N2T9nIPEHrlTZLL3SQs,Zé Neto & Cristiano,Transcende (Ao Vivo),92535717,76879,7K7dfMc3VwHOKtENI1BWTD
3meJIgRw7YleJrmbpbJK6S,Die drei ???,154/Botschaft aus der Unterwelt,92504215,34804,2ALDCHCHdawewN1sduWVQQ
3meJIgRw7YleJrmbpbJK6S,Die drei ???,089/Tödliche Spur,91793732,38939,68NWcgqeCQMZ3QcPJXBhzH
3meJIgRw7YleJrmbpbJK6S,Die drei ???,149/Der namenlose Gegner,91582637,36306,1qhlRmclvYWkrYkLnFxFZN
3meJIgRw7YleJrmbpbJK6S,Die drei ???,173/Dämon der Rache,91163698,35225,623V90QowsF4WSqV3cHGKf
3meJIgRw7YleJrmbpbJK6S,Die drei ???,122/und der Geisterzug,91031132,34317,3v4W4AFaI8uO7J88ojaSkS
3meJIgRw7YleJrmbpbJK6S,Die drei ???,183/und der letzte Song,90766429,155039,2eeodcwD9HXpcA2rvoFkIq
3meJIgRw7YleJrmbpbJK6S,Die drei ???,155/und der Meister des Todes,90511710,32971,77aawQqgLQZxPb9kwSg0JR
3meJIgRw7YleJrmbpbJK6S,Die drei ???,108/Die sieben Tore,90330304,38154,5ilbdbGu5eQRUIsbslyiLe
3meJIgRw7YleJrmbpbJK6S,Die drei ???,085/Feuerturm,90301778,36596,5iNeANVy4supl8HowB9V2h
3meJIgRw7YleJrmbpbJK6S,Die drei ???,168/GPS-Gangster,89720137,32790,4qbxSVpr3NxRjdIVC411ue
3meJIgRw7YleJrmbpbJK6S,Die drei ???,020/und die flammende Spur,89638145,38944,1GEzdjI5N25iuGjvypRscs
3meJIgRw7YleJrmbpbJK6S,Die drei ???,152/Skateboardfieber,89311739,32745,0DSGcMZRcMBYxQBVjKz5mk
3meJIgRw7YleJrmbpbJK6S,Die drei ???,176/und der gestohlene Sieg,88902177,28937,0pdXEEgKjfh4H0aZg4IOTS
3meJIgRw7YleJrmbpbJK6S,Die drei ???,161/Die blutenden Bilder,88841246,35525,3CMN8Y4kjoG4sFwlOEpfsV
3meJIgRw7YleJrmbpbJK6S,Die drei ???,060/Dopingmixer,88674564,29681,2RxTF6MhAVOtudVNOyHTQz
3meJIgRw7YleJrmbpbJK6S,Die drei ???,157/Im Zeichen der Schlangen,88164611,35056,0w6Khy7kpqTXrEDITf0rZ0
3meJIgRw7YleJrmbpbJK6S,Die drei ???,077/Pistenteufel,88085757,30163,3uFt95otJjaxH8o40tPtIS
3meJIgRw7YleJrmbpbJK6S,Die drei ???,144/Zwillinge der Finsternis,88033251,35847,4ADdmpObDUmBdvyJ9oNz5o
3meJIgRw7YleJrmbpbJK6S,Die drei ???,177/Der Geist des Goldgräbers,87719740,30973,39K0Sczt1mIbW33lB5RNer
3meJIgRw7YleJrmbpbJK6S,Die drei ???,158/und der Feuergeist,87682857,35701,4DvCigoRqkEXZg496IgZiv
3meJIgRw7YleJrmbpbJK6S,Die drei ???,103/Das Erbe des Meisterdiebes,87110914,35386,2uOsf31oenHRd4DVxCSjn9
3meJIgRw7YleJrmbpbJK6S,Die drei ???,Und die schwarze Katze,87083787,19636,4uF9MjchYgq5jjPi5x5YZy
738wLrAtLtCtFOLvQBXOXp,Major Lazer,Guns Don't Kill People...Lazers Do (Deluxe),86779987,10410,6HRH5Q0yNZ7qihjvxTtA96
3meJIgRw7YleJrmbpbJK6S,Die drei ???,148/und die feurige Flut,86638369,35047,0F9ebKwTd5RNZZOu49lWuF
3meJIgRw7YleJrmbpbJK6S,Die drei ???,086/Nacht in Angst,86313992,36350,2wNsIcl1q2axwRaoT6qBLZ
0hEurMDQu99nJRq8pTxO14,John Mayer,Inside Wants Out,85996569,3073589,6Anfub4AoVHg9bhJ7js0L0
3meJIgRw7YleJrmbpbJK6S,Die drei ???,053/und die Automafia,85993415,34426,62z7yW4RKhhuAp0RklmNvc
3xvaSlT4xsyk6lY1ESOspO,Disney,Disney Instrumentals: Aladdin,85449801,51628,4fv0pPN7ZjbUiejSTxTPZh
3meJIgRw7YleJrmbpbJK6S,Die drei ???,172/und der Eisenmann,85032373,31768,0y7oxuXXNYU62jnrvutSSm
3meJIgRw7YleJrmbpbJK6S,Die drei ???,065/Diamantenschmuggel,84459074,32610,1K8kXLhNnHSdPvtUwf74DE
3meJIgRw7YleJrmbpbJK6S,Die drei ???,163/und der verschollene Pilot,84368767,31830,1Cta130Rwp5vH1ddfAChbU
1wZtkThiXbVNtj6hee6dz9,Wisin,Mi VidaÂ…My Life,84155949,38034,0tmMvsGyWRzVckCYgkvve3
3meJIgRw7YleJrmbpbJK6S,Die drei ???,073/Poltergeist,84054295,35453,5RsGXBfziufICYJyhHa6ZA
3meJIgRw7YleJrmbpbJK6S,Die drei ???,134/Der tote Mönch,83588277,34745,4izXuApLzBWtWHrFqgcrxL
3meJIgRw7YleJrmbpbJK6S,Die drei ???,064/Geisterstadt,83322829,25915,6R4gnRHXKgw2cxneWgTiEL
1Mxqyy3pSjf8kZZL4QVxS0,Frank Sinatra,I've Got You Under My Skin,83305358,33695,0Jh7gzQaOscoFndb3raq2l
3meJIgRw7YleJrmbpbJK6S,Die drei ???,080/Geheimakte Ufo,82466449,31206,6RHSJmZTCGqF8CqxxDseis
3meJIgRw7YleJrmbpbJK6S,Die drei ???,037/und der heimliche Hehler,82406809,31667,3rxr4SLE2EG0EAlpSeI99o
3meJIgRw7YleJrmbpbJK6S,Die drei ???,091/Labyrinth der Götter,82401642,33575,5W6dRiaeSVE7zUBYHbepak
3meJIgRw7YleJrmbpbJK6S,Die drei ???,025/und die singende Schlange,82288802,35788,0mk8Swkr3hFgDOWGltBcUT
3meJIgRw7YleJrmbpbJK6S,Die drei ???,117/Der finstere Rivale,82243634,34449,7b9OiVsktCZyldiAnjkVDx
3meJIgRw7YleJrmbpbJK6S,Die drei ???,057/Tatort Zirkus,82092651,29185,1nL3AddBvZ845zMyXRowgs
1elUiq4X7pxej6FRlrEzjM,Jorge & Mateus,Sertanejo Só As Top,82044823,196622,6YbaUGc6ZeR1YnDFGQJV8F
3meJIgRw7YleJrmbpbJK6S,Die drei ???,111/Die Höhle des Grauens,82027536,34828,3yofHdHiOLtVZlxWCZ4XBB
3meJIgRw7YleJrmbpbJK6S,Die drei ???,Und die Geisterlampe,81688133,21226,78wUIvkGT2CdWW0ngeEy8V
3meJIgRw7YleJrmbpbJK6S,Die drei ???,171/und das Phantom aus dem Meer,81629621,33194,5L2KCw21QT3JKg1KKuqSeF
3meJIgRw7YleJrmbpbJK6S,Die drei ???,083/Meuterei auf hoher See,81596647,36668,3piMnopGsrEAKd1EZxsU3i
3meJIgRw7YleJrmbpbJK6S,Die drei ???,156/Im Netz des Drachen,81442551,31168,2NSreywe8UbWo7BJVY3Spk
3meJIgRw7YleJrmbpbJK6S,Die drei ???,114/Die Villa der Toten,81318245,35801,0AKPkUh4ElyZNipc0lZoiR
3meJIgRw7YleJrmbpbJK6S,Die drei ???,116/Codename: Cobra,80803322,29981,0TmWLedytkxVuP9b5Hqeqq
3meJIgRw7YleJrmbpbJK6S,Die drei ???,026/und die Silbermine,80799092,33404,03uqzSo0gE0j2kXooydtMh
3meJIgRw7YleJrmbpbJK6S,Die drei ???,039/und die Perlenvögel,80443241,29728,0W19oEiOst4LmXpd4X2wb8
3meJIgRw7YleJrmbpbJK6S,Die drei ???,135/Fluch des Piraten,80418487,34599,7a9rwqPkVdU4FC2cWFudVO
7wlFDEWiM5OoIAt8RSli8b,YoungBoy Never Broke Again,MaÂ’ I Got A Family (A Gangsta Grillz Special Edition Hosted by DJ Drama),80086386,41230,3NYWEuwAPt4PIJ4OeNxmzO
13y7CgLHjMVRMDqxdx0Xdo,Gucci Mane,So Icy Boyz 22,80049154,20447,4izJKxYT4fTwIZjoXNgkX7
3meJIgRw7YleJrmbpbJK6S,Die drei ???,093/und das Geisterschiff,79889929,33038,35aU9bfmxPGdjiRA4JMuFd
3meJIgRw7YleJrmbpbJK6S,Die drei ???,102/Doppelte Täuschung,79763670,32909,0AnyLaLPx339iGaxjqVfob
3meJIgRw7YleJrmbpbJK6S,Die drei ???,165/Im Schatten des Giganten,79757775,31793,23wcElHGWpunC23ggr4PcW
3meJIgRw7YleJrmbpbJK6S,Die drei ???,147/Grusel auf Campbell Castle,79407940,31102,2upZbuVgrdZjAEiMSZhMzv
3meJIgRw7YleJrmbpbJK6S,Die drei ???,126/Schrecken aus dem Moor,79269735,58779,6TjzBTmeDakBgh5NOGj1BC
3meJIgRw7YleJrmbpbJK6S,Die drei ???,132/Spuk im Netz,79251099,28941,2IqfdlQamN3vCWN3CKLEVI
43ZHCT0cAZBISjO8DG9PnE,Elvis Presley,You'll Never Walk Alone,78818132,13531,26M4ktHp3isOX6XJazAxPn
3meJIgRw7YleJrmbpbJK6S,Die drei ???,145/Die Rache der Samurai,78763197,29731,3w5glP0mzKfTanzXpAjN27
3meJIgRw7YleJrmbpbJK6S,Die drei ???,075/Die Spur des Raben,78626024,32777,5ub4r9Q0YVMrWuOEesu6dR
3meJIgRw7YleJrmbpbJK6S,Die drei ???,061/und die Rache des Tigers,78306364,28835,5HiWGQmaCRaxdaon49Iw9S
3meJIgRw7YleJrmbpbJK6S,Die drei ???,178/Der gefiederte Schrecken,78135996,27437,1KpWkUQaj5ECJsrb8SrPl4
3meJIgRw7YleJrmbpbJK6S,Die drei ???,096/und der rote Rächer,77922562,30996,451jKBwuSNrNgLlqEAZfra
3meJIgRw7YleJrmbpbJK6S,Die drei ???,136/und das versunkene Dorf,77846362,32211,7beppYTqtHAEPKoXyodssF
3meJIgRw7YleJrmbpbJK6S,Die drei ???,087/Wolfsgesicht,77604789,32214,4C4o7tHpT20QrdsvmI70uI
3meJIgRw7YleJrmbpbJK6S,Die drei ???,Folge 223: und der Knochenmann,77498998,31525,7kskBahbrQWCOiaXKuoPjE
3meJIgRw7YleJrmbpbJK6S,Die drei ???,162/und der schreiende Nebel,77290888,29978,1imKVIfJIM0vKNymevqKjP
3meJIgRw7YleJrmbpbJK6S,Die drei ???,098/Tal des Schreckens,77216589,30804,06yvT0sGdxc38ZYmbsBJbh
3meJIgRw7YleJrmbpbJK6S,Die drei ???,167/und das blaue Biest,77001943,30784,1OBHPhBUih26oQTqxLvJTQ
3meJIgRw7YleJrmbpbJK6S,Die drei ???,033/und die bedrohte Ranch,76928768,30527,3tSAywypwRoPw608n5JseQ
58lV9VcRSjABbAbfWS6skp,Bon Jovi,The Circle [Tour Edition],76796466,20464,5ozV3zAfxWN4KHRkYt5azN
3meJIgRw7YleJrmbpbJK6S,Die drei ???,110/Panik im Park,76721789,29786,5wTdQlDnvBtUO3ptbwqeyz
3meJIgRw7YleJrmbpbJK6S,Die drei ???,133/Fels der Dämonen,76357111,27628,3XXYXmCEe185oHxigCRo97
3fMbdgg4jU18AjLCKBhRSm,Michael Jackson,Early Classics,76210567,16776,6RJf8I60kNhnYxlnw7eTGv
1dfeR4HaWDbWqFHLkxsg1d,Queen,Live at the Rainbow Â‘74,76148825,6769,7yMRFgR8FRyWwiLHzQQa2B
3meJIgRw7YleJrmbpbJK6S,Die drei ???,128/Schatten über Hollywood,76107184,31484,5l5CFSjzSdhbflqmplcTFX
3meJIgRw7YleJrmbpbJK6S,Die drei ???,139/Das Geheimnis der Diva,76089380,29769,1B2lhYTStFTH8N1Wrp6Zcs
3meJIgRw7YleJrmbpbJK6S,Die drei ???,092/Todesflug,75926448,27093,46LwKebCsBnpZlYZ1B6LU9
3meJIgRw7YleJrmbpbJK6S,Die drei ???,130/Der Fluch des Drachen,75907342,39445,5C3uZS83u9pXWFEpl47hWb
58lV9VcRSjABbAbfWS6skp,Bon Jovi,The Circle (International ABP's),75723172,20083,76KfZQFszt8vMx9Exiog4r
1mYsTxnqsietFxj1OgoGbG,A.R. Rahman,Sillunu Oru Kadhal (Original Motion Picture Soundtrack),75649753,78760,2dlgtHB8z7ZhSl1fsSb0Ic
17lzZA2AlOHwCwFALHttmp,2 Chainz,The Play DonÂ’t Care Who Makes It,75542724,3471,3haGZZ8x7PyaGxiqcLmLf9
1Mxqyy3pSjf8kZZL4QVxS0,Frank Sinatra,Best Of Duets,75349892,38781,6JNNLdq9ELeKENK3RmxLWQ
3meJIgRw7YleJrmbpbJK6S,Die drei ???,090/Der Feuerteufel,75127589,29286,5Hafee7JOUqNVqtsrCtrTZ
3meJIgRw7YleJrmbpbJK6S,Die drei ???,099/Rufmord,75111294,37496,3kBby5GJMI4U97XljKcPFD
3meJIgRw7YleJrmbpbJK6S,Die drei ???,044/und der gestohlene Preis,75005098,28444,69VLqtWA1bpguYRCFRAxQl
3meJIgRw7YleJrmbpbJK6S,Die drei ???,115/Auf tödlichem Kurs,74811255,30808,3D9Jf4mdOBoeyrKpffYBvy
3meJIgRw7YleJrmbpbJK6S,Die drei ???,107/und der Schatz der Mönche,74784566,32052,7iysTnwaaFrPPWAuUyyi0c
3meJIgRw7YleJrmbpbJK6S,Die drei ???,074/und das brennende Schwert,74748456,514065,6EEN6onzbHIOxnwUkGfKhv
3meJIgRw7YleJrmbpbJK6S,Die drei ???,146/Der Biss der Bestie,74619540,30077,4BSZRM6YOenEIuep0mtviP
3meJIgRw7YleJrmbpbJK6S,Die drei ???,082/Die Karten des Bösen,74330203,28930,6fVTJQKJBku1yaOmZOnfwg
3meJIgRw7YleJrmbpbJK6S,Die drei ???,071/Die verschwundene Seglerin,73802674,30679,6d21lwV9Imn3ObWUyV1UN2
1Mxqyy3pSjf8kZZL4QVxS0,Frank Sinatra,Frank Sinatra - Greatest Hits - The Early Years,73496711,6024,01i4iyB40EU7Qgd6EgKoZt
3meJIgRw7YleJrmbpbJK6S,Die drei ???,120/Der schwarze Skorpion,73301006,31053,2erJcBofKBO6GFMqDPppsU
3meJIgRw7YleJrmbpbJK6S,Die drei ???,121/Spur ins Nichts,73113569,29588,1DZAe0qMw8Pq9EPoX6gETA
3meJIgRw7YleJrmbpbJK6S,Die drei ???,Folge 220: Im Wald der Gefahren,72644184,29128,6qj4LD0zotutkIgEg9OvDj
3meJIgRw7YleJrmbpbJK6S,Die drei ???,069/Späte Rache,72617969,30511,3CZCwdMpj2jnjI43ZlnY5T
3meJIgRw7YleJrmbpbJK6S,Die drei ???,101/und das Hexen-Handy,72191255,31689,4RZllDAKF3DeDz6jZJFXTa
3meJIgRw7YleJrmbpbJK6S,Die drei ???,066/und die Schattenmänner,71968937,30011,0LoesJ9VnJPrlvIDz4u4Xt
3meJIgRw7YleJrmbpbJK6S,Die drei ???,088/Vampir im Internet,71777044,37865,6gxj68DOHRSVlEM4xzwtRy
3meJIgRw7YleJrmbpbJK6S,Die drei ???,109/Gefährliches Quiz,71555835,28088,1krSTklspcBqtOZqdzxALx
3meJIgRw7YleJrmbpbJK6S,Die drei ???,124/Geister-Canyon,71232074,29354,7Hjk98j1FSrHV5IHWmeeFh
3meJIgRw7YleJrmbpbJK6S,Die drei ???,141/und die FuÃŸball-Falle,71087805,28177,4BZfSV9maCil4l4yftT74F
2QsynagSdAqZj3U9HgDzjD,Bob Marley & The Wailers,Bob Marley Legacy: Punky Reggae Party,71008607,21421,1GKXpMQRKEyZI8pL62VUIP
3meJIgRw7YleJrmbpbJK6S,Die drei ???,067/und das Geheimnis der Särge,70892830,28979,6tioH9PNiZbmUT54MsiX5k
3meJIgRw7YleJrmbpbJK6S,Die drei ???,Folge 213: Der Fluch der Medusa,70663696,23378,2WwOKZLpFWrvw3O9CISod1
3meJIgRw7YleJrmbpbJK6S,Die drei ???,118/Das düstere Vermächtnis,70560477,32854,0mp5HVWlYinEYa7Y4Q2vau
3meJIgRw7YleJrmbpbJK6S,Die drei ???,180/und die flüsternden Puppen,70057111,24290,76pYNMMVZTiuNy3IoXcavU
3meJIgRw7YleJrmbpbJK6S,Die drei ???,Folge 218: Im Netz der Lügen,69943774,25751,3o2Gwvg8lqLNRnlV1v1s5K
3meJIgRw7YleJrmbpbJK6S,Die drei ???,127/Schwarze Madonna,69696723,31205,4mlQEwk6I0XuksZCYTtatz
3meJIgRw7YleJrmbpbJK6S,Die drei ???,Folge 215: und die verlorene Zeit,69481403,22631,3An657Q0wkVp4nIDg2zpcB
3meJIgRw7YleJrmbpbJK6S,Die drei ???,Folge 222: und die Gesetzlosen,69317347,26647,2GQjkF0ceIse6jVZkUuAQc
3meJIgRw7YleJrmbpbJK6S,Die drei ???,070/Schüsse aus dem Dunkel,69258102,28756,3m7fR2wOkytZHq9m4QeBkB
3meJIgRw7YleJrmbpbJK6S,Die drei ???,164/FuÃŸball-Teufel,69116929,25128,6t7Y1H4dUM0d4JycenVskN
3meJIgRw7YleJrmbpbJK6S,Die drei ???,072/Dreckiger Deal,69047608,28208,6joRNVLN69v3eSnxM86BSM
3meJIgRw7YleJrmbpbJK6S,Die drei ???,137/Pfad der Angst,68757173,29983,7nxSEeJiQwI34VwnWT83C9
3meJIgRw7YleJrmbpbJK6S,Die drei ???,078/Das leere Grab,68006846,27006,4eX1wH67TDcYPZ1ZsjtPb6
3meJIgRw7YleJrmbpbJK6S,Die drei ???,104/Gift per e-mail,67993406,28963,0WBhXS0uAYuL1sYb6vjYeS
3meJIgRw7YleJrmbpbJK6S,Die drei ???,153/und das FuÃŸballphantom,66510020,26117,21pUsEhxssm6fvumGFmi35
3meJIgRw7YleJrmbpbJK6S,Die drei ???,106/Der Mann ohne Kopf,66492786,28943,6RDPGc2budsdTw1lj8f2O5
3meJIgRw7YleJrmbpbJK6S,Die drei ???,112/Schlucht der Dämonen,65648257,30917,2WmgDDriknvcYcsGvDKDEw
3meJIgRw7YleJrmbpbJK6S,Die drei ???,068/und der Schatz im Bergsee,64517687,27298,72MenCW9iRsLbfQ6dOEqTN
3meJIgRw7YleJrmbpbJK6S,Die drei ???,076/Stimmen aus dem Nichts,64340035,28270,3bhsXwKIDwVK5LTkDCICp0
3WrFJ7ztbogyGnTHbHJFl2,The Beatles,The Beatles - Inspirations,63674759,25706,6NarrauPROaPsbIsOUXBK9
3mIj9lX2MWuHmhNCA7LSCW,The 1975,Facedown EP,63491092,8483,5c1ZTzT4oSkiiFS4wmEuOe
3meJIgRw7YleJrmbpbJK6S,Die drei ???,084/Musik des Teufels,63226209,27333,1lD4RdnibVS7QhtZqCal9E
22bE4uQ6baNwSHPVcDxLCe,The Rolling Stones,Turning Blue & Lonesome,62509409,13642,3bFvjy9IyWd7GrzN2dr0Hi
0k17h0D3J5VfsdmQ1iZtE9,Pink Floyd,Atom Heart Mother (2011 Remastered Version),62232730,19531,1rDYlXZy6vN4wqqQ6buqOr
3meJIgRw7YleJrmbpbJK6S,Die drei ???,129/SMS aus dem Grab,61872983,25155,2s5u6hCaMpTIvZtBRvQzha
3meJIgRw7YleJrmbpbJK6S,Die drei ???,113/Das Auge des Drachen,61820954,27662,0oZaQfEwMWY2TfviD4fEdV
3meJIgRw7YleJrmbpbJK6S,Die drei ???,079/Im Bann des Voodoo,61513675,26816,5efoVI6WIhxLCIrbZuxwBu
3meJIgRw7YleJrmbpbJK6S,Die drei ???,081/Verdeckte Fouls,61353724,24504,2bfJa4PRKVb7as86HZv8Df
3meJIgRw7YleJrmbpbJK6S,Die drei ???,Adventskalender - Böser die Glocken nie klingen,61104297,17350,2BkEUZY7Da7bqlUjmMA2Cq
22bE4uQ6baNwSHPVcDxLCe,The Rolling Stones,EnglandÂ’s Newest Hitmakers,60907088,20661,7g7aT1QRPm6eQzTFnkxqtl
3meJIgRw7YleJrmbpbJK6S,Die drei ???,097/Insektenstachel,60422319,25422,1WlRnNunbHpnRTTVkxMRnd
3meJIgRw7YleJrmbpbJK6S,Die drei ???,Folge 216: Die Schwingen des Unheils,59397589,18507,6ewdyVIW2LurJhYGU0UBAa
0oOet2f43PA68X5RxKobEy,Shreya Ghoshal,Nightingale Shreya Ghoshal,59383688,87351,3UHj03eU7OnDuMVCTLbmcj
3meJIgRw7YleJrmbpbJK6S,Die drei ???,Folge 217: und der Kristallschädel,59201880,21352,4lLOJQU6QBH5cxmERE77La
3meJIgRw7YleJrmbpbJK6S,Die drei ???,Folge 219: und die Teufelsklippe,59075054,21652,2IdnpptAmo9JT7xK0yJt4g
3meJIgRw7YleJrmbpbJK6S,Die drei ???,094/Das schwarze Monster,58547609,25082,2zHMeFNQQxKOmUgmppOjIM
3meJIgRw7YleJrmbpbJK6S,Die drei ???,und der Zeitgeist (Sechs Kurzgeschichten),58408170,12810,3HgetGSMzg6bGM6b67YZcj
1Mxqyy3pSjf8kZZL4QVxS0,Frank Sinatra,Sinatra: New York,58290682,20786,7JhdaReI98XYFrzb3jJPFa
3meJIgRw7YleJrmbpbJK6S,Die drei ???,Folge 212: und der weiÃŸe Leopard,57408947,22089,7uOiwTxge0GO9Wj5XhG7Wb
3meJIgRw7YleJrmbpbJK6S,Die drei ???,123/FuÃŸballfieber,57247658,25059,1KpVSqapKAUAtAepWWxPWs
3meJIgRw7YleJrmbpbJK6S,Die drei ???,Folge 224: Die Yacht des Verrats,57224389,27553,1cJ3fNx6K47p4eDFqhnvsA
6tbjWDEIzxoDsBA1FuhfPW,Madonna,Sorry (Remixes),56815851,50017,5GPTZKrD7eaCp9p6VOBuIN
3meJIgRw7YleJrmbpbJK6S,Die drei ???,Folge 221: Manuskript des Satans,56726072,19161,1ptk2Jtcr40GKPYSnUl7l8
3meJIgRw7YleJrmbpbJK6S,Die drei ???,Folge 214: und der Geisterbunker,56389833,19519,6zSIkJTqQm06zGCunKbmaR
3meJIgRw7YleJrmbpbJK6S,Die drei ???,063/FuÃŸball-Gangster,56278693,458412,2CMXywsh8wVXXCmr2bLTZ6
6l3HvQ5sa6mXTsMTB19rO5,J. Cole,The Blow Up,56106552,2,2Bxdn8Gn8vEy4UiTOc8cBK
6jJ0s89eD6GaHleKKya26X,Katy Perry,WOMANÂ’S WORLD EP,55990882,56358,0QxWZbUUPTWkGDbTYEhnxe
3meJIgRw7YleJrmbpbJK6S,Die drei ???,Folge 227: Melodie der Rache,55884930,32740,3Sv5tE8PcAlGY6Ys2ISQXF
3meJIgRw7YleJrmbpbJK6S,Die drei ???,High Strung - Unter Hochspannung,54844258,16173,5ew5gwOY08KDzjhPidH64L
1mYsTxnqsietFxj1OgoGbG,A.R. Rahman,A. R. Rahman - The Other Side,54741753,45840,6sNAlohza1ZTWVMGhFTGJW
3meJIgRw7YleJrmbpbJK6S,Die drei ???,Folge 226: Die Spur der Toten,54432257,32818,6SMOmIWODrO1gND2YPpjHf
1mYsTxnqsietFxj1OgoGbG,A.R. Rahman,Aayitha Ezhutu (Original Motion Picture Soundtrack),52764588,47356,5RBu5WK95Q6BtWfA4o3Vgs
3meJIgRw7YleJrmbpbJK6S,Die drei ???,Folge 228: Der Ruf der Krähen,51005462,34073,5Xl3sLXOwckPLzoBYIte7O
3meJIgRw7YleJrmbpbJK6S,Die drei ???,Folge 229: Drehbuch der Täuschung,50749841,41142,2PkIFK9tEzYBVKeuiEFVSi
3meJIgRw7YleJrmbpbJK6S,Die drei ???,Brainwash - Gefangene Gedanken,49164991,13591,5ZHoF7GiGEEnx817Lfpu8e
5Pwc4xIPtQLFEnJriah9YJ,OneRepublic,I AinÂ’t Worried (Versions),48837122,22785,3P0cZON8mQk0iTnZddhseo
1dfeR4HaWDbWqFHLkxsg1d,Queen,Kizuna,48118354,13205,6cg5pPED2etApeIlc1Aoie
0c173mlxpT3dSFRgMO8XPh,Big Sean,Detroit 2: Blessings,46509061,6032,5u2wd0lYukcINw8dUFCREq
2wUjUUtkb5lvLKcGKsKqsR,Alessia Cara,"Me, Myself, and I",44679124,9336,0tZ9cchY1OZ5WhpYeZfldi
2wUjUUtkb5lvLKcGKsKqsR,Alessia Cara,For The Love of Pop,44209125,9200,154I9rUwPuFHj6snU4amYg
3meJIgRw7YleJrmbpbJK6S,Die drei ???,Adventskalender - Eine schreckliche Bescherung,43741761,4477,7pZotNNAYOkeHNvJRKzYRk
1bfl0AU8SqmLkElptOprhC,Jul,Ã‰ste Soy Yo Â· AquÃ­ Andamos de Regreso,43660811,91127,3gx2d7IdrkoMva44o4pkNm
3meJIgRw7YleJrmbpbJK6S,Die drei ???,Folge 230: Der Tag der Toten,43296386,47720,2OA8KceUAUy2HVFRjSDydW
3meJIgRw7YleJrmbpbJK6S,Die drei ???,Folge 211: und der Jadekönig,43105325,21203,3ieWqOL150wJOcft7iZHKZ
1ZwdS5xdxEREPySFridCfh,2Pac,Deathrow Presents Nu-Mixx Klazzics,42528004,1659,3MnM5qq7ROcwcUClvpXpaV
3t5xRXzsuZmMDkQzgOX35S,Robin Schulz,Extended Prayer,42164792,6633,4uJPgDMOIRfoAumwwmpRbR
3meJIgRw7YleJrmbpbJK6S,Die drei ???,Folge 210: und die schweigende Grotte,39059478,21831,5WZwUQdyPSLUrXdPRaaeDR
4Ga1P7PMIsmqEZqhYZQgDo,Lil Tecca,Virgo Moon,38176426,12294,0fODvako1OftJDr4TRO7Xe
3meJIgRw7YleJrmbpbJK6S,Die drei ???,Master of Chess,37742632,10784,6gALrQWLe3Z2cMMZvV4Dz7
20sxb77xiYeusSH8cVdatc,Meek Mill,Go To Hell,36141471,21892,188XgjCusgyH9HUAIluC6f
3fMbdgg4jU18AjLCKBhRSm,Michael Jackson,Ripples And Waves - An Introduction To,35945833,8281,6isiJbL3hh7e60KigIgKuY
50co4Is1HCEo8bhOyUWKpn,Young Thug,Street Is Watching (The Mix-Tape),35933269,6522,35MBXcVOt0eTCQfhQadFHA
3meJIgRw7YleJrmbpbJK6S,Die drei ???,Super-Papagei 2004,35764971,9560,2b1jRXut0UQBfL5VLfsjFG
3meJIgRw7YleJrmbpbJK6S,Die drei ???,Folge 231: und der Dreiäugige Schakal,35456293,81475,78TMTGYk15Py07PFNdQ7AJ
4YRxDV8wJFPHPTeXepOstw,Arijit Singh,Arijit Singh - Stream This Album,35088199,13822,4yRoLvuzNxFDdodNNrZAEM
4YRxDV8wJFPHPTeXepOstw,Arijit Singh,"Acche Din, Acche Gaane",34892983,16611,37WyPPeQfDUYDgxrkbmHZj
51Blml2LZPmy7TTiAg47vQ,U2,War (Deluxe Bonus eAlbum),34805338,6821,703UhlqhK2Lonj6ursR5R6
0oSGxfWSnnOXhD2fKuz2Gy,David Bowie,Earthling (Expanded Edition),33535678,10370,661yWWQnHz8SKh8KerJWge
1Mxqyy3pSjf8kZZL4QVxS0,Frank Sinatra,The Great American Songbook,33020172,4552,7IROPCqrw813vM0Ki0ZLcN
1mYsTxnqsietFxj1OgoGbG,A.R. Rahman,Love Notes of A. R. Rahman,32434916,32641,45keDQ8Bx8IHEbIiJVt8dB
1mYsTxnqsietFxj1OgoGbG,A.R. Rahman,Hits of A.R. Rahman Vol- 2,32434916,32641,3kC7zXgRlM0JiaqIdHyacz
0NGAZxHanS9e0iNHpR8f2W,Alok,"Alok Presents Brazilian Bass, Pt.1",32218108,1764,0pUursvGUAgcDiEqYlnZ0q
22bE4uQ6baNwSHPVcDxLCe,The Rolling Stones,I'd Much Rather Be With The Girls,30362560,9720,4ydfGUj5y8D0gAD926st3b
2QsynagSdAqZj3U9HgDzjD,Bob Marley & The Wailers,Trenchtown Days: The Birth Of A Legend,29588293,12877,3bi87ndwfdokCp0Km4fxoJ
0oSGxfWSnnOXhD2fKuz2Gy,David Bowie,1. Outside (The Nathan Adler Diaries: A Hyper Cycle) [Expanded Edition],29088855,9564,4wS5IwqJcGaL8ommCbhbVi
22bE4uQ6baNwSHPVcDxLCe,The Rolling Stones,Keith's Kaleidoscope,28913550,9978,4ydfGUj5y8D0gAD926st3b
1Mxqyy3pSjf8kZZL4QVxS0,Frank Sinatra,16 Most Requested Songs,27648866,2179,06d6lwIaJvpbSBxVuIlUDQ
2QsynagSdAqZj3U9HgDzjD,Bob Marley & The Wailers,The Early Years,27249944,12237,1wgXVNPAwgjA0P8Tchwqc8
17lzZA2AlOHwCwFALHttmp,2 Chainz,Dope Peddler 2,26783063,3513,5MejAqXKiWC2Mw6WUDRkEJ
22bE4uQ6baNwSHPVcDxLCe,The Rolling Stones,I'm A King Bee (Influences - Vol. 2),26683117,8474,1yJfaJYYqIZFY2JcdeT3gJ
1mYsTxnqsietFxj1OgoGbG,A.R. Rahman,Padayppa (Original Motion Picture Soundtrack),26617323,21623,1YdXQgntClL3BhIXB0xpgs
4V8Sr092TqfHkfAA5fXXqG,Luis Fonsi,Amor Secreto (A Duo Con Bustamante),26315566,13427,6sFPpQXSxMH24gWLoE8KxE
13y7CgLHjMVRMDqxdx0Xdo,Gucci Mane,Wasted: The Prequel,26134003,32204,1Qnn3AAN3Nquv7GlNk41YQ
1Mxqyy3pSjf8kZZL4QVxS0,Frank Sinatra,All of Me,26032201,1847,0q4FbI22wSMrzgWh5vgHi9
2QsynagSdAqZj3U9HgDzjD,Bob Marley & The Wailers,Les indispensables (feat. Peter Tosh),25945078,12225,5wYgsQRpjIoYHGdGvpbsBf
3meJIgRw7YleJrmbpbJK6S,Die drei ???,Folge 232: Die Stadt aus Gold,25860358,753810,79EPGP6VA65fDFs4fgFpel
3meJIgRw7YleJrmbpbJK6S,Die drei ???,Folge 209: Kreaturen der Nacht,25538344,13927,3t9NGa2A9SGvipHoU5Bc6m
55Aa2cqylxrFIXC767Z865,Lil Wayne,Sorry 4 the Wait 2,24924474,3927,00U0pedRUMEzREpyRqbVT6
0oSGxfWSnnOXhD2fKuz2Gy,David Bowie,Hours... (Expanded Edition),24112199,5253,5IJoRJA2kH0bXKujbYezUI
3meJIgRw7YleJrmbpbJK6S,Die drei ???,und das Grab der Maya (Kopfhörer-Hörspiel),23982519,9432,16QJNLv3LHn3sz5CfmYX8Z
6tbjWDEIzxoDsBA1FuhfPW,Madonna,I'll Remember,21947863,16254,3gHf2d0NGui4uaxvofRB3V
1Xylc3o4UrD53lo9CvFvVg,Zara Larsson,Lush Life (The Remixes),20779375,1117,1mRh0y1hi58klscPU5k1Cy
1DxLCyH42yaHKGK3cl5bvG,Maria Becerra,NAVE DRAGÃ“N,20738038,134614,347POHYE4kfl2Q9OCF7Sbw
1Xylc3o4UrD53lo9CvFvVg,Zara Larsson,Allow Me to Reintroduce Myself,19864064,492,2TbIygsV5OBPugEA04aTcy
58lV9VcRSjABbAbfWS6skp,Bon Jovi,This Left Feels Right,19503791,6799,7FVn5TYEbQbWM6r8unRaCe
4r63FhuTkUYltbVAg5TQnk,DaBaby,Y2K! : IÂ’m Just A Girl (Deluxe),18974584,105555,5fZtMfM1XlAcjDzxTIOBa8
1mYsTxnqsietFxj1OgoGbG,A.R. Rahman,Azagiya Tamilmagan (Soundtrack from the Motion Picture),18451547,19218,2gCDECEHhsqNpqZtN5QtqA
3meJIgRw7YleJrmbpbJK6S,Die drei ???,und das versunkene Schiff (Kopfhörer-Hörspiel),18010187,7527,76T6VyS7a1I1EwnjUujaA9
1dfeR4HaWDbWqFHLkxsg1d,Queen,Live In The UK,17815097,4007,4gCP2ZgSSA9DizRzWLDt74
20sxb77xiYeusSH8cVdatc,Meek Mill,Milladelphia,17180766,3005,0MrF6R3USaeagkYKi1RrJ0
1RyvyyTE3xzB2ZywiAwp0i,Future,First Class Flights,16765484,2075,77ctfOIFHaG4AfTVgDvWPG
3meJIgRw7YleJrmbpbJK6S,Die drei ???,und der dreiäugige Totenkopf (Kopfhörer-Hörspiel),16553890,6441,0sCs2S5YTEN0UT1fwWpvKw
7hJcb9fa4alzcOq3EaNPoG,Snoop Dogg,Getcha Girl Dogg,15925328,3867,1BgsjTEgHIf0GkkVkUZVax
1dfeR4HaWDbWqFHLkxsg1d,Queen,Live At Fire Fight Australia,15837139,2754,67Ipucoa0blx27O3sV7yAi
5LHRHt1k9lMyONurDHEdrp,Tyga,187,14195358,124538,6QIlQGPKRonzyLMRibTAIv
3meJIgRw7YleJrmbpbJK6S,Die drei ???,Das verfluchte Schloss,13983698,4863,1e0F3cwcMtDuxgnTXK6vye
738wLrAtLtCtFOLvQBXOXp,Major Lazer,Let Me Live (Remix),13314891,634,4OmxX91DKHJuvcn9NYEe0V
3meJIgRw7YleJrmbpbJK6S,Die drei ???,Erbe des Drachen (Das Original-Hörspiel zum Kinofilm),13265977,7869,6xZHTtiSBFxKdV2rJVHj2V
0k17h0D3J5VfsdmQ1iZtE9,Pink Floyd,The Early Years 1970 DEVI/ATION,12986229,3546,4qHjQN4qvZu9x27O5LOn2G
17lzZA2AlOHwCwFALHttmp,2 Chainz,Codeine Cowboy ( A 2 Chainz Collective),12840110,2668,6uwelipskyMH8GsmE6zbGa
20sxb77xiYeusSH8cVdatc,Meek Mill,Give Me the World,12207612,1171,2zhgGiT3sNBK2rbrC7JcRW
3meJIgRw7YleJrmbpbJK6S,Die drei ???,Klaas Heufer-Umlauf liest... und der schrullige Millionär,11823166,5205,18Kd1dnK3krvxfeu3WmPtn
3meJIgRw7YleJrmbpbJK6S,Die drei ???,Jan Böhmermann liest... und die flüsternde Mumie,11645337,5134,1Rbika7sn7sLt2SGC7IxXf
02kJSzxNuaWGqwubyUba0Z,G-Eazy,Oldschool Love,11296603,65633,6T5D7KpnftvfLaYPp94U4y
2ye2Wgw4gimLv2eAKyk1NB,Metallica,Live In Brazil (1993 Â– 2017),11279986,2998,0EtBOaRiYmf5Lby36qag6k
1mYsTxnqsietFxj1OgoGbG,A.R. Rahman,Unnikrishnan Super Hit Songs (Original Motion Picture Soundtrack),11230213,8770,4u8yNY4Un2nErgeNRMFeh3
0z4gvV4rjIZ9wHck67ucSV,Akon,AinÂ’t No Peace,11219555,2442,7MHDFUHhc7Y7EIiJe4Idgm
3meJIgRw7YleJrmbpbJK6S,Die drei ???,Das Grab der Inka-Mumie (Kopfhörer-Hörspiel),11061409,4778,2aNVxArusTw1NlV1BaN3IL
1Mxqyy3pSjf8kZZL4QVxS0,Frank Sinatra,Frankieboy,10537551,5694,78ZshSpqcIXyrYBJGgiPK0
3meJIgRw7YleJrmbpbJK6S,Die drei ???,Jürgen Thormann liest... und der Zauberspiegel,10436258,2497,2BkMhy5uR7Xhe5StIcgVAd
1SupJlEpv7RS2tPNRaHViT,Nicky Jam,The Black Carpet,10330961,70,7fsdjOiouCHQ9Rlmrz7ZIa
3WrFJ7ztbogyGnTHbHJFl2,The Beatles,The Beatles - Study Songs Vol. 1,9863102,2387,6OWz5v97BebwZBH7PyJvam
20sxb77xiYeusSH8cVdatc,Meek Mill,Dont Panic,9303936,1,3eeUR5VpTDYcQGM6dsssOZ
1Mxqyy3pSjf8kZZL4QVxS0,Frank Sinatra,A Man Alone (Remastered 2024),9158924,795,4MoN1GbGjfl1LjRsV14BAh
3meJIgRw7YleJrmbpbJK6S,Die drei ???,Judy Winter liest...und der Ameisenmensch,8472196,2280,4AFF6Md43PaWKv5lSMAysd
4V8Sr092TqfHkfAA5fXXqG,Luis Fonsi,Exitos Eternos: Remixes,8431849,2818,4QQ2iK81MWMhK2Qqr1AO0R
3tlXnStJ1fFhdScmQeLpuG,Brent Faiyaz,Fuck The World - ChopNotSlop,8420724,75754,52MZ9cM7DPDCrJZktsHKF0
3meJIgRw7YleJrmbpbJK6S,Die drei ???,Die drei ??? und der Karpatenhund (Das Original-Hörspiel zum Kinofilm),8193604,26941,249qkyRcqMAoKJhXwrTYtE
7oPftvlwr6VrsViSDV7fJY,Green Day,Dookie (30th Anniversary 4-Track Demos),7925666,4662,3IxPhnYxh3qACTa2GBYVUw
3meJIgRw7YleJrmbpbJK6S,Die drei ???,Bastian Pastewka liest... und der grüne Geist,7922616,3601,5yI3MACumg0ZjPSRUOFmoB
64KEffDW9EtZ1y2vBYgq8T,Marshmello,ItÂ’s Riddim Time,7868934,7878,2Z5khV1jYxMvc5peWZdnwC
3meJIgRw7YleJrmbpbJK6S,Die drei ???,House of Horrors - Haus der Angst,7721351,1940,5KIQUoxcSBlPN3ie9xVmnA
3meJIgRw7YleJrmbpbJK6S,Die drei ???,Eckart Dux liest...und der Höhlenmensch,7541354,2377,3j70EKOaR5iVk0BPW6lowR
3meJIgRw7YleJrmbpbJK6S,Die drei ???,Karin Lieneweg liest...und der sprechende Totenkopf,7514136,1633,5oCCy3K7JBWfdfp4QNhYxA
3meJIgRw7YleJrmbpbJK6S,Die drei ???,Holger Mahlich liest...und die gefährliche Erbschaft,7395366,3003,6CyD8cVpx9f8uJT9ZpJHRG
3meJIgRw7YleJrmbpbJK6S,Die drei ???,Sascha Draeger liest...und der gestohlene Preis,6669159,548781,4UCwiqC6kHQIsODPuJ0GoZ
6eUKZXaKkcviH0Ku9w2n3V,Ed Sheeran,The Slumdon Bridge,6654526,495,5NZeN4XehHax85q0Dw33N5
3meJIgRw7YleJrmbpbJK6S,Die drei ???,Andreas Fröhlich liest...und der Karpatenhund,6626571,2784,023jioejd2M0SHsBo3tXrP
20sxb77xiYeusSH8cVdatc,Meek Mill,"Some Days IÂ’m Good, Some Days IÂ’m Not",6595200,95102,77aMP5aTkzIaVW1SPxvLxy
3meJIgRw7YleJrmbpbJK6S,Die drei ???,Kai Schwind liest... und das Bergmonster,6488514,3245,0msYXbGb3x5Ye5ulasSxL2
2QsynagSdAqZj3U9HgDzjD,Bob Marley & The Wailers,Greatest Hits at Studio One,6409220,2656,6heVFpJImaEoJT3TEtlSMl
0A0FS04o6zMoto8OKPsDwY,YG,California Livin,6339511,411,7KChw6ygsIyRBDQLkKXPvt
3meJIgRw7YleJrmbpbJK6S,Die drei ???,Mai Thi Nguyen-Kim liest... und die rätselhaften Bilder,6203605,2388,7rZjL8V3lH82azgMUv7W4q
3meJIgRw7YleJrmbpbJK6S,Die drei ???,Jens Wawrczeck liest ...und das GespensterschloÃŸ,6133314,3527,679bTIcaCSUTKWns9TPnMt
3meJIgRw7YleJrmbpbJK6S,Die drei ???,Axel Prahl liest...und die schwarze Katze,6096679,1711,00dJxx0qAkpU02A8OZvh82
5f7VJjfbwm532GiveGC0ZK,Lil Baby,ALL TEN (Versions),6031633,7889,5OJSEPm7mDBRDX5Jevjo8F
3WrFJ7ztbogyGnTHbHJFl2,The Beatles,The Beatles - Study Songs Vol. 2,5969466,1128,0lwfVPSf5Zs5PTGkcSgSeo
22bE4uQ6baNwSHPVcDxLCe,The Rolling Stones,Goats Head Soup Reheated,5726797,1846,5YQHGyAHY3wqS5Lo69wK6g
2QsynagSdAqZj3U9HgDzjD,Bob Marley & The Wailers,Bob Marley Interviews: So Much Things to Say,5560351,12284,7cpmLOcwtSpYvnUb2WXVYD
1ZwdS5xdxEREPySFridCfh,2Pac,Ghetto Gospel (The Birth of A Legend),5087868,35,5pIFhN5QLajXF5Uczx2ZqG
3meJIgRw7YleJrmbpbJK6S,Die drei ???,Nicholas Müller liest... und die silberne Spinne,5033023,2178,72ahyckBJfTigJCFCviVN7
1ZwdS5xdxEREPySFridCfh,2Pac,Beginnings - the Lost Tapes: 1988 - 1991,5001787,629,0143JVy50oXe3VBabqpMsO
0oSGxfWSnnOXhD2fKuz2Gy,David Bowie,IÂ’m Afraid Of Americans E.P. (Remaster),4948389,2528,5femMu6wEiqpYJ2O6FxwFH
6Te49r3A6f5BiIgBRxH7FH,Ninho,"Ils sont pas au courant, vol. 1 (Dj Quick présente Ninho)",4938941,457578,1Pz3eps9CpFVp1nNV0TCO2
17lzZA2AlOHwCwFALHttmp,2 Chainz,Don't Bring Me Down,4395515,323,0HSS4XZTx9QoCVxtugU2vk
58lV9VcRSjABbAbfWS6skp,Bon Jovi,One Last Wild Night (Live),4386662,2125489,19TiZ1LGOuY3C7Bah5Dctw
3meJIgRw7YleJrmbpbJK6S,Die drei ???,Henning May liest ...und der seltsame Wecker (feat. Henning May),4359344,2497,7mdMcSOOcCJs3gXdWpINGz
0oSGxfWSnnOXhD2fKuz2Gy,David Bowie,Montreal 1983,4303510,2681,6To5QfUAWtSIYzIS9bqzMG
4YRxDV8wJFPHPTeXepOstw,Arijit Singh,Murshida and Other Hits,4177597,4205,3qqFfEjRLF7pxUpWw2g0P5
6XyY86QOPPrYVGvF9ch6wz,Linkin Park,"iTunes Festival - London, 2011",4168465,1465,0VmZF3nyMuhRDcyVY0MuE1
7hJcb9fa4alzcOq3EaNPoG,Snoop Dogg,"Metaverse: The NFT Drop, Vol. 1",3837795,527,2PrjVzvpPxVU2z6SeyrlYc
6vXTefBL93Dj5IqAWq6OTv,French Montana,Dope Couture,3700215,320,1PO7K8YvBHLa5d6jIuTkaj
3meJIgRw7YleJrmbpbJK6S,Die drei ???,Oliver Rohrbeck liest ...und der Super-Papagei,3654768,1764,14OPACj7jtzXOrgxis7pu2
3meJIgRw7YleJrmbpbJK6S,Die drei ???,Oliver Kalkofe liest ...und der lachende Schatten,3628097,1778,7ax4xgd5ijPwHn1PaTkI2Y
2nszmSgqreHSdJA3zWPyrW,Luis Miguel,Cómplices EP,3519946,1147,6SKAhnE8C9K3hhccf3qETF
3meJIgRw7YleJrmbpbJK6S,Die drei ???,Tim Grobe liest ...und der Fluch des Rubins,3478443,2076,63lVCnv8B30qedCiTlAc9J
3meJIgRw7YleJrmbpbJK6S,Die drei ???,Bela B liest... und der tanzende Teufel,3458238,1600,553NN3wSa7Sb1o4hiYvuKf
1mYsTxnqsietFxj1OgoGbG,A.R. Rahman,Super Hit Dance Collections,3445993,4021,48MEVXeUF6qgWOSDVzDMCl
3meJIgRw7YleJrmbpbJK6S,Die drei ???,Katrin Fröhlich liest ...und die singende Schlange,3342029,1753,53UJM1XojqaSGOFJIMqNSp
06HL4z0CvFAxyc27GXpf02,Taylor Swift,Red (Karaoke Version),3110974,2919,7BQtpdUIIzfRggYzqqOfmm
3meJIgRw7YleJrmbpbJK6S,Die drei ???,Jessica Schwarz liest ...und der magische Kreis,2977121,1816,0SMFWqPcwTHnhZZTRvqgfE
3meJIgRw7YleJrmbpbJK6S,Die drei ???,Jannik Schümann liest ...und der Phantomsee,2882618,785214,2EzmlFDy8q8etqohlJpaaB
55Aa2cqylxrFIXC767Z865,Lil Wayne,The Devil Inside,2813632,1563,1FSRdQBfLEhNJ1ZX45l5vb
7c0XG5cIJTrrAgEC3ULPiq,Ty Dolla $ign,House On The Hill,2773412,118,5r7YyC2G44xbBYfYLNgdap
55Aa2cqylxrFIXC767Z865,Lil Wayne,When The Sun Comes Up (feat. Glasses Malone),2770857,69,7A64hj8Io2JeLTHrxxuhkr
3meJIgRw7YleJrmbpbJK6S,Die drei ???,Anna Thalbach liest ... und die Geisterinsel,2630814,1160,7K4gmkmUqZa3x7TNcmIxb0
1mYsTxnqsietFxj1OgoGbG,A.R. Rahman,Dance Hits of A. R. Rahman,2614327,3402,4NdDBRpVNkENwz2B7wwaJE
5fMUXHkw8R8eOP2RNVYEZX,Diplo,Pick Your Poison Remix EP,2611203,87,0BMkxYNCCYicwfzvIXX49p
1mYsTxnqsietFxj1OgoGbG,A.R. Rahman,Dance King Prabhu Deva Songs,2599631,3394,1rh2gXfmFr7pNrOW0s6rIB
1mYsTxnqsietFxj1OgoGbG,A.R. Rahman,A.R. Rahman Tamil Peppy Numbers,2599631,3394,1mM8mWkqznWKEEMzmYyolr
0oSGxfWSnnOXhD2fKuz2Gy,David Bowie,Toy - EP (Â‘YouÂ’ve got it made with all the toysÂ’),2448244,329,3inFkZMAUrTnPFVSoLHb9O
7bXgB6jMjp9ATFy66eO08Z,Chris Brown,Royalty International EP,2242923,220,6h1S9asb6qPfuvP6NMfgbJ
0oSGxfWSnnOXhD2fKuz2Gy,David Bowie,LetÂ’s Dance (40th Anniversary Remix E.P.),2240201,1139,6FTH1fFDCpE90YlenHw3We
20sxb77xiYeusSH8cVdatc,Meek Mill,Phillystyles,2214244,21578,5g3oqy7nAK03ke2cR5c95I
2ye2Wgw4gimLv2eAKyk1NB,Metallica,Live In Chile (1993 Â– 2017),2189540,602,5AZtprodMjUSg3N3OWjUKk
20sxb77xiYeusSH8cVdatc,Meek Mill,Philadephia Eagles 4,2089139,99,3oIRnc8UtiK0YXJ2nEuGl3
3DiDSECUqqY1AuBP8qtaIa,Alicia Keys,HellÂ’s Kitchen (Original Broadway Cast Recording),1746779,1316,7icrsHTncBRLYjeUd1iArs
2ye2Wgw4gimLv2eAKyk1NB,Metallica,Live In Argentina (1993 Â– 2017),1668362,766,4oVBVsC9zkTHzeCRSmrAE3
6VuMaDnrHyPL1p4EHjYLi7,Charlie Puth,Nobody 2017,1667236,49,3Mzb7oG88vjFNIwr18n8uI
25uiPmTg16RbhZWAqwLBy5,Charli xcx,Stay Away,1451743,198,3RvvN1YsEAGJxIJzUhL9yr
7oPftvlwr6VrsViSDV7fJY,Green Day,Unplugged 1996,1401721,716,2kf0ynF66zEMG2WxFnRwUd
0GM7qgcRCORpGnfcN2tCiB,Tainy,Rebel Moon: Songs of the Rebellion (Inspired by the Netflix Films),1389835,1075,4pYtUG3hXNEODkfczBmiq1
0oOet2f43PA68X5RxKobEy,Shreya Ghoshal,Bengali Film Hits 2019,1200638,1099,6IQ1TMrHXHu32amlfnZl48
1mYsTxnqsietFxj1OgoGbG,A.R. Rahman,Godfather (Original Motion Picture Soundtrack),1168528,1308,0GPn7ORDwxzSQrgqpZiR0c
3PhoLpVuITZKcymswpck5b,Elton John,Me - Elton John Official Autobiography (Unabridged),1165178,12135,3k28bNQ0ONwTjD15Mglkzb
6tbjWDEIzxoDsBA1FuhfPW,Madonna,Tokyo 1987,1104847,856,6K1fjArmQ4SEiSDIG9fY01
0oSGxfWSnnOXhD2fKuz2Gy,David Bowie,Â‘hoursÂ…Â’ Remix E.P.,1071487,251,4QfAhSRhRtG8ht2tuFd8wf
1mYsTxnqsietFxj1OgoGbG,A.R. Rahman,Water (Original Motion Picture Sounddtrack),997608,561,341gsrcI6kXqUDgzdjUIa1
08GQAI4eElDnROBrJRGE0X,Fleetwood Mac,"Live in Boston, Vol. 2",974647,225,0y9B7AohMcwUhbXl0LrOK0
4gzpq5DPGxSnKTe4SA8HAU,Coldplay,Love in Tokyo,863780,179,2YMqxRR0E074wRcIEtobzd
1Cs0zKBU1kc0i8ypK3B9ai,David Guetta,I'm Good (Blue) [Extended Remixes #2],847317,532,7vhhSVzM6KmzUrQ3xGxmV2
47mIJdHORyRerp4os813jD,League of Legends,Bandle Tale: A League of Legends Story (Original Game Soundtrack),814151,445452,0qHHd5Y79MOh4XKOJAfuLa
4UXqAaa6dQYAk18Lv7PEgX,Fall Out Boy,Thnks Fr Th Mmrs Remix EP,803711,141,3052N3DRZYpQ2LM9ftkK1Y
4V8Sr092TqfHkfAA5fXXqG,Luis Fonsi,Deluxe Selection,772197,128,1mJDZtLEQoaDehwSZxAI54
3xvaSlT4xsyk6lY1ESOspO,Disney,Magic Reimagined,763101,308,0UGeQItY9tA1z8MVsElT4v
1mYsTxnqsietFxj1OgoGbG,A.R. Rahman,Ace Director Mani Ratnam,727297,679,50KbYv9LCZpytz20CHafys
1mYsTxnqsietFxj1OgoGbG,A.R. Rahman,Independence Day Special,720106,196,3oQzpHFBT7CMAaPRIgqRRC
66ihevNkSYNzRAl44dx6jJ,Carin Leon,Mi Respuesta (En Vivo),710365,108,6NnxUxgj1FlneEPzSaRflN
4iHNK0tOyZPYnBU7nGAgpQ,Mariah Carey,BringinÂ’ On The Heartbreak - EP,683612,264,0HFkz83vQFFiMn7EWSyY8L
6eUKZXaKkcviH0Ku9w2n3V,Ed Sheeran,"Live at Telekom Street Gigs, Zugspitze",645756,48,689S5qi17JegFkWjGKpSiV
7hJcb9fa4alzcOq3EaNPoG,Snoop Dogg,"Let Me Find out, Part. 2 (Maxi Single Special)",638938,114,31AHT5ncnSpNdaqt9lC7z6
0TnOYISbd1XYRBk9myaseg,Pitbull,Suda (Remixes),483723,84,4w2umNLo8PBay3r3JO0gkC
1dfeR4HaWDbWqFHLkxsg1d,Queen,Artist Karaoke Series: Queen (Volume 1),474273,128,7M8golaW7gXYVG0eDCBQgD
137W8MRPWKqSmrBGDBFSop,Wiz Khalifa,3Peat,425270,435,4PETB3ci600AorYW0v06BU
0oOet2f43PA68X5RxKobEy,Shreya Ghoshal,"Malayalam Sweet Melodies, Vol. 18",411059,440,4PFkUNIHlYs0KjWej3iBMR
00FQb4jTyendYWaN8pK0wa,Lana Del Rey,Ultraviolence - Audio Commentary,393493,25,7qL2OLpIdo1yoVgFOfZEum
6vXTefBL93Dj5IqAWq6OTv,French Montana,Bosco (Original Motion Picture Soundtrack) - Side B,376500,205,7h6eW4DaAtwvPO1KwHPy3k
1mYsTxnqsietFxj1OgoGbG,A.R. Rahman,Pelé (Original Motion Picture Soundtrack),362125,87,7GKsaXXxKH3GhJ4r7OoOqm
20sxb77xiYeusSH8cVdatc,Meek Mill,Flamers (Mixed By DJ Difference),361884,321365,25aZq5QnLIpFfu3Uqbgkei
0oOet2f43PA68X5RxKobEy,Shreya Ghoshal,Jothegara,319743,409,2pq6nCw2iAAuulfTxleliS
1Mxqyy3pSjf8kZZL4QVxS0,Frank Sinatra,Nice 'N' Easy (Remastered 2024),290552,124124,11cnMaZXWv88mAiFew9aOA
0oOet2f43PA68X5RxKobEy,Shreya Ghoshal,Valentine Love Songs,278720,333,3J51b0TT7EVYhJ6naBBAgZ
1i8SpTcr7yvPOmcqrbnVXY,Ozuna,Danger,278084,10,2ihN9K0hdA9Ji99GnrlDIr
0oOet2f43PA68X5RxKobEy,Shreya Ghoshal,Ee Preethi Yake Bhoomi Melide,263153,370,0kWBvUy985muQ5E0eCGAzH
1Mxqyy3pSjf8kZZL4QVxS0,Frank Sinatra,My Way (Remastered 2024),255991,45879,7aPxfCyG2uD53RFxwNhqIu
6Xgp2XMz1fhVYe7i6yNAax,Trippie Redd,A Love Letter To You (Sped Up),248748,109,6gwvEknGOAe28vPUImVWgS
0oOet2f43PA68X5RxKobEy,Shreya Ghoshal,Jabo Tepantar,248673,285,134RdvCAAtet1p9LODQdzi
2ye2Wgw4gimLv2eAKyk1NB,Metallica,Six Feet Down Under Part 2,230128,33,5u0f0hGeUaY7DrO5pC58FK
1Mxqyy3pSjf8kZZL4QVxS0,Frank Sinatra,Close to You (Remastered 2024),194964,12249,4kp6B5rByHOk21LYbmC8r2
0oOet2f43PA68X5RxKobEy,Shreya Ghoshal,52 Sizzling Non Stop Hits: Dard-E-Disco,188895,59,7aNC1am350Q2Dw0wlNuomT
1mYsTxnqsietFxj1OgoGbG,A.R. Rahman,Classic Incantation,181121,187,43IhYxBvB4Eoazx2A4it9t
58lV9VcRSjABbAbfWS6skp,Bon Jovi,What About Now (Commentary),162750,13,6przeipqytuqyECG7ZFp73
0oSGxfWSnnOXhD2fKuz2Gy,David Bowie,Japan 1992,150319,45,6AnYKgg41NdWZ8EN43DmQ8
4iHNK0tOyZPYnBU7nGAgpQ,Mariah Carey,There's Got To Be a Way EP,143206,59,1e4HKnZmgeB3hQ2maF4Dr3
0oOet2f43PA68X5RxKobEy,Shreya Ghoshal,Aisi Lagi Lagan - Krishna Janamashtami Special,138954,115,6PZnDE9gWetRTjw3pHbodW
0oOet2f43PA68X5RxKobEy,Shreya Ghoshal,Krishna Sakha,138954,115,6przeipqytuqyECG7ZFp73
7CajNmpbOovFoOoasH2HaY,Calvin Harris,Live Session EP,137211,10,2O4KEl5bNSlmq7E5pTiYVa
1wRPtKGflJrBx9BmLsSwlU,Pritam,Haal-E-Dil,129074,118,08MA1gXMtK4u5dmsyJEURe
2ye2Wgw4gimLv2eAKyk1NB,Metallica,Six Feet Down Under,127884,40,6PZnDE9gWetRTjw3pHbodW
1Mxqyy3pSjf8kZZL4QVxS0,Frank Sinatra,Come Fly With Me (Mono Version),237833888,66174,2YNLQSEOtijlfgQQReP6hR
3xvaSlT4xsyk6lY1ESOspO,Disney,Disney Instrumentals: Frozen,169559782,106628,5WbRzo4G5AEPr7sdLWXR3y
3xvaSlT4xsyk6lY1ESOspO,Disney,Disney Instrumentals: Encanto,140094743,111663,569pcAdcz1HVyFbtsGvn8s
3xvaSlT4xsyk6lY1ESOspO,Disney,The Little Mermaid (Original Motion Picture Soundtrack/Deluxe Edition),74320052,26991,1b7rPu376c9APSVH2KKcdk
13y7CgLHjMVRMDqxdx0Xdo,Gucci Mane,Ferrari Boyz (Deluxe),73056533,14389,3NyOgmRtkGJWCa3MfTGH5L
3xvaSlT4xsyk6lY1ESOspO,Disney,Disney Instrumentals: Beauty and the Beast,72588040,45984,5bVOxaBUQwwCALacCh0pwO
3xvaSlT4xsyk6lY1ESOspO,Disney,Disney Instrumentals: The Lion King,58285884,38907,48VQD9V2eOBJMe3Ogm5Ox7
1mYsTxnqsietFxj1OgoGbG,A.R. Rahman,25 Years Of A.R.Rahman Playlist,49616410,47731,4MVNUWdet4WYQ0IvIngwhu
3xvaSlT4xsyk6lY1ESOspO,Disney,Disney Instrumentals: Moana,45042126,27537,42QXt4UWwwNI2BYiOlz1AV
3xvaSlT4xsyk6lY1ESOspO,Disney,A Whole New Sound,44590510,99476,4rKpyXuKGtcZvaHFIXgjLP
13y7CgLHjMVRMDqxdx0Xdo,Gucci Mane,C.N.O.T.E Vs Gucci: Collectors Edition,41633103,25193,4Xjosl7L9G7kVjhLqyAFJi
22bE4uQ6baNwSHPVcDxLCe,The Rolling Stones,Get Yer Ya-Ya's Out! (Remastered),26236143,7430,4suYsHGYvk6fnJPHiODljd
13y7CgLHjMVRMDqxdx0Xdo,Gucci Mane,Trap House (Explicit),25667397,9346,409XrSXXeeZ3eMLCARmWx8
3xvaSlT4xsyk6lY1ESOspO,Disney,Disney Peaceful Piano: Holiday,23748138,13652,4lI72R566Md6rfdPAOtRFJ
13y7CgLHjMVRMDqxdx0Xdo,Gucci Mane,Ice Attack,21998625,8214,7gU7MLSprokRItYGCZ8apx
1Mxqyy3pSjf8kZZL4QVxS0,Frank Sinatra,Young At Heart (Bonus Tracks),21645714,1193,5wVpzrZrTE5pKgAHdiRypl
13y7CgLHjMVRMDqxdx0Xdo,Gucci Mane,Trap-A-Thon,21285418,7151,5LT0R7G2mg4tYyzvOX3cTd
13y7CgLHjMVRMDqxdx0Xdo,Gucci Mane,Trap-A-Thon,21285418,7151,1IlEN252ZlVzy6HFdfcHCX
3xvaSlT4xsyk6lY1ESOspO,Disney,Disney Peaceful Piano: Tranquility,19129183,13367,1IcgiPVFTOe5B2ICMzNwuT
1mYsTxnqsietFxj1OgoGbG,A.R. Rahman,A R Rahman - Live In Dubai - Hindi,16150567,7270,4RCPz40GJcRx709pb8FWTe
1mYsTxnqsietFxj1OgoGbG,A.R. Rahman,Hum Se Hai Muqabala - Kadalan (Original Motion Picture Soundtrack),15049795,4633,3IpHQbDLRRqd9sZQncIMD9
1mYsTxnqsietFxj1OgoGbG,A.R. Rahman,Birthday Special A.R. Rahman Tamil Hits,14503133,12390,3jpGiDfoss6OFTy9Y6Y0LW
1mYsTxnqsietFxj1OgoGbG,A.R. Rahman,Hits of A.R.Rahman En Suvasam,8684970,5301,5BRIU5u1J0YeZd6YZZmVVH
1mYsTxnqsietFxj1OgoGbG,A.R. Rahman,Prashanth Special Hits,8598417,5276,0cpNlAV3IMP45ydk82Y4V2
1mYsTxnqsietFxj1OgoGbG,A.R. Rahman,1998 A. R. Rahman Hits Songs,8598417,5276,4R8e1nDJVG3jT5XufRCPtf
1mYsTxnqsietFxj1OgoGbG,A.R. Rahman,Jeans (Original Motion Picture Soundtrack),8598417,5276,7tJng3wvP3e4VXTadYCKYp
13y7CgLHjMVRMDqxdx0Xdo,Gucci Mane,Trapology (Deluxe Edition),8098194,6311,6KazwvJEJCWqaptht2Pvqf
13y7CgLHjMVRMDqxdx0Xdo,Gucci Mane,Mr. Perfect,7879404,2184,5d7uiW4Wo0zedFiP0mHL1E
13y7CgLHjMVRMDqxdx0Xdo,Gucci Mane,Young Thugga Mane La Flare,7117047,1677,56hYCG1iltKiEgSPOeRRYd
1mYsTxnqsietFxj1OgoGbG,A.R. Rahman,Elizabeth: The Golden Age,6311660,956,1brO5bHAeIgMjUXMtecdkj
1mYsTxnqsietFxj1OgoGbG,A.R. Rahman,The Lord Of The Rings (Original London Production),5728132,2338,6PpBGWOamHlsuI5diOtMBe
13y7CgLHjMVRMDqxdx0Xdo,Gucci Mane,Trapology,5688195,1000,6rSQXbq7EqOOtw1MGgmsgI
13y7CgLHjMVRMDqxdx0Xdo,Gucci Mane,Trap House 5: The Last Chapter,5685385,2566,0NtzpDJ0pRKjVYTscehkXE
13y7CgLHjMVRMDqxdx0Xdo,Gucci Mane,Dinner,5252282,733,5mQo6wcRBcCSVpnmoXsyuX
13y7CgLHjMVRMDqxdx0Xdo,Gucci Mane,Mr. Zone 6,4975736,2279,7eRarLvCJpqQivuGHKMzD3
1mYsTxnqsietFxj1OgoGbG,A.R. Rahman,The Hundred-Foot Journey (Original Motion Picture Soundtrack),4819951,1076,3VCFFFv1HDjim03d7FxX7g
13y7CgLHjMVRMDqxdx0Xdo,Gucci Mane,East Atlanta Santa,4607331,678,64a2qfReqX3X7yrnWQHPDF
1mYsTxnqsietFxj1OgoGbG,A.R. Rahman,A.R.Rahman's - Music Forever,4344426,4281,0kWtTE2xB7QgI6mY6Ojv6e
13y7CgLHjMVRMDqxdx0Xdo,Gucci Mane,Murder Was the Case,4292803,1651,02IqjUNqTYsXLwW77uBJef
13y7CgLHjMVRMDqxdx0Xdo,Gucci Mane,Felix Brothers,3962166,1481,685Z6j9nvoe4MZu6AcRGUW
43ZHCT0cAZBISjO8DG9PnE,Elvis Presley,Roustabout,3926255,1680,7wxRGT2I9DKlMUo62cLuoV
1mYsTxnqsietFxj1OgoGbG,A.R. Rahman,Birthday Special A.R. Rahman Telugu Hits,3690329,1715,68pv59EQ8Hf6BDfebTFOus
1mYsTxnqsietFxj1OgoGbG,A.R. Rahman,Rahman All Time Hits,3690329,1715,7wPoYPGuyAN6bvavLZ8y9E
43ZHCT0cAZBISjO8DG9PnE,Elvis Presley,Kissin' Cousins,3619575,1716,6pmtghRWm6C8EsD48dKmTi
1Mxqyy3pSjf8kZZL4QVxS0,Frank Sinatra,I Remember Tommy,3604726,1478,5OOrpjdbM13jrhqj7Zf822
13y7CgLHjMVRMDqxdx0Xdo,Gucci Mane,EA Sportscenter,3467847,4950,1T3iQRLcSlpw2tJARkynbV
13y7CgLHjMVRMDqxdx0Xdo,Gucci Mane,World War 3 (Gas),3356317,1080,1pAB4IAM0bZ66v6WPBE8LF
13y7CgLHjMVRMDqxdx0Xdo,Gucci Mane,Fillmoelanta 3,3136840,312,6imkFux6KnJKDaPjlZccT6
13y7CgLHjMVRMDqxdx0Xdo,Gucci Mane,Gucci vs. Guwop,3135616,1401,7tTXawBrkemPIFiZy9CjZz
1mYsTxnqsietFxj1OgoGbG,A.R. Rahman,Jodhaa Akbar (Telugu) [Original Motion Picture Soundtrack],3068532,2112,01zoWPIQr9jSrAPy7cnBi7
13y7CgLHjMVRMDqxdx0Xdo,Gucci Mane,The White Album,3013948,260,2YZi211JRRaWVEakwDpzXS
13y7CgLHjMVRMDqxdx0Xdo,Gucci Mane,Brick Squad Boyz,2997084,2508,6g0sACS28tXoKvrFXRN0vO
13y7CgLHjMVRMDqxdx0Xdo,Gucci Mane,458 Italia,2856999,590,0wg8kUsSTHvqqUIEYBYgvz
13y7CgLHjMVRMDqxdx0Xdo,Gucci Mane,Gucci Sosa,2505267,1986,3jLPyMVtg2H8wcJOa1BsaS
1Mxqyy3pSjf8kZZL4QVxS0,Frank Sinatra,The Voice of Frank Sinatra (feat. Orchestra Axel Stordahl) [1946 First Album Remastered],2191097,1075,5OuCiNujsYnygLhJBm6MTr
13y7CgLHjMVRMDqxdx0Xdo,Gucci Mane,Instrumentals,2098884,326,7l19dd5o1ZGDYMi0s29Ddn
13y7CgLHjMVRMDqxdx0Xdo,Gucci Mane,Fillmoelanta (Pt. 3; Country Politics),2077875,259,0eUa2y9DRY6AIbL3vgMc8m
13y7CgLHjMVRMDqxdx0Xdo,Gucci Mane,Birds of a Feather,1913891,368,1jHE6Cji9eK93CLHbqjy8i
13y7CgLHjMVRMDqxdx0Xdo,Gucci Mane,The Return of Mr. Perfect,1880377,602,5uQQdxU4NfmDWlApfzo64V
1mYsTxnqsietFxj1OgoGbG,A.R. Rahman,May Maadham (Original Motion Picture Soundtrack),1806534,3888,3MmaEuRsvajBpAMVV3dkEZ
1wRPtKGflJrBx9BmLsSwlU,Pritam,All The Best,1702270,1223,2anrMMWkbYCA14FKnzPKMm
1wRPtKGflJrBx9BmLsSwlU,Pritam,Raqeeb,1692928,1863,5u3k0aICsfHEkNvJ0ZZJRJ
13y7CgLHjMVRMDqxdx0Xdo,Gucci Mane,Jewelry Selection,1687431,757,2yCVCW8NAq8x0w31KeXrNK
1mYsTxnqsietFxj1OgoGbG,A.R. Rahman,Million Dollar Arm (Original Motion Picture Soundtrack),1674249,331,60nBYKeZ1MMH0oNdYiir0I
13y7CgLHjMVRMDqxdx0Xdo,Gucci Mane,Brick Squad Mafia,1641156,551,5PzIbe7tEMvIWiSRWWzUU2
13y7CgLHjMVRMDqxdx0Xdo,Gucci Mane,"Brick Squad is the Army, Better Yet the Navy",1612043,753,1FRLoVRMyL1YOHQrE3VI6P
1wRPtKGflJrBx9BmLsSwlU,Pritam,Ek Khiladi Ek Haseena,1584244,1113,0oA5dfpcXWS7pdnxTGOigO
1mYsTxnqsietFxj1OgoGbG,A.R. Rahman,Bombay Dreams (Original London Cast Recording),1583947,355,4JTEvRSZEzOREv6bcL00ch
13y7CgLHjMVRMDqxdx0Xdo,Gucci Mane,BAYTL,1568380,175,5pJ9BZuAXTr3bg5I6xyZu4
1wRPtKGflJrBx9BmLsSwlU,Pritam,Dhol,1551895,1373,72496ZbscraqmfkMvQ8POT
1mYsTxnqsietFxj1OgoGbG,A.R. Rahman,Bose the Forgotten Hero (Original Motion Picture Soundtrack),1544667,617,7LPfzBH8HWksPYwEQ8XAGI
3xvaSlT4xsyk6lY1ESOspO,Disney,Pinocchio (Original Soundtrack),1383989,983,6SUPM4fZiV55quCRQKOtYL
1mYsTxnqsietFxj1OgoGbG,A.R. Rahman,Humse Hai Muqabala (Original Motion Picture Soundtrack),1358462,1574,5KUNZtvhRhl1tdreOokE9B
1wRPtKGflJrBx9BmLsSwlU,Pritam,Always Kabhi Kabhi,1342609,801,1No3mZGQxQBiUULJ4W2AZN
1wRPtKGflJrBx9BmLsSwlU,Pritam,Ankahee,1330022,1938,7t7uWyDwqaBy2sbtPI0UeJ
13y7CgLHjMVRMDqxdx0Xdo,Gucci Mane,Brick Factory 3,1279361,75,53WKfXspBZIZSGqjmUTIEY
1Mxqyy3pSjf8kZZL4QVxS0,Frank Sinatra,Frank Sinatra Conducts Tone Poems Of Color (Remastered),1232352,645,5hIh9dtYekwchUA8tOgySP
13y7CgLHjMVRMDqxdx0Xdo,Gucci Mane,"Money, Pounds, Ammunition",1130793,184,2GS68VFCtyKJ16FqdVJ4Av
1mYsTxnqsietFxj1OgoGbG,A.R. Rahman,Mom,1078586,1281,6rN8gFUuvMkw9yyKInqyOx
1mYsTxnqsietFxj1OgoGbG,A.R. Rahman,The Legend Of Bhagat Singh (Original Motion Picture Soundtrack),1073740,489,2hjjQExD4P8a9woX7zPNHZ
1mYsTxnqsietFxj1OgoGbG,A.R. Rahman,Music Drops of A.R.Rahman,1047640,754,7xa8j3c1Th53niypFsGsIi
13y7CgLHjMVRMDqxdx0Xdo,Gucci Mane,Atlanta Gave Me Vision,1037364,210,3Pp2KyssDWDV5SM4tdlZwF
13y7CgLHjMVRMDqxdx0Xdo,Gucci Mane,King of Diamonds,982121,286,2SoL5y3tvENIe6jpwVfRO1
1wRPtKGflJrBx9BmLsSwlU,Pritam,Aashayein,920690,1040,6qv8kfmM6fC13k9EAZxy7I
13y7CgLHjMVRMDqxdx0Xdo,Gucci Mane,Before Beef,919746,399,66Qoql5tphQmXnkZRFUUma
13y7CgLHjMVRMDqxdx0Xdo,Gucci Mane,Definition of a G,885476,1181,02DOiKqgCi95wiMzFNoo8t
13y7CgLHjMVRMDqxdx0Xdo,Gucci Mane,Str8 Drop Presents Gucci Mane La Flare,844461,135,42gP0iT0YZf3ahlAnQJfOC
1mYsTxnqsietFxj1OgoGbG,A.R. Rahman,The Master Collection,830776,834,2rICKnFju9YmJwOtkFCjss
13y7CgLHjMVRMDqxdx0Xdo,Gucci Mane,From Zone 6 to Duval,816779,355,7tBV4wKHSfRpIUJ3zkAJad
1mYsTxnqsietFxj1OgoGbG,A.R. Rahman,Uyire Instrumental (Original Motion Picture Soundtrack),813685,569,0k86Kvn1tWnPdBucZEfRhW
13y7CgLHjMVRMDqxdx0Xdo,Gucci Mane,Gucci Da Don,802421,108,5LgcjOrDhwIyd6DtZ6mS7l
1mYsTxnqsietFxj1OgoGbG,A.R. Rahman,Desam,774877,785,1T0h8a04zxOiIp9bpFQLlr
1wRPtKGflJrBx9BmLsSwlU,Pritam,Life Partner,738350,377,7LQ8Nu0LhRC4M8HZU7pA0D
1mYsTxnqsietFxj1OgoGbG,A.R. Rahman,Premaalayam (Original Motion Picture Soundtrack),649693,425,3RI89AzBkDYBubQBGmWE0B
1mYsTxnqsietFxj1OgoGbG,A.R. Rahman,Raunaq,591762,298,2wHREyXh7vcGze8Ghl8DPh
13y7CgLHjMVRMDqxdx0Xdo,Gucci Mane,I am Trap,591678,120,18BsxAgvEa8OchNUvg35S8
1wRPtKGflJrBx9BmLsSwlU,Pritam,Fight Club,589033,523,5aLOqd4IrOPcE6NmP86ZXh
13y7CgLHjMVRMDqxdx0Xdo,Gucci Mane,Brick Squad Mafia 3,579504,503,1OiqplBwOPEBPUlGsLiA57
1mYsTxnqsietFxj1OgoGbG,A.R. Rahman,Harmony with A.R. Rahman,537600,399,2bn3hJb93sybWkTYnSJGrT
13y7CgLHjMVRMDqxdx0Xdo,Gucci Mane,Bird Flu,488928,486,4jiLWsu4qy2tNjqesXB126
13y7CgLHjMVRMDqxdx0Xdo,Gucci Mane,"Mr. Clean, the Middle Man",472353,137,3p95c7NMeUCRFmPjtgwvJq
13y7CgLHjMVRMDqxdx0Xdo,Gucci Mane,Bird Flu 2,460411,285,5GzK3xjzY1s8QaDMkYIgQr
1mYsTxnqsietFxj1OgoGbG,A.R. Rahman,Sivaji The Boss,441898,1446,6fKRRQr05gZTiodO6YoLWZ
13y7CgLHjMVRMDqxdx0Xdo,Gucci Mane,Trap House (Chopped & Screwed),429572,95,1VLO0YZdrPVDatpzYCKEAK
1mYsTxnqsietFxj1OgoGbG,A.R. Rahman,The Flying Lotus,380131,104,1FXEThpTUjegsaxGqpKKGA
1wRPtKGflJrBx9BmLsSwlU,Pritam,Toh Baat Pakki! (Original Motion Picture Soundtrack),357101,115,6gzgQXnYS1YkHH8rDOZf2F
13y7CgLHjMVRMDqxdx0Xdo,Gucci Mane,Exclusive,356169,154,5Yyh0KypHWaBSYXvVBQznD
1mYsTxnqsietFxj1OgoGbG,A.R. Rahman,Ada - A Way Of Life,316465,725,6cRQxAiA06NgYECbuSVuOe
1wRPtKGflJrBx9BmLsSwlU,Pritam,Kucch Luv Jaisaa,305499,643,6VciIRDy96xA44AqkVBz81
1wRPtKGflJrBx9BmLsSwlU,Pritam,Race Tamil (Original Motion Picture Soundtrack),251276,233,3CgD8UCvyCAQYq6zbhKe6m
1wRPtKGflJrBx9BmLsSwlU,Pritam,Bas Ek Pal (Original Motion Picture Soundtrack),243448,164,4G3queIFPEE6oca32RkHdT
1mYsTxnqsietFxj1OgoGbG,A.R. Rahman,50-50 (Original Motion Picture Soundtrack),231577,173,2gig0rLYAwnQQVAGzpThrt
13y7CgLHjMVRMDqxdx0Xdo,Gucci Mane,Buy My Album,212141,86,352wVsxQD1kB7WJtttsNi9
1mYsTxnqsietFxj1OgoGbG,A.R. Rahman,Beyond The Clouds,204824,135,407E0npGz085kKFAiKvEtz
1mYsTxnqsietFxj1OgoGbG,A.R. Rahman,Gangmaster (Original Motion Picture Soundtrack),189647,684,2F9xEjS85QETvlzDIh7CRR
1wRPtKGflJrBx9BmLsSwlU,Pritam,De Dana Dan (Original Motion Picture Soundtrack),187589,164,1ntxc2fLSmC8ZuuxyFDONG
1mYsTxnqsietFxj1OgoGbG,A.R. Rahman,1947: Earth,185279,175,0oq0AombofB0CYEvpUsIdH
1mYsTxnqsietFxj1OgoGbG,A.R. Rahman,Gurukanth,150477,146,0kvpAUVtr9GsGYT11OLGVu
1mYsTxnqsietFxj1OgoGbG,A.R. Rahman,A. R. Rahman Best BGM Compilation,140413,355,5iShdExLEWnGWf4JxF1O34
1mYsTxnqsietFxj1OgoGbG,A.R. Rahman,Manitha Manitha (Original Motion Picture Soundtrack),125550,129,4EHjLVh8VF0l3WtxDLwZDP
1mYsTxnqsietFxj1OgoGbG,A.R. Rahman,Ratchakan,115436,206,0CSrVRvvBlaRPRGZxTqJ1u
1mYsTxnqsietFxj1OgoGbG,A.R. Rahman,Doli Saja Ke Rakhna,111471,132,2pxH6q1Vc7L4iXh8UtwCYg
1mYsTxnqsietFxj1OgoGbG,A.R. Rahman,Ottam (Original Motion Picture Soundtrack),107824,67,2O02t1W40XBCCnpml9rQWF
1mYsTxnqsietFxj1OgoGbG,A.R. Rahman,Daud (Original Motion Picture Soundtrack),107824,67,3kSlPXyVJTzxDM5J7ywvGc
1mYsTxnqsietFxj1OgoGbG,A.R. Rahman,Kabhi Na Kabhi,107279,45,4rK3bxZ8AHllG6RFF61tAv
1Xyo4u8uXC1ZmMpatF05PJ,The Weeknd,The Highlights (Deluxe),45465391931,21339131,18sR8zHx4zsVJUI4bHWuPC
1dfeR4HaWDbWqFHLkxsg1d,Queen,The Platinum Collection (2011 Remaster),19666546310,7274790,3z8h0TU7ReDPLIbEnYhWZb
246dkjvS1zLTtiykXe5h60,Post Malone,The Diamond Collection,19087793874,4825151,6i6folBtxKV28WX3msQ4FE
1dfeR4HaWDbWqFHLkxsg1d,Queen,Absolute Greatest,17391045502,6652379,6i6folBtxKV28WX3msQ4FE
1uNFoZAHBGtllmzznpCI3s,Justin Bieber,The Best,17204928526,8850916,6i6folBtxKV28WX3msQ4FE
1dfeR4HaWDbWqFHLkxsg1d,Queen,Queen Jewels,16036752980,6056783,1GbtB4zTqAsyfZEsm1RZfx
04gDigrS5kc9YWfZHwBETP,Maroon 5,Singles,15819525854,8558084,1GbtB4zTqAsyfZEsm1RZfx
7dGJo4pcD2V6oG8kP0tJRR,Eminem,Curtain Call: The Hits,14973940012,6559741,6i6folBtxKV28WX3msQ4FE
0L8ExT028jH3ddEcZwqJJ5,Red Hot Chili Peppers,The Studio Album Collection 1991 - 2011,14079829642,6748114,3z8h0TU7ReDPLIbEnYhWZb
1dfeR4HaWDbWqFHLkxsg1d,Queen,Greatest Hits (Remastered),13943636590,5070000,6i6folBtxKV28WX3msQ4FE
1dfeR4HaWDbWqFHLkxsg1d,Queen,Greatest Hits - We Will Rock You Edition,13801776917,5030936,6i6folBtxKV28WX3msQ4FE
6VuMaDnrHyPL1p4EHjYLi7,Charlie Puth,Best of Charlie Puth,11422363447,3688706,6i6folBtxKV28WX3msQ4FE
1dfeR4HaWDbWqFHLkxsg1d,Queen,Queen 40 Limited Edition Collector's Box Set Vol. 2,11078163338,4270660,3z8h0TU7ReDPLIbEnYhWZb
6qqNVTkY8uBg9cP3Jd7DAH,Billie Eilish,dont smile at me (Expanded Edition),10906873040,4591143,6i6folBtxKV28WX3msQ4FE
04gDigrS5kc9YWfZHwBETP,Maroon 5,Red Pill Blues + (Deluxe),10116598639,3422703,6i6folBtxKV28WX3msQ4FE
1dfeR4HaWDbWqFHLkxsg1d,Queen,Stone Cold Classics,9611773901,3533123,6i6folBtxKV28WX3msQ4FE
00FQb4jTyendYWaN8pK0wa,Lana Del Rey,Born To Die � Paradise Edition (Special Version),9240064349,5105661,6i6folBtxKV28WX3msQ4FE
1dfeR4HaWDbWqFHLkxsg1d,Queen,The A-Z of Queen Vol. 1,9216453723,3512258,3z8h0TU7ReDPLIbEnYhWZb
00FQb4jTyendYWaN8pK0wa,Lana Del Rey,Born To Die � The Paradise Edition (Bonus Version),9198881226,5077266,6i6folBtxKV28WX3msQ4FE
06HL4z0CvFAxyc27GXpf02,Taylor Swift,1989 (Deluxe),8994949544,2652497,6i6folBtxKV28WX3msQ4FE
3IYUhFvPQItj6xySrBmZkd,Creedence Clearwater Revival,The Ultimate Collection (Australian Exclusive),8723256637,3663799,3z8h0TU7ReDPLIbEnYhWZb
1dfeR4HaWDbWqFHLkxsg1d,Queen,Greatest Hits In Japan,8660071625,3291871,6i6folBtxKV28WX3msQ4FE
2wY79sveU1sp5g7SokKOiI,Sam Smith,In The Lonely Hour (Japanese Edition),8572813186,2726217,6i6folBtxKV28WX3msQ4FE
246dkjvS1zLTtiykXe5h60,Post Malone,Stoney,8502351612,1618966,6i6folBtxKV28WX3msQ4FE
0LcJLqbBmaGUft1e9Mm8HV,ABBA,Abba - The Definitive Collection (Deluxe Sound & Vision) - NTSC,8496468728,5139940,3z8h0TU7ReDPLIbEnYhWZb
3IYUhFvPQItj6xySrBmZkd,Creedence Clearwater Revival,Creedence Clearwater Revival - Best Of (Deluxe),8440889197,3525204,6i6folBtxKV28WX3msQ4FE
3IYUhFvPQItj6xySrBmZkd,Creedence Clearwater Revival,Creedence Clearwater Revival - Best Of,8382746110,3512704,6i6folBtxKV28WX3msQ4FE
2wY79sveU1sp5g7SokKOiI,Sam Smith,In The Lonely Hour (Deluxe),8377241043,2709168,6i6folBtxKV28WX3msQ4FE
7dGJo4pcD2V6oG8kP0tJRR,Eminem,The Eminem Show (Edited Version),8151367265,3682161,6i6folBtxKV28WX3msQ4FE
1HY2Jd0NmPuamShAr6KMms,Lady Gaga,The Fame Monster (France Virgin Version),8038948955,5727452,6i6folBtxKV28WX3msQ4FE
1HY2Jd0NmPuamShAr6KMms,Lady Gaga,The Fame Monster (France FNAC Version),8038861974,5727401,6i6folBtxKV28WX3msQ4FE
1HY2Jd0NmPuamShAr6KMms,Lady Gaga,The Fame Monster (UK Deluxe),8037856081,5726823,6i6folBtxKV28WX3msQ4FE
00FQb4jTyendYWaN8pK0wa,Lana Del Rey,Born To Die (Deluxe Version),7959933976,4544453,6i6folBtxKV28WX3msQ4FE
3fMbdgg4jU18AjLCKBhRSm,Michael Jackson,King Of Pop,7806298824,4198044,6i6folBtxKV28WX3msQ4FE
58lV9VcRSjABbAbfWS6skp,Bon Jovi,All Time Best 1984-2024,7744879870,3817917,3z8h0TU7ReDPLIbEnYhWZb
0LcJLqbBmaGUft1e9Mm8HV,ABBA,ABBA Gold,7703783165,4743895,6i6folBtxKV28WX3msQ4FE
3IYUhFvPQItj6xySrBmZkd,Creedence Clearwater Revival,Summer Classics,7588774107,3157269,6i6folBtxKV28WX3msQ4FE
66CXWjxzNUsdJxJ2JdwvnR,Ariana Grande,My Everything,7453501545,3234175,6i6folBtxKV28WX3msQ4FE
66CXWjxzNUsdJxJ2JdwvnR,Ariana Grande,My Everything (Italian Edition),7450653401,3223031,6i6folBtxKV28WX3msQ4FE
3PhoLpVuITZKcymswpck5b,Elton John,Rocket Man,7429770408,3462208,6i6folBtxKV28WX3msQ4FE
0du5cEVh5yTK9QJze8zA0C,Bruno Mars,Unorthodox Jukebox (Deluxe Edition),7396107099,3968783,6i6folBtxKV28WX3msQ4FE
1dfeR4HaWDbWqFHLkxsg1d,Queen,Queen 40 Limited Edition Collector's Box Set,6978572093,2386358,3z8h0TU7ReDPLIbEnYhWZb
04gDigrS5kc9YWfZHwBETP,Maroon 5,V (Extended Edition),6607195848,2607809,6i6folBtxKV28WX3msQ4FE
43ZHCT0cAZBISjO8DG9PnE,Elvis Presley,Elvis: Hound Dog & Other Hits,6590266844,2726370,6i6folBtxKV28WX3msQ4FE
2nszmSgqreHSdJA3zWPyrW,Luis Miguel,Grandes �xitos,6575260348,2872062,6i6folBtxKV28WX3msQ4FE
6eUKZXaKkcviH0Ku9w2n3V,Ed Sheeran,Ed Sheeran,6572258378,2324601,6i6folBtx
60d24wfXkVzDSfLS6hyCjZ,Martin Garrix,The Martin Garrix Experience,6532765057,1173700,3UwcZ5menPSCTvdxyYgxZj
7jy3rLJdDQY21OgRLCZ9sD,Foo Fighters,The Essential Foo Fighters,6481233850,2585844,2R7sAYjN889jJf8v5a9br0
43ZHCT0cAZBISjO8DG9PnE,Elvis Presley,Suspicious Minds: 60 Greatest Hits of Elvis Presley,6476189415,2681093,2vo80wUctBvokhgF2vTQGV
1Xylc3o4UrD53lo9CvFvVg,Zara Larsson,So Good (Japan Special Edition),6465417731,1772119,5peIUWUKu5LOriwIsMMiiF
08GQAI4eElDnROBrJRGE0X,Fleetwood Mac,Rumours (Deluxe Edition),6430309085,3733141,3nuRoTy7gi52Z4C0negdw1
5pKCCKE2ajJHZ9KAiaK11H,Rihanna,Good Girl Gone Bad (Deluxe),6416478960,4815167,6JvLqvdgk4arICbmD6hw3J
06HL4z0CvFAxyc27GXpf02,Taylor Swift,The More Lover Chapter,6381480854,3043306,2KLFL8R9r2ubCQxbBxgLT7
6XyY86QOPPrYVGvF9ch6wz,Linkin Park,Hybrid Theory,6172401859,3764084,2pKw6GERJVAD61449B1EEM
4GNC7GD6oZMSxPGyXy4MNB,Lewis Capaldi,Cry Yourself To Sleep,6170656524,1793767,0FYrixsd64aboIfRfkAdhS
1zNqDE7qDGCsyzJwohVaoX,Anne-Marie,Best of Anne-Marie Japan,6138683206,1552486,1m6RvVHJf8gKZYTgXwhbWu
6eUKZXaKkcviH0Ku9w2n3V,Ed Sheeran,names in lights at stadium heights,6112275025,2179875,5A2hjk2MoqkDqGYsAfUiAz
6FBDaR13swtiWwGhX1WQsP,blink-182,Enema Of The State / Take Off Your Pants And Jacket / Blink-182,6111758816,2698931,54f3fbCXygBH3eBx51FU6I
2nszmSgqreHSdJA3zWPyrW,Luis Miguel,Grandes Exitos - US CD version,5975958397,2603651,2RTzSYUsrbecOYJQbElNc9
5y2Xq6xcjJb2jVM54GHK3t,John Legend,DARKNESS AND LIGHT (Asia Tour Edition),4963221210,1697172,7Hl5ogyLmL1HOrzVHcRoeu
4gzpq5DPGxSnKTe4SA8HAU,Coldplay,A Head Full of Dreams Tour Edition,4956848092,2421407,5IDGBfcVjwMoGPKOsfyXLN
60d24wfXkVzDSfLS6hyCjZ,Martin Garrix,The Martin Garrix Collection: Deluxe Edition,4899769461,882323,7vIOE8o4zpO0iClOQrMHnw
1uNFoZAHBGtllmzznpCI3s,Justin Bieber,My Worlds - The Collection (Oz Package),4871082583,3088827,6fcqnrExRlEtFuA5U2ZSHE
2ye2Wgw4gimLv2eAKyk1NB,Metallica,Metallica,4747198031,2445108,2Kh43m04B1UkVcpcRa1Zug
5K4W6rqBFWDnAN6FQUkS6x,Kanye West,My Beautiful Dark Twisted Fantasy (Edited Version),4730816304,2206547,555YaDGJyzG0QkdImBtPFD
163tK9Wjr9P9DmM0AVK7lm,Lorde,Pure Heroine (Extended),4652479458,1762424,6rnzvZhe3PA57xKcKLRtJ6
4VMYDCV2IEDYJArk749S6m,Daddy Yankee,VERANO GASOLINA 2024,4632407364,2646506,01Hc0cr0uYOiOlPURbS1PU
43ZHCT0cAZBISjO8DG9PnE,Elvis Presley,The King of Rock 'n' Roll: The Complete 50's Masters,4604663476,1274218,7xTRLTNmw8geW9MXaDfyqI
4npEfmQ6YuiwW1GpUmaq3F,Ava Max,A Sweet but Psycho Halloween,4598679641,1291338,1SgQFgwjMyZG0B00SurN0T
23fqKkggKUBHNkbKtXEls4,Kygo,Cloud Nine (Japan Version),4559199547,1127318,4yVS2215G17dOUpqhwHJrV
5WUlDfRSoLAfcVSX1WnrxN,Sia,This Is Acting (Japan Version),4555543557,1553990,1LXuNzUBiplkspms44plOZ
1dfeR4HaWDbWqFHLkxsg1d,Queen,Queen 40 Limited Edition Collector's Box Set Vol. 3,4555165587,1618562,4uuyUxFLxkU05tyu4VnA52
7vk5e3vY1uw9plTHJAMwjN,Alan Walker,Live Fast (Japan Exclusive),4448774445,1458132,1CLDNcfuwhl9KUrervfOQu
5pKCCKE2ajJHZ9KAiaK11H,Rihanna,Don't Stop The Music 5 Track EP (Germany Version),4441813220,2840210,4o0IFGXENwsb4ZCYUdOQnU
00FQb4jTyendYWaN8pK0wa,Lana Del Rey,Ultraviolence,4413047383,3472287,0LSYGjqzhWlvje8yFV0fAE
5C4PDR4LnhZTbVnKWXuDKD,Morat,De Fiesta Con Morat,4373931481,2376269,5gDHVGwhOjv4UnhpXAJU9e
1uNFoZAHBGtllmzznpCI3s,Justin Bieber,My Worlds (Oz Version),4346570716,2750218,0LFbHl14nV9InXzoj9qV33
2qxJFvFYMEDqd7ui6kSAcq,Zedd,Stay +,4333649389,1102878,5auUsyFbwRARoWkOFopQ12
6vWDO969PvNqNYHIOW5v0m,BeyoncÃ©,I AM...SASHA FIERCE NEW DELUXE EDITION,4310669464,2063260,70yxovzjmYSDRLHlTJHiBH
2FXC3k01G6Gw61bmprjgqS,Hozier,Take Me to Church EP,4305928886,2013819,4vPuWtVR7VLGRcdKWVwHBY
5lwmRuXgjX8xIwlnauTZIP,Romeo Santos,"F�rmula, Vol. 2",4302423474,2615885,5OO6azDhasEVJVj92uXpVF
6tbjWDEIzxoDsBA1FuhfPW,Madonna,Celebration (Bonus Track Version),4261127688,2453934,4GU7z3q6fg90MWrkTacYYG
7vk5e3vY1uw9plTHJAMwjN,Alan Walker,Faded Japan - EP,4237179862,1238200,2BNChlvHX8HozNvFuG2dg0
6XyY86QOPPrYVGvF9ch6wz,Linkin Park,Evolution Of Mike Shinoda,4228304598,2760900,0CPTcgnt3VIejOtwDPhaQ0
6tbjWDEIzxoDsBA1FuhfPW,Madonna,Celebration (Belgium),4223991855,2447860,4K5ULRhoCpRgxrBFIJEu8N
5Pwc4xIPtQLFEnJriah9YJ,OneRepublic,Native (Deluxe),4197507637,1946531,0G0vIGvVlJ3MtXunjqrbMY
0k17h0D3J5VfsdmQ1iZtE9,Pink Floyd,The Best Of Pink Floyd: A Foot In The Door (2011 Remastered Version),4186765501,2424073,2hhnkKQp2zvG4UAvpasq4h
5C4PDR4LnhZTbVnKWXuDKD,Morat,29 De Febrero,4172901185,2183875,6gSx4bHM5IKggfBf53EVZL
1yR65psqiazQpeM79CcGh8,MarÃ­lia MendonÃ§a,Mar�lia Mendon�a: As Melhores 2023,4162005210,1214836,5Rq6pUZEcAMJjJ77LTT1oc
7MiDcPa6UiV3In7lIM71IN,Gusttavo Lima,Gusttavo Lima Top �xitos Sertanejo,4098558809,1093766,0mKHkUSX24MXalvTeBdtwm
1dfeR4HaWDbWqFHLkxsg1d,Queen,Queen Forever (Deluxe Edition),4089905740,1445669,2nTP7Q6V06ATrZ2A4vUWo1
1Cs0zKBU1kc0i8ypK3B9ai,David Guetta,Best Night of Your Life,4036708945,1841871,3otXcI1sFgHLjoDLhMCvlT
0k17h0D3J5VfsdmQ1iZtE9,Pink Floyd,Echoes - The Best Of Pink Floyd,4018211345,2379343,3WXkq52PZAPhUIEuHiMobR
1KCSPY1glIKqW2TotWuXOR,P!nk,P!nk Greatest Hits...So Far 2019!,3998297450,1758026,3YFtNjoYV86FKUTL14DC3I
0k17h0D3J5VfsdmQ1iZtE9,Pink Floyd,A Foot in the Door: The Best of Pink Floyd,3818097247,2195885,7miAeDXktRL6xl6Iy0ofKe
0du5cEVh5yTK9QJze8zA0C,Bruno Mars,Bruno Mars 2024 Tour Favorites Indonesia,31024696535,16643339,2tM7EiVqn8PXN2tiS3M4CH
1Xyo4u8uXC1ZmMpatF05PJ,The Weeknd,The Weeknd In Japan,17198018597,6319606,6CQGM0a215P8vCC034ULvG
6M2wZ9GZgrQXHCFfjv46we,Dua Lipa,Radical Optimism Tour - Nederland,15435999399,7270616,0NH1ywrMfeXftsJJYCkITP
6M2wZ9GZgrQXHCFfjv46we,Dua Lipa,Radical Optimism Tour - UK,15133216836,7457173,1hvFsYB9UPrMZa02AJwi7M
1Cs0zKBU1kc0i8ypK3B9ai,David Guetta,New Year's Eve Party,15129884484,7441903,1mVhoUgRnd3yBhv7xdEVGR
6M2wZ9GZgrQXHCFfjv46we,Dua Lipa,Dua Lipa Radical Optimism Tour - ??,15065851139,7490453,0dyoIh8zBT7s5P4TQcUqTR
6M2wZ9GZgrQXHCFfjv46we,Dua Lipa,Radical Optimism Tour - USA,14815898724,7428160,16QQcHAqUA75IOtX7x0i9A
6M2wZ9GZgrQXHCFfjv46we,Dua Lipa,Radical Optimism Tour - Australia,14364568618,7464233,1SLJZpJVSCQ8NolqindbbC
6VuMaDnrHyPL1p4EHjYLi7,Charlie Puth,Best of Charlie Puth (Tokyo),11596456384,3536945,0XgSMe8sVg19zPqtdQDw34
5Pwc4xIPtQLFEnJriah9YJ,OneRepublic,OneRepublic (Japan Paradise Tour Edition),11339694922,5232974,33inEak0hNKMDePhjGxE61
7n2wHs1TKAczGzO7Dd2rGr,Shawn Mendes,The Shawn Mendes Foundation Playlist,11016717915,3602506,4xucd2LpKXynDMcCQ1Z6qE
3PhoLpVuITZKcymswpck5b,Elton John,Never Too Late: Soundtrack To The Disney+ Documentary,10071020667,4656383,65Kkix4JjcAFxgEkWKbewC
1vCWHaC5f2uS3yhpwWbIA6,Avicii,Live A Life You Will Remember,9045216043,3928720,5QtIXQC5tzCLHiq5Rd6geV
6eUKZXaKkcviH0Ku9w2n3V,Ed Sheeran,kiss me under the light of a thousand stars,8042387379,2879843,5uwmamGSJ3ayFsFflf8Wp5
6eUKZXaKkcviH0Ku9w2n3V,Ed Sheeran,songs I wrote that almost didn't make it,7782554796,2715398,6VuZIPDz8dyFaHlH7HhIWr
23fqKkggKUBHNkbKtXEls4,Kygo,KYGO HITS COLLECTION 2018 - JAPAN ONLY EDITION,7566198015,1819880,7gIr6zk4xjZZ2UA3Tq0UVr
2wY79sveU1sp5g7SokKOiI,Sam Smith,HEARTBREAK,7125565961,1960459,3QpL8poTNanRZzHnLvXcL6
1uNFoZAHBGtllmzznpCI3s,Justin Bieber,Playlist for Gamers,6976036452,2767966,6cTviEtXaSgLXGCzaWpNQm
04gDigrS5kc9YWfZHwBETP,Maroon 5,Will Be Loved EP,6637628181,3369466,1OkZBoXE6opFOYPFUwDZor
04gDigrS5kc9YWfZHwBETP,Maroon 5,V Japan Special Edition,6601507120,2607503,1O9WSLw5TKAGqpu71k7qvX
6LuN9FCkKOj5PcnpouEgny,Khalid,American Teen (Japan Version),6530325810,1346524,6uggdBbrhk95wmmaHRNqTY
4IWBUUAFIplrNtaOHcJPRM,James Arthur,Back from the Edge (Japan Deluxe Edition),6416411729,2837207,1Fq7k5OdcKhD3yDr8YULUw
5cj0lLjcoR7YOSnhnX0Po5,Doja Cat,Hot Pink (Japan Version),5961097593,2235259,3xcNRROgwXUvhR9NVrvAR4
58lV9VcRSjABbAbfWS6skp,Bon Jovi,Cross Road (Sound & Vision) [2CD/DVD Sound & Vision],5949191089,2915811,5uduy563XjmdkLryIna87r
1Cs0zKBU1kc0i8ypK3B9ai,David Guetta,Memories of Summer,5929005929,3247667,0Z31iWcBOvs1pn4r69Clqu
05fG473iIaoy82BF1aGhL8,Slipknot,The Studio Album Collection (1999 - 2008),5922920896,3649049,3cuYU41mdXE3oapg7FK61o
07YUOmWljBTXwIseAUd9TW,Sebastian Yatra,�xitos de Yatra,5913616563,2617099,7K7tRCb1rlknOjPZF7txg5
07YZf4WDAMNwqr4jfgOZ8y,Jason Derulo,Platinum Hits,5777799716,1996796,6tZtlwq64Xpnb2fdoGFCTx
3q7HBObVc0L8jNeTe5Gofh,50 Cent,Get Rich Or Die Tryin,5556088272,2962722,0OfzVAXf5aVP4W4NIOLTKj
43ZHCT0cAZBISjO8DG9PnE,Elvis Presley,Jailhouse Rock: 50 Greatest Hits of Elvis Presley,5477847699,2210760,75Nf5A3DUkQYwTCw6BH1vE
6FBDaR13swtiWwGhX1WQsP,blink-182,Blink 182 (Sound and Vision Q4 2007) [International Version],5454906771,2417936,2WTW5TMd6cwnBcWoqVpEuJ
1Cs0zKBU1kc0i8ypK3B9ai,David Guetta,Nothing but the Beat Ultimate,5377923769,2885908,4bTjdxhRRUiWfwj200f9Kl
5WUlDfRSoLAfcVSX1WnrxN,Sia,This Is Acting,5371498487,1925985,77jAfTh3KH9K2reMOmTgOh
4iHNK0tOyZPYnBU7nGAgpQ,Mariah Carey,Mariah Carey Japan Best,5310279160,1683194,3UVEw3XU1q9bvizN1cY25o
2hlmm7s2ICUX0LVIhVFlZQ,Gunna,Gunna: A Gift & A Curse Setlist,5227181712,2589658,7qepnc4eD7Jd81z3o91jAT
0oSGxfWSnnOXhD2fKuz2Gy,David Bowie,Nothing Has Changed,5016328798,1764414,3FwQCM9ZW0ogmmpNGwTAEE
7MiDcPa6UiV3In7lIM71IN,Gusttavo Lima,Gusttavo Lima 2024 - Lan�amentos,5004622607,1106106,5nKRRwcIQJgMW4RbLcoXMq
7MiDcPa6UiV3In7lIM71IN,Gusttavo Lima,Gusttavo Lima 2024 - As Mais Tocadas,5001864132,1105853,2UqSHSEv02qeGwg0e64pi8
7MiDcPa6UiV3In7lIM71IN,Gusttavo Lima,Gusttavo Lima 2024 - As Melhores,4990440335,1104916,7KHsrCLXNSw4gSbewyh8l8
1ZwdS5xdxEREPySFridCfh,2Pac,"The 10th Anniversary Collection: The Sex, the Soul & the Street",4971391534,2570906,2B55A6eYzOSt1AzImsFqLe
3p7PcrEHaaKLJnPUGOtRlT,Henrique & Juliano,As Antigas - Henrique e Juliano,4888671476,3115659,6Y7zHUjrg2eqF7BlCVxgxp
63yrD80RY3RNEM2YDpUpO8,Melanie Martinez,Melanie Martinez,4125256505,1477860,63yrD80RY3RNEM2YDpUpO8
5Pwc4xIPtQLFEnJriah9YJ,OneRepublic,Native (Standard),4122464775,1934324,6PzrFytpiNH6aeJBGbK25G
6JL8zeS1NmiOftqZTRgdTz,Meghan Trainor,Title,4070580648,1141127,64xzmGX1FWXy4Co4wZp7A7
1vyhD5VmyZ7KMfW5gqLgo5,J Balvin,Summer Love,3993698252,2458174,1MBM7CyZbwJpVbbZJnHHRg
1vyhD5VmyZ7KMfW5gqLgo5,J Balvin,Summer Vacation,3961161593,1614445,3Nm8bci1wAtWOuLbQVaTid
43ZHCT0cAZBISjO8DG9PnE,Elvis Presley,Can't Help Falling In Love: The Greatest Love Songs of Elvis Presley,3957730934,1801743,5Lw5Jydp8yaWsKS0yXkZFs
1dfeR4HaWDbWqFHLkxsg1d,Queen,A Night At The Opera (2011 Remaster),3953887649,1343277,1GbtB4zTqAsyfZEsm1RZfx
3t5xRXzsuZmMDkQzgOX35S,Robin Schulz,New Year's Eve on Repeat Setlist,3935476122,1154037,4ojD5SBonhK7NbmVxVaXFA
7MiDcPa6UiV3In7lIM71IN,Gusttavo Lima,Buteco Despedida do Gusttavo Lima,3932818472,1276462,1OIieNtTuAHJ4IJPKhGsAS
7MiDcPa6UiV3In7lIM71IN,Gusttavo Lima,Buteco do Gusttavo Lima - Turn� de Despedida,3921575979,1169808,6U5rDX6BIzBLHCLQeSSYkT
7MiDcPa6UiV3In7lIM71IN,Gusttavo Lima,Despedida Buteco do Gusttavo Lima,3905591143,1320737,1ITPAZpSTYDvPbngtkyTMD
3Nrfpe0tUJi4K4DXYWgMUX,BTS,The Best Of BTS (Korea Edition),3863599340,1328545,6IzIrnssfyQVtYZ9RDJfkh
5eAWCfyUhZtHHtBdNk56l1,System Of A Down,Toxicity (Alben f�r die Ewigkeit),3844316363,2620626,5eCxxOlWPFVH7KnMyZZutw
3AA28KZvwAUcZuOKwyblJQ,Gorillaz,The Singles Collection 2001-2011,3815047218,2672401,3EqJvDO7ffoOKV9da4LvSq
2nszmSgqreHSdJA3zWPyrW,Luis Miguel,Todos Los Romances,3804492893,2009679,1acqznTFsJ7ekLNp00bj1p
487N2T9nIPEHrlTZLL3SQs,ZÃ© Neto & Cristiano,As Mais Tocadas Do Z� Neto & Cristiano,3779965353,1105947,1pjOqwP1EjotnAQdJoQgZx
5WUlDfRSoLAfcVSX1WnrxN,Sia,1000 Forms Of Fear,3775193572,1492168,3xFSl9lIRaYXIYkIn3OIl9
5WUlDfRSoLAfcVSX1WnrxN,Sia,1000 Forms Of Fear (Japan Version),3775059733,1492163,6s01BcREso4F7HfbhYrIkS
26VFTg2z8YR0cCuwLzESi2,Halsey,Love And Power EP: Power,3759264494,1022209,5QYHgIlsIgm1lmLWXUpaPS
06HL4z0CvFAxyc27GXpf02,Taylor Swift,folklore: the escapism chapter,3754767070,1872637,0UYykkGEPRrLfarEeclJQ7
60d24wfXkVzDSfLS6hyCjZ,Martin Garrix,The Martin Garrix Collection,3731188581,758219,75kX486cBBkuaLkZGjBptl
7MiDcPa6UiV3In7lIM71IN,Gusttavo Lima,Canudinho � o Nome Dela,3693187254,833122,58bPnsJ1H2lF8CWIxuAnDS
43ZHCT0cAZBISjO8DG9PnE,Elvis Presley,Burning Love: 40 Greatest Hits of Elvis Presley,3691049723,1475934,7v5nA9SIdX1XEJqStVUS4F
7MiDcPa6UiV3In7lIM71IN,Gusttavo Lima,Embaixador Falando de Amor,3664074140,825022,3rlpiVr4E6yZYMk89nMDeJ
3TVXtAsR1Inumwj472S9r4,Drake,Take Care (Explicit Deluxe),3635514316,1947263,1MzE8KeSTNbs3iNosDI7d3
06HL4z0CvFAxyc27GXpf02,Taylor Swift,folklore: the yeah I showed up at your party chapter,3632043928,1742941,27cx8eVCV4xMwJEYJNl1nw
1Mxqyy3pSjf8kZZL4QVxS0,Frank Sinatra,Sinatra: Best Of The Best,3615538983,1589732,2PinY54sX1Uty9C4oQSFdP
74KM79TiuVKeVCqs8QtB0B,Sabrina Carpenter,emails i can't send fwd:,3591771402,4034103,2g4aJTa5ejGpp0O0GKzWAQ
1dfeR4HaWDbWqFHLkxsg1d,Queen,Queen Forever,3578245234,1303294,2w0Jen9XW2ouiCLb623G3y
1Cs0zKBU1kc0i8ypK3B9ai,David Guetta,One More Love (Deluxe),3565644788,2056648,2A1nzU0qwEgYZhJukZ4gtB
69GGBxA162lTqCwzJG5jLp,The Chainsmokers,The Chainsmokers- Japan Special Edition,3554226465,1376552,3ShQFl9FladFKlonwPGZFc
3p7PcrEHaaKLJnPUGOtRlT,Henrique & Juliano,Henrique e Juliano - Surreal,3527824098,2185044,7fYw5rn9xTAlkzvkOAzrRR
06HL4z0CvFAxyc27GXpf02,Taylor Swift,Speak Now (Deluxe Package),3516911455,766646,6S6JQWzUrJVcJLK4fi74Fw
06HL4z0CvFAxyc27GXpf02,Taylor Swift,folklore: the saltbox house chapter,3515625992,1620215,3s1uBurAzg61IQYXRc3B3h
1dfeR4HaWDbWqFHLkxsg1d,Queen,The Game (2011 Remaster),3494779020,1282930,58alCatewkjNm9IM1Ucj67
3p7PcrEHaaKLJnPUGOtRlT,Henrique & Juliano,Rom�nticas - Henrique e Juliano,3475756683,2555628,3SmkZQf2AOeLOzGfgjJKvb
1yxSLGMDHlW21z4YXirZDS,Black Eyed Peas,THE E.N.D. (THE ENERGY NEVER DIES) [Play UK Version],3471421115,2298244,3zsHrrnA98o1TvCVh1JAr3
1yxSLGMDHlW21z4YXirZDS,Black Eyed Peas,THE E.N.D. (THE ENERGY NEVER DIES) [International Version],3458755319,2297257,5lNzygOpCmzRx4N301icBB
6M2wZ9GZgrQXHCFfjv46we,Dua Lipa,Levitating EP,3458636402,1148952,5HaIikztvnTIwx2QA5YsmX
7MiDcPa6UiV3In7lIM71IN,Gusttavo Lima,Natal do Embaixador - Especial Gusttavo Lima,3431012209,1266212,2QsnAq12feAkp0mNWFEk03
7MiDcPa6UiV3In7lIM71IN,Gusttavo Lima,Gusttavo Lima 2023 - As Mais Tocadas,3425296864,669390,7uehqvsh7lWpgD6TDxnLAK
487N2T9nIPEHrlTZLL3SQs,ZÃ© Neto & Cristiano,As Melhores (Rapdemia),3393651430,1175504,4DVtyUwjE11QHR2E1LZ63h
1HY2Jd0NmPuamShAr6KMms,Lady Gaga,Born This Way (Japan Special Edition Version),3391720971,2248752,0pGhmk5DJn55fBNA7kZjmj
0k17h0D3J5VfsdmQ1iZtE9,Pink Floyd,The Wall (Remastered),3384076995,1810478,6WaIQHxEHtZL0RZ62AuY0g
1GxkXlMwML1oSg5eLPiAz3,Michael BublÃ©,The Michael Bubl� Collection,3346024541,1410140,0vAiA7KtL79eqlepIT2KlT
1HY2Jd0NmPuamShAr6KMms,Lady Gaga,The Fame Monster,3343846761,2234645,034EE1ofh9OM6wJBqd2xYo
1HY2Jd0NmPuamShAr6KMms,Lady Gaga,Born This Way (Japan Standard Version),3327784552,2226303,05Cv9ThcMko3zObfa3ZU7E
1HY2Jd0NmPuamShAr6KMms,Lady Gaga,Born This Way (International Standard Version),3327736302,2226298,30D9CrjDAZRrN7esS8CCgO
6olE6TJLqED3rqDCT0FyPh,Nirvana,In Bloom Collection (Nirvana),3298678447,2228711,6xjvoE75vW64UU74ByODef
3Isy6kedDrgPYoTS1dazA9,Sean Paul,Dutty Classics Collections (Deluxe Edition),3278466311,2265640,0XG9rQo4p6PpRydR7pEy0u
5C4PDR4LnhZTbVnKWXuDKD,Morat,De Gira con Morat,3256275374,1849277,06EBBne1tuuCgyMN6jEGMc
3WrFJ7ztbogyGnTHbHJFl2,The Beatles,The Beatles 1967 � 1970 (2023 Edition),3254557375,1383722,2AlPRfYeskAMxhJS00xjeP
3Isy6kedDrgPYoTS1dazA9,Sean Paul,Dutty Classics Collection,3229154787,2264044,2BxUwHfVCgyLwnOUfxFBDR
3nFkdlSjzX9mRTtwJOzDYB,JAY-Z,The Hits Collection Volume One,3226442450,1530255,0DqF3UCxF25vVGPFSSFACb
7MiDcPa6UiV3In7lIM71IN,Gusttavo Lima,Gusttavo Lima - As Rom�nticas 2024,3208367790,765751,5rM20r6kls4UqNlvRaocfw
0eDvMgVFoNV3TpwtrVCoTj,Pop Smoke,For The Night (Pop Smoke feat. Lil Baby & DaBaby),3190661707,673488,0PvFJmanyNQMseIFrU708S
2wY79sveU1sp5g7SokKOiI,Sam Smith,Roses Are Red,3187865747,1206900,3LNifJJ7jqvQki0bgIM9ig
06HL4z0CvFAxyc27GXpf02,Taylor Swift,Speak Now (Big Machine Radio Release Special),3166111964,725528,75N0Z60SNMQbAPYZuxKgWd
0jnsk9HBra6NMjO2oANoPY,Flo Rida,Wild Ones (New Edition),3150503209,1503554,2pZQqIJpK3HZQJ9EZnZEWd
0hCNtLu0JehylgoiP8L4Gh,Nicki Minaj,The Pinkprint (International Deluxe Explicit),3145980562,855897,40XGTQ7FN6Y3dZXJhKBe96
53XhwfbYqKCa1cC15pYq2q,Imagine Dragons,Smoke + Mirrors (Asia Tour Edition),3137337883,877405,3FHRtpBjpyLsWDL7RQmlKQ
1Cs0zKBU1kc0i8ypK3B9ai,David Guetta,One Love (New Version),3124667617,1840298,0VsdRopxd5flNlG7CUp15Y
5YGY8feqx7naU7z4HrwZM6,Miley Cyrus,The Time Of Our Lives (International Version),3123276118,1357946,0IuHVgAvbNDJnJepuSZ8Oz
33ScadVnbm2X8kkUqOkC6Z,Don Omar,Guayar Pegao,3123166691,2506641,2cWlcsY2Yg2h6C05z68zBE
06HL4z0CvFAxyc27GXpf02,Taylor Swift,THE TORTURED POETS DEPARTMENT | TS The Eras Tour Setlist,3119125072,3401253,30gDvYhEgyTbGEdCIY8FWV
4iHNK0tOyZPYnBU7nGAgpQ,Mariah Carey,Merry Christmas (Japan Deluxe Anniversary Edition),3101713362,93811,5OkzvMKeDtKPMogoEXEDyK
26VFTg2z8YR0cCuwLzESi2,Halsey,Manic: Revenge EP,3071330528,807083,2yEYamCJowbf6Icn7YTg8h
1elUiq4X7pxej6FRlrEzjM,Jorge & Mateus,Os Grandes Sucessos de Jorge & Mateus,3071034327,1144489,1r8KVCjOeDbGdo8QRuj75M
06HL4z0CvFAxyc27GXpf02,Taylor Swift,"the ""ladies lunching"" chapter",3035289873,1574259,29TDKlVwdu8TqifC3WN86l
1vyhD5VmyZ7KMfW5gqLgo5,J Balvin,Summer Fiesta,3031155702,837981,6JUgxuUpjVuzXz9BQOfhut
06HL4z0CvFAxyc27GXpf02,Taylor Swift,Speak Now (Japanese Version),3030219241,702789,4ErTrymYK8VIBQR8J8Hjy1
06HL4z0CvFAxyc27GXpf02,Taylor Swift,folklore: the sleepless nights chapter,3009880993,1723275,3V35ukro7RnYjnscZ56pRB
5ZsFI1h6hIdQRw2ti0hz81,ZAYN,Mind Of Mine (Japan Version),3004388812,961838,0IYocYNeH6jhhToqtqzJgC
5me0Irg2ANcsgc93uaYrpb,The Notorious B.I.G.,Breakin' B.I.G: The Sandbox,2949985298,1447808,7xHIO0OQEGwdNj0TJBta80
25uiPmTg16RbhZWAqwLBy5,Charli xcx,Brat and it's completely different but also still brat,2924754943,5418682,36P07bti6xD99o7S1acmin
43ZHCT0cAZBISjO8DG9PnE,Elvis Presley,Love Me Tender: The Greatest Love Songs of Elvis Presley,2882733860,1269222,5QK2ykZxHWXgVVAHw9ZHvM
1dfeR4HaWDbWqFHLkxsg1d,Queen,Jazz (2011 Remaster),2862579606,1134915,2yuTRGIackbcReLUXOYBqU
2wUjUUtkb5lvLKcGKsKqsR,Alessia Cara,Duality,2853929343,973912,124LdmYiB3SM7x2EefHBoa
26VFTg2z8YR0cCuwLzESi2,Halsey,hopeless fountain kingdom (Deluxe),2844909416,1160999,7GjG91tyHQNGEHzKJaqOi0
0hCNtLu0JehylgoiP8L4Gh,Nicki Minaj,Pink Friday: Roman Reloaded The Re-Up (Explicit Version),2829260547,1231058,22F5ZYY1sxoJjk6HzZfmC1
5YGY8feqx7naU7z4HrwZM6,Miley Cyrus,"Disney 2000s, Vol. 1",2809981849,1267220,6IaStDegtGslQ7C2PQRfgl
1Cs0zKBU1kc0i8ypK3B9ai,David Guetta,Sunset,2805311362,1011321,4PMmwowVLOajPdiKnrU1vK
6Xgp2XMz1fhVYe7i6yNAax,Trippie Redd,HEADLINERS: Trippie Redd,2800561612,586228,7CTZkjhsxBEZS8G7LtX5tO
1GxkXlMwML1oSg5eLPiAz3,Michael BublÃ©,The Best of Bubl� (Sing-a-Long Edition),2788595661,1336054,7J7uczy0AUmBskSF1lXUVz
07YZf4WDAMNwqr4jfgOZ8y,Jason Derulo,Tattoos (Special Edition),2729696895,824962,45WiY2DUJyqbIKfHnQo4lN
07YZf4WDAMNwqr4jfgOZ8y,Jason Derulo,Tattoos (Deluxe Edition),2726137867,824555,3wDeTllVvayYsWTHsFNWZQ
26VFTg2z8YR0cCuwLzESi2,Halsey,hopeless fountain kingdom,2696180821,1144032,5ZvnIKEq0HAwDHNR8f2yIx
21E3waRsmPlU7jZsS13rcj,Ne-Yo,What Was,2687071806,1599945,2WMK1m8wd53BqPVpHlaVfE
13ubrt8QOOCPljQ2FL1Kca,A$AP Rocky,LONG.LIVE.A$AP,2673047317,1922683,6rzMufuu8sLkIizM4q9c7J
43ZHCT0cAZBISjO8DG9PnE,Elvis Presley,A Little Less Conversation: The Greatest Hits of Elvis Presley,2638713907,1002604,6PFII6F9NCROOwObqckHEr
6jJ0s89eD6GaHleKKya26X,Katy Perry,Empowered,2637617280,1339993,3YiQ8eGpgEaOJDdNf6eVFs
6l3HvQ5sa6mXTsMTB19rO5,J. Cole,Born Sinner,2628317934,1002299,5FP9keIJnlSCKnkdVOf623
3mIj9lX2MWuHmhNCA7LSCW,The 1975,The 1975 (Deluxe),2597838475,752319,74EKsgjD5GJOJpthJ59dhQ
3p7PcrEHaaKLJnPUGOtRlT,Henrique & Juliano,Henrique e Juliano - Novos Hits,2590064656,1074353,0mtlM59WlCZV39BypDoPcZ
0X2BH1fck6amBIoJhDVmmJ,Ellie Goulding,Delirium,2580190962,588276,20Ol6zZ0nLlc5EGTH1zA0j
22bE4uQ6baNwSHPVcDxLCe,The Rolling Stones,Big Hits (High Tide and Green Grass),2521553727,977186,2tiqjQAPpu7wgGfbskbhaw
1dfeR4HaWDbWqFHLkxsg1d,Queen,News Of The World (2011 Remaster),2478885745,836567,7tB40pGzj6Tg0HePj2jWZt
5C4PDR4LnhZTbVnKWXuDKD,Morat,Canta Con Morat,2469062658,1318136,3ZPCDjEmiEkeq0QoRQoNcH
63yrD80RY3RNEM2YDpUpO8,Melanie Martinez,K-12 (After School Ã‚â€“ Deluxe Edition),2458401789,805916,7ndwJvNRNljkK9r4JLNcX2
43ZHCT0cAZBISjO8DG9PnE,Elvis Presley,Viva Las Vegas: Elvis Presley's Greatest Movie Songs,2383545024,1031146,2g4GwB7y1mD0wa277RX17A
22bE4uQ6baNwSHPVcDxLCe,The Rolling Stones,Protest,2362158692,931608,5uaa2Nqvkn1P7BkxV58DeC
7MiDcPa6UiV3In7lIM71IN,Gusttavo Lima,Gusttavo Lima - As Mais Tocadas De 2009 A 2019,2356405763,679261,0jThMGLvEQT64tGEOAqLPK
1Cs0zKBU1kc0i8ypK3B9ai,David Guetta,Party Till Sunrise,2294363670,1242033,6tEx3lcWPE6B8WWRW8aM59
22bE4uQ6baNwSHPVcDxLCe,The Rolling Stones,Through The Past Darkly (Big hits Vol.2),2271394632,912043,1Dsx0X79p4owIdoS0kTYgb
43ZHCT0cAZBISjO8DG9PnE,Elvis Presley,Don't Be Cruel: The Greatest Hits of Elvis Presley,2264393105,884906,6flzC0eHKkhV6cN12zwV6Q
3TVXtAsR1Inumwj472S9r4,Drake,Thank Me Later (Int'l Version),2227640623,1309433,6agmeioaDOBupymziJihgB
43ZHCT0cAZBISjO8DG9PnE,Elvis Presley,Elvis At The Movies,2201488239,950876,01RkRLNlP4C4aYCCzT3VRm
05fG473iIaoy82BF1aGhL8,Slipknot,Vol. 3 The Subliminal Verses,2146277007,1421623,4ZDBQSIDIZRUBOG2OHcN3T
3Nrfpe0tUJi4K4DXYWgMUX,BTS,Butter / Permission to Dance,2135111518,459188,0E4HPJE6DPIc2OUmJ8rTP0
5me0Irg2ANcsgc93uaYrpb,The Notorious B.I.G.,Ready To Die: For The Women,2131966729,890798,1y8mwQegnbqBVd1Byl5VIa
64M6ah0SkkRsnPGtGiRAbb,Bebe Rexha,Pride Party by Bebe Rexha,2069459624,1041360,5Vn5FCF5XgY6MPIqkomQaW
6jJ0s89eD6GaHleKKya26X,Katy Perry,Scorpio SZN,2049284487,913011,6qZ5OAEVumaniVTF2Sumga
7MiDcPa6UiV3In7lIM71IN,Gusttavo Lima,Gusttavo Lima - As Melhores de 2009 a 2019,2038962740,665378,0aasgkbGthHdfSxou4hHbo
4YRxDV8wJFPHPTeXepOstw,Arijit Singh,Best Of Romance - Arijit Singh,2038529695,2603758,5xkmVcyq21p9YHFhjEQXb2
1dfeR4HaWDbWqFHLkxsg1d,Queen,Hot Space (2011 Remaster),2025818503,961282,6reTSIf5MoBco62rk8T7Q1
3p7PcrEHaaKLJnPUGOtRlT,Henrique & Juliano,Henrique & Juliano - As 10 mais de 2015 a 2017,2002200138,1702480,4rjGRapXklC4lZZAMoky8T
1wRPtKGflJrBx9BmLsSwlU,Pritam,Yours Truly Pritam,1982744416,2079501,14yzFwNfKgik7AtgFbVteT
2nszmSgqreHSdJA3zWPyrW,Luis Miguel,Canciones De Amor,1978036664,879914,6gPSAXonNnnjWLk9cuhA1I
7MiDcPa6UiV3In7lIM71IN,Gusttavo Lima,As Melhores Gusttavo Lima,1943964400,218289,0aasgkbGthHdfSxou4hHbo
22bE4uQ6baNwSHPVcDxLCe,The Rolling Stones,Rolling Stones Chronicles,1928920699,695826,2GcMrnQIIGL1ulGbQj7usM
1ZwdS5xdxEREPySFridCfh,2Pac,The Best Of 2Pac (Pt. 1: Thug),1897698651,997591,0gzbg4ViKIcSwuGYkkd6GD
7MiDcPa6UiV3In7lIM71IN,Gusttavo Lima,Gusttavo Lima As Mais Tocadas,1897539963,213826,7uehqvsh7lWpgD6TDxnLAK
1Mxqyy3pSjf8kZZL4QVxS0,Frank Sinatra,My Way (The Best Of Frank Sinatra),1876408562,1184448,3xpGJeKAVe79XWMwf1x6TV
6JL8zeS1NmiOftqZTRgdTz,Meghan Trainor,All About That Bass,1809541848,532248,2Gf7TGoOt6FyRi7p32OzUM
55Aa2cqylxrFIXC767Z865,Lil Wayne,Tha Carter IV (Explicit Version),1805351660,1489867,2YL3ddwHuiBGumvzcGHyjT
4YRxDV8wJFPHPTeXepOstw,Arijit Singh,Arijit Romantic Hits,1794985615,1572191,6yMvz2rSVticVMKm1R2pZF
5me0Irg2ANcsgc93uaYrpb,The Notorious B.I.G.,Notorious I: The Notorious B.I.G.,1761350978,659134,0Rit8v5dcNnlylvQhazstW
3WGpXCj9YhhfX11TToZcXP,Troye Sivan,So Much To Miss In You,1758561876,601125,5WKFzMvEjRAkRwWD7rlCdU
43ZHCT0cAZBISjO8DG9PnE,Elvis Presley,Bossa Nova Baby: The Ultimate Elvis Presley Party Album,1748211162,634216,5m21mnF0TmFzG9EevImho6
6jGMq4yGs7aQzuGsMgVgZR,Lil Tjay,F.N,1736195277,428636,5x8HOMCMbODsMSJtMtNXF7
4YRxDV8wJFPHPTeXepOstw,Arijit Singh,Best of Arijit Singh - Starring Ranbir Kapoor,1736079987,1154473,4NoKY1ko0KliJp58j73oCX
5WUlDfRSoLAfcVSX1WnrxN,Sia,Gimme Christmas,1733680365,315433,4nAUevRrNryD4J53nDtIpT
0eDvMgVFoNV3TpwtrVCoTj,Pop Smoke,Mood Swings,1732678513,415102,0Puv2Bu8uDHyVTOYBWNUE3
1HY2Jd0NmPuamShAr6KMms,Lady Gaga,Joanne,1714981209,398633,2ZUwFxlWo0gwTsvZ6L4Meh
6jJ0s89eD6GaHleKKya26X,Katy Perry,Camp Katy,1711124030,949882,5ImEgzmMKO9NAnXRTclK6X
07YZf4WDAMNwqr4jfgOZ8y,Jason Derulo,Jason Derulo (International),1675683623,722474,0DEsmIQ5ir7tz52Nkf4i1K
0oSGxfWSnnOXhD2fKuz2Gy,David Bowie,ChangesOneBowie,1668228715,489660,3aGkjugjzDWaETRbbRafoF
5me0Irg2ANcsgc93uaYrpb,The Notorious B.I.G.,Notorious V: The King of New York,1651342202,724485,0mE5FzsEPINYCxeWyJaHPs
3Nrfpe0tUJi4K4DXYWgMUX,BTS,"BTS, THE BEST",1648454817,303041,6bN241dPMC54Ac6zV1B8hl
137W8MRPWKqSmrBGDBFSop,Wiz Khalifa,Rolling Papers (Deluxe),1620061724,562701,22rKa9MG4cHIRxvL1Vbs0q
06HL4z0CvFAxyc27GXpf02,Taylor Swift,Taylor Swift (Big Machine Radio Release Special),1601869036,660342,2rU7u7C2v5i45MFVxx7xG1
6MDME20pz9RveH9rEXvrOM,Clean Bandit,New Eyes Album Sampler,1576900841,722808,1wFcTdTuVfiw5Z46DzpiAu
3p7PcrEHaaKLJnPUGOtRlT,Henrique & Juliano,Henrique & Juliano Para Elas,1567974213,1235717,4k2vUyC1dm9LZnTTNSVtLt
1Mxqyy3pSjf8kZZL4QVxS0,Frank Sinatra,The Christmas Album,1562289887,21703,2B9FcHKqz3PWJlh0yGnmM7
0iEtIxbK0KxaSlF7G42ZOp,Metro Boomin,METRO BOOMIN PRESENTS SPIDER-MAN: ACROSS THE SPIDER-VERSE [SOUNDTRACK FROM AND INSPIRED BY THE MOTI,1545583269,1189373,1bwbZJ6khPJyVpOaqgKsoZ
6JL8zeS1NmiOftqZTRgdTz,Meghan Trainor,Thank You (Deluxe),1541289161,441173,08eweM0IZoZPCCxODbrMoL
0iEtIxbK0KxaSlF7G42ZOp,Metro Boomin,METRO BOOMIN PRESENTS SPIDER-MAN: ACROSS THE SPIDER-VERSE (SOUNDTRACK FROM AND INSPIRED BY THE MOTI,1536607087,1179368,1bwbZJ6khPJyVpOaqgKsoZ
2FXC3k01G6Gw61bmprjgqS,Hozier,Unheard,1514457631,2093433,6rjpYHZwFktbc0RCiTfEG6
3MZsBdqDrRTJihTHQrO6Dq,Joji,In Tongues,1514016854,415858,3dtSst4EXjGeZVQ5Sco315
1dfeR4HaWDbWqFHLkxsg1d,Queen,A Day At The Races (Deluxe Edition 2011 Remaster),1510169165,565300,4KZGe18wZJbXL6JLW4KyLc
0TnOYISbd1XYRBk9myaseg,Pitbull,Global Warming,1465752397,963248,2F7tejLHzTqFq2XLol9ZGy
5me0Irg2ANcsgc93uaYrpb,The Notorious B.I.G.,Notorious IV: Big Poppa,1445840631,767525,48hcOcNxthWCbxSH1OvSN6
1Cs0zKBU1kc0i8ypK3B9ai,David Guetta,Lovers on the Sun EP,1422905350,380028,7kGfNb6k7XILgPtIHTFrQL
07YUOmWljBTXwIseAUd9TW,Sebastian Yatra,Extended Play Yatra,1405130052,439206,684Oha4XLJKYD3OztiXma5
4YRxDV8wJFPHPTeXepOstw,Arijit Singh,Best of Bollywood: Arijit Singh,1387914151,1251157,6Mwut6BYqsL6WrhC1u3I06
3p7PcrEHaaKLJnPUGOtRlT,Henrique & Juliano,Esquenta Henrique & Juliano,1353261866,723530,52K31n0dBAzX9FA2ycvZ98
3p7PcrEHaaKLJnPUGOtRlT,Henrique & Juliano,Henrique & Juliano Para Namorar,1344765480,1193726,5cu1B5lw8ODcWFAZvCk4rw
2QsynagSdAqZj3U9HgDzjD,Bob Marley & The Wailers,NATURAL MYSTIC,1302889423,877518,4EFDM5bjlaF1xx3sNjutFE
1Mxqyy3pSjf8kZZL4QVxS0,Frank Sinatra,Classic Songs,1293523064,220723,6JoQfgiN1SQAPBlATJq9cL
3b8QkneNDz4JHKKKlLgYZg,Florida Georgia Line,Dig Your Roots (Big Machine Radio Release Special),1288864414,185917,3W80SKudkIYkRbvYeRjlbc
3p7PcrEHaaKLJnPUGOtRlT,Henrique & Juliano,Ao Vivo No Ibirapuera (Vol. 1),1284561309,675087,2tq7pHA5pUnnu3aWG4WBcs
05fG473iIaoy82BF1aGhL8,Slipknot,.5: The Gray Chapter,1267912631,605625,0ApKaazNHf0gzjAYZauexq
22bE4uQ6baNwSHPVcDxLCe,The Rolling Stones,Made In The Shade,1253889129,510955,2IP71ETmY8bjS3VYYXcidI
5pKCCKE2ajJHZ9KAiaK11H,Rihanna,Don't Stop The Music/ Remixes,1239743350,976380,0FXYjBBO0EiEF8crCj9lLG
2ye2Wgw4gimLv2eAKyk1NB,Metallica,And Justice for All (Remastered),1232990454,614116,6jZ1z25PyF4Yd3kHxt9rl1
0C8ZW7ezQVs4URX5aX7Kqx,Selena Gomez,"Love You Like A Love Song, Come & Get It, and More",1225137978,505806,3sWE3cTMtP9Cvl3aHusvyD
1dfeR4HaWDbWqFHLkxsg1d,Queen,Sheer Heart Attack (Deluxe Edition 2011 Remaster),1202598513,398115,1Gnrd76EubInPV4KjOJ1Zr
1mYsTxnqsietFxj1OgoGbG,A.R. Rahman,The Definitive Collection,1200852094,1223303,4sSOBszOJiDDkB5o4m7zad
4YRxDV8wJFPHPTeXepOstw,Arijit Singh,World Music Day Special - Arijit's Antakshari,1188823324,1089044,5BCAEcmzNbtBRxNokKIr6o
1wRPtKGflJrBx9BmLsSwlU,Pritam,Brilliant Melodist Pritam,1186036066,1204569,0umUqrxgbd2r0vnUUYmIa4
0oSGxfWSnnOXhD2fKuz2Gy,David Bowie,Sound + Vision,1179206431,387714,0Z0eeyJulKuTCZUiHj18NE
1wRPtKGflJrBx9BmLsSwlU,Pritam,Best of Me Pritam,1157962128,1394485,030V9oXthE4iIFK9uY1Cxf
1Mxqyy3pSjf8kZZL4QVxS0,Frank Sinatra,Classic Sinatra - His Great Performances 1953-1960,1157352818,372449,4VEpFmuBpIMHBtynE2wcVl
6jJ0s89eD6GaHleKKya26X,Katy Perry,Cosmic Energy,1146106307,722630,3MXubEDnkXIaacR9an5d9e
43ZHCT0cAZBISjO8DG9PnE,Elvis Presley,Elvis Sings Leiber and Stoller,1124340396,440521,1nqDrIknqoUl758F8trs8H
1Mxqyy3pSjf8kZZL4QVxS0,Frank Sinatra,Nothing But The Best,1113860717,355402,3i67sGIVw8EBlgfSRv3Lj2
3p7PcrEHaaKLJnPUGOtRlT,Henrique & Juliano,Vibe Boa com Henrique & Juliano,1111538169,557964,2hUo2EROd8BIAtOo1vp3UZ
1Mxqyy3pSjf8kZZL4QVxS0,Frank Sinatra,FRANK SINATRA INTEGRAL 1953 - 1956,1099093683,357300,3xQiGu3QVKalhMdfTpYq2q
1dfeR4HaWDbWqFHLkxsg1d,Queen,The Works (2011 Remaster),1094526713,455981,5RS9xkMuDmeVISqGDBmnSa
55Aa2cqylxrFIXC767Z865,Lil Wayne,Piru Dreams,1079562648,989815,0SK2rcKSqu3r5tV1uSRrkL
3KV3p5EY4AvKxOlhGHORLg,Jeremih,Best of Late Nights,1068906247,323486,1YpSW6YQDyCQsFNJ1T0pkq
3AA28KZvwAUcZuOKwyblJQ,Gorillaz,Humanz,1062394257,557296,0NvirtaDCaZU5PAW1O5FDE
3aQeKQSyrW4qWr35idm0cy,T-Pain,Buy U A Drank (Shawty Snappin'),1059756613,561129,7DO8dffBOTYroM41JncHC1
1Mxqyy3pSjf8kZZL4QVxS0,Frank Sinatra,The Columbia Years (1943-1952) The Complete Recordings,1048344110,45213,4mql5hi9two0Dm5QriSqQv
6XkjpgcEsYab502Vr1bBeW,Grupo Frontera,No Se Va (EN VIVO),1048169935,313685,5jgCL0iatyi00rPPXjmYS3
63yrD80RY3RNEM2YDpUpO8,Melanie Martinez,Pity Party,1036007402,322851,0JaVpAZ8mmwkWadMObDC9K
17lzZA2AlOHwCwFALHttmp,2 Chainz,GOATED: 2 Chainz,1023646787,151157,1flpMU4chJqw4EQJ5AicWj
3b8QkneNDz4JHKKKlLgYZg,Florida Georgia Line,Sun Daze: Summer Songs,1015635921,226330,2ccMuWnbozUdyXJeN34TMd
6S2OmqARrzebs0tKUEyXyp,Demi Lovato,Love In 4D,994626421,413083,2Ei7X3u0yy6LJG8NQ9Uy2x
04gDigrS5kc9YWfZHwBETP,Maroon 5,It Won't Be Soon Before Long (International Limited Deluxe Version),976779185,643330,2qECqBZLOCwcrhIbB7e3Kw
51Blml2LZPmy7TTiAg47vQ,U2,Achtung Baby,975203929,353988,0ta5VdkJcpdVnNrn7g4cZe
04gDigrS5kc9YWfZHwBETP,Maroon 5,It Won't Be Soon Before Long,973709350,642147,2RUHJZ3raiIDsR3yX4JXf5
1Mxqyy3pSjf8kZZL4QVxS0,Frank Sinatra,Let It Snow! Let It Snow! Let It Snow!,972681004,13363,7d2rtsRYi8wv3nWDUZIqNZ
04gDigrS5kc9YWfZHwBETP,Maroon 5,It Won't Be Soon Before Long (International Version),965769137,641230,2RUHJZ3raiIDsR3yX4JXf5
0C0XlULifJtAgn6ZNCW2eu,The Killers,Day & Age,956872114,358990,0Ug5scDXUIgGN8yanDBLQw
43ZHCT0cAZBISjO8DG9PnE,Elvis Presley,Blue Christmas,937242690,12855,1wQDiRoDF4Y0SGLHG8BdVi
0LcJLqbBmaGUft1e9Mm8HV,ABBA,More ABBA Gold,928990941,462548,5Q5uVB5bN6ce3JzPKj2UUG
22bE4uQ6baNwSHPVcDxLCe,The Rolling Stones,Sticky Fingers (Deluxe),926218473,359241,0ucOpNNckY0op5B1yfW6pv
22bE4uQ6baNwSHPVcDxLCe,The Rolling Stones,Tattoo You,914200930,342064,15XNBzVWARPMlu0sEbfBjJ
1mYsTxnqsietFxj1OgoGbG,A.R. Rahman,50 Glorious Musical Years (The Complete Works),909778505,1046634,15LgAoO1MCxGGvP41JSfYA
0C8ZW7ezQVs4URX5aX7Kqx,Selena Gomez,Stars Dance,908641994,296835,3cGKAHAUhAaTTezK4GbBhQ
1Cs0zKBU1kc0i8ypK3B9ai,David Guetta,2U (feat. Justin Bieber) [Remixes],902966379,121991,3HvyWzOFtmB0ra9KgCysy1
1Mxqyy3pSjf8kZZL4QVxS0,Frank Sinatra,Christmas Hits by Frank Sinatra,900214794,17403,3PyFYjG5dScjp1yg3Di5nB
5eAWCfyUhZtHHtBdNk56l1,System Of A Down,Vicinity Of Obscenity/Lonely Day,898990071,677740,6T2FD996HGKJ00rpuHHbu7
4O15NlyKLIASxsJ0PrXPfz,Lil Uzi Vert,Pink Tape: Level 4,888262515,283406,5x9m2JPlFEaLv0bVtUC5gt
0oSGxfWSnnOXhD2fKuz2Gy,David Bowie,Moonage Daydream Ã‚â€“ A Brett Morgen Film,881715987,369574,4bdMmY8jiVxvSOPg2IL0u8
6LqNN22kT3074XbTVUrhzX,Kesha,Die Young,859102135,561296,7KqKApnKK584VzbbwGPtS0
1wRPtKGflJrBx9BmLsSwlU,Pritam,Best of Bollywood: Pritam,848234912,1010849,3h1ueycZjFRmQmMgXTzSEO
0oSGxfWSnnOXhD2fKuz2Gy,David Bowie,ChangesTwoBowie,840813096,354133,7xPIMxW4eWRTehFphCiDbH
22bE4uQ6baNwSHPVcDxLCe,The Rolling Stones,"Through The Past, Darkly (Big Hits Vol. 2) [UK Version]",839881294,289454,1Dsx0X79p4owIdoS0kTYgb
21451j1KhjAiaYKflxBjr1,Zion & Lennox,Motivando a la Yal Special Edition,839343020,414259,762qEGXU9cqGzzvsGoMNS7
3WrFJ7ztbogyGnTHbHJFl2,The Beatles,The Beatles - Got To Get You Into My Life,835784481,315384,4v7EqGrFQm9hYxRtcZXnhT
1wRPtKGflJrBx9BmLsSwlU,Pritam,Ae Dil Hai Mushkil (Original Motion Picture Soundtrack),827116138,676280,5xjaz957o6YGSXmlfd2tex
1ZwdS5xdxEREPySFridCfh,2Pac,The Best Of 2Pac (Pt. 2: Life),816221430,317092,06jS5vnk7ugEDBpyBP7C4Q
1wRPtKGflJrBx9BmLsSwlU,Pritam,Tu Jhoothi Main Makkaar,812488635,505269,1t1gWslYejaaqicumEbdKU
22bE4uQ6baNwSHPVcDxLCe,The Rolling Stones,Jumpin' Jack Flash,807221914,287093,10OB4Z0KBJtCayAX7Gk57m
0EmeFodog0BfCgMzAIvKQp,Shakira,Loba,801755454,545137,61m9Q64SegATxUQV2cWkGb
3WrFJ7ztbogyGnTHbHJFl2,The Beatles,The Beatles - Love Me Do,791258588,470757,3dypKxe9t3FHYyDEfctifO
7CajNmpbOovFoOoasH2HaY,Calvin Harris,Giant (Remixes),776249465,123043,7zRK1I3TUw9mlPSB02B0xs
1wRPtKGflJrBx9BmLsSwlU,Pritam,Rocky Aur Rani Kii Prem Kahaani,761855612,716092,1LsdbOwH1SPB0s5IkII3C1
1dfeR4HaWDbWqFHLkxsg1d,Queen,Greatest Hits III,756561809,163518,2BY5L3fpnj4pEduW3T1qN7
04gDigrS5kc9YWfZHwBETP,Maroon 5,Hands All Over (Asia Standard Jewel Case Version),754804334,268068,1nZO44p9pu7ZIjdawEykyw
2tIP7SsRs7vjIcLrU85W8J,The Kid LAROI,BLEED,753456927,1451426,783jliO1kkc5vXTrxHqNKk
0hEurMDQu99nJRq8pTxO14,John Mayer,The Search for Everything - Wave One,749227893,248927,5GkyQHN2jO9L05VV0gBnGH
6XyY86QOPPrYVGvF9ch6wz,Linkin Park,A Thousand Suns (Bonus Edition),743636929,359118,4fy0SXW5G8evBCo2A3kn02
07YZf4WDAMNwqr4jfgOZ8y,Jason Derulo,Whatcha Say EP,736340505,375121,2Z6g3ixdbb2PH2O1qVok7e
0c173mlxpT3dSFRgMO8XPh,Big Sean,East English Village,733596369,242545,0qqsxKQKnBnJ4K5wkfBCnw
17lzZA2AlOHwCwFALHttmp,2 Chainz,Bride of Toni,712578479,77551,0AhrpKt06oGv6BLwAqPFnE
3p7PcrEHaaKLJnPUGOtRlT,Henrique & Juliano,Churrasco com Henrique & Juliano,706896040,301985,4FxbdNbCWVrHEWc7jgbFou
1mYsTxnqsietFxj1OgoGbG,A.R. Rahman,Piya Milenge,693412013,944935,2Lb5KzamvOWrRE8inSokFh
1dfeR4HaWDbWqFHLkxsg1d,Queen,A Kind Of Magic (2011 Remaster),681909091,309958,0pEfDPZko6TnNOgrZMe5nn
1Mxqyy3pSjf8kZZL4QVxS0,Frank Sinatra,Frank Sinatra Jazz Monument (2024 Remastered),679704110,238358,18Gyuf0EkPZWY1FBm2QDY8
1mYsTxnqsietFxj1OgoGbG,A.R. Rahman,A.R. Rahman Essentials (Love),676559487,656774,1vTeEuQHFAGOXvCec7DoFk
5me0Irg2ANcsgc93uaYrpb,The Notorious B.I.G.,Notorious II: Biggie,671686961,282161,3l6ESZm5QHwc62vWnZbvYn
1Mxqyy3pSjf8kZZL4QVxS0,Frank Sinatra,The Columbia Years (1943-1952): The Complete Recordings: Volume 11,669150302,10023,5CXVxSmjuMaWdbDxnyiJOi
3p7PcrEHaaKLJnPUGOtRlT,Henrique & Juliano,Henrique & Juliano - As 10 mais de 2012 a 2014,651352559,685601,31b46G7GyWCG0KFoHyTcWZ
1wRPtKGflJrBx9BmLsSwlU,Pritam,Musical Bond: Pritam & KK,635328424,753672,2z35ksw5Ca0NBUNPUzy8iD
1Mxqyy3pSjf8kZZL4QVxS0,Frank Sinatra,Four Classic Albums Plus (Swing Easy / Songs for Young Lovers / Songs for Swinging Lovers / Come Da,634023831,250268,76CoN7GG8Oq1uuawUFifuX
3WrFJ7ztbogyGnTHbHJFl2,The Beatles,The Beatles - We Can Work It Out,631444540,191911,6UzfAR95PVGrLr3ipar0lb
6TIYQ3jFPwQSRmorSezPxX,mgk,General Admission,623557080,82570,1HK1WLip5xwWQYixdF3Jsk
0C8ZW7ezQVs4URX5aX7Kqx,Selena Gomez,For You EP,622289251,260224,1Um6gMP04VQ0rGegUyXthT
4VMYDCV2IEDYJArk749S6m,Daddy Yankee,Mundial,611114057,253016,1KvWjARMNg4QmqyLLb0zp1
17lzZA2AlOHwCwFALHttmp,2 Chainz,420 Hits: 2 Chainz,598237318,78099,23KfWgc6gIeDuntERMOQ7M
4zCH9qm4R2DADamUHMCa6O,Anirudh Ravichander,Best of Anirudh,593730125,484646,4PMVBKIe8o2iixsVkGDMBG
4YRxDV8wJFPHPTeXepOstw,Arijit Singh,Best Of Arijit Singh 2017,586294196,466490,5agWwoiaLky5EhTnNU5XIa
7n2Ycct7Beij7Dj7meI4X0,TWICE,WHAT'S TWICE?,583553171,228049,1X8vwnlFACJIkU7rumgkbn
3mIj9lX2MWuHmhNCA7LSCW,The 1975,Music For Cars EP,580666670,130844,6iqIs15HkrWYfikvNXo4NL
1mYsTxnqsietFxj1OgoGbG,A.R. Rahman,Perfect 10: AR Rahman - The Spirit of Music,577294278,664762,49rJjz9O0mGpvGOFUzUzGz
6wWVKhxIU2cEi0K81v7HvP,Rammstein,Herzeleid (XXV Anniversary Edition Ã‚â€“ Remastered),567738655,288254,6HlDm9fzYxk4vkkr3YEvSv
7n2Ycct7Beij7Dj7meI4X0,TWICE,What is Love?,565893493,261780,5o5cJ6yZmcyy4y4hK0J6de
43ZHCT0cAZBISjO8DG9PnE,Elvis Presley,Elvis: Close Up,559772633,215992,3kBT5ef0KWAuZokS4IWV7C
2hlmm7s2ICUX0LVIhVFlZQ,Gunna,Drip Season 3,544405633,160810,5xtAAHr59ozJ2PQ67utEmi
5me0Irg2ANcsgc93uaYrpb,The Notorious B.I.G.,Ready To Die: For The Respect,530778848,198980,0sT15TOM3c2vontyItgnz9
2wY79sveU1sp5g7SokKOiI,Sam Smith,A Lonely Christmas,523883753,11559,4x3tugXsuC2bFyio63fzmy
5me0Irg2ANcsgc93uaYrpb,The Notorious B.I.G.,Ready To Die: For The Money,521641911,196694,2IQzzV7DUGS2BqMYeEDkc4
5he5w2lnU9x7JFhnwcekXX,Skrillex,Scary Monsters and Nice Sprites (Deluxe Tour Edition),517632942,152526,6HbNEBza64W10MQxUFq6QL
4oUHIQIBe0LHzYfvXNW4QM,Morgan Wallen,Stand Alone - EP,499982010,341315,2F66LRNUc5LQRC9qEVhfeu
55Aa2cqylxrFIXC767Z865,Lil Wayne,I Am Not A Human Being (Explicit Version),479615929,185201,2IU248HGggImC4uIfZiTit
1mYsTxnqsietFxj1OgoGbG,A.R. Rahman,Biggest Hits of Rahman,476320660,425663,6YHb785xtlyJNbuFxoUT0m
1mYsTxnqsietFxj1OgoGbG,A.R. Rahman,"Timeless at 50 : A.R. Rahman, Vol. 1",468914802,459211,26cxGsPYAg7KEworCILJMz
2LRoIwlKmHjgvigdNGBHNo,Feid,IS-LM: loading...,459833308,206092,1iCVTuWReLUnGhZxNjz4rC
1mYsTxnqsietFxj1OgoGbG,A.R. Rahman,MasterWorks - A.R. Rahman (The Musical Wizard),451972291,671828,40cFz7WRxtlzkBKoLP5BSU
4MCBfE4596Uoi2O4DtmEMz,Juice WRLD,The Party Never Ends,447104307,995035,7kOpqRCEqTTzcGc4CwEFph
4zCH9qm4R2DADamUHMCa6O,Anirudh Ravichander,Best of Love : Anirudh Ravichander,441054252,451000,7p1906A7I3UI6237RzuQI5
1elUiq4X7pxej6FRlrEzjM,Jorge & Mateus,"Tudo Em Paz, Vol. 1",437206610,73200,1GLViCxaCfb75xbzBGbskT
5me0Irg2ANcsgc93uaYrpb,The Notorious B.I.G.,Notorious III: Christopher Wallace,431640349,162833,5BXp7FqovjQagA0ljgSPco
3PhoLpVuITZKcymswpck5b,Elton John,Rare Masters,428312527,33481,2ozX7odhzuW1PN1v8dpsxQ
6XyY86QOPPrYVGvF9ch6wz,Linkin Park,LOST DEMOS,427148667,347774,7gXR9Abk3ybA6DmEl5PmUG
1mYsTxnqsietFxj1OgoGbG,A.R. Rahman,A.R. Rahman's Soulful Melodies,415028691,460772,0y33L9mrWNy0ztTy4xWHov
51Blml2LZPmy7TTiAg47vQ,U2,The Unforgettable Fire,413054291,162307,6akaB3XfTnCwrY4DahsBCY
1dfeR4HaWDbWqFHLkxsg1d,Queen,Made In Heaven (2011 Remaster),412454183,114353,391ScNR3xKywWSpfDwP3n0
738wLrAtLtCtFOLvQBXOXp,Major Lazer,Bonde do Major Lazer,411019771,73783,1zj77Ujh53LvJpIqzjNeft
1mYsTxnqsietFxj1OgoGbG,A.R. Rahman,The Best Of A.R. Rahman,410338406,459183,0E9GkVMtAozLlAblGLPgcK
21E3waRsmPlU7jZsS13rcj,Ne-Yo,R.E.D.,396705196,129220,4HPdvrPf9RGfJ2hNYrODpC
6eUKZXaKkcviH0Ku9w2n3V,Ed Sheeran,my forgotten favourites,392655966,42853,4y3pLcRLyhwZmrTtODJzGJ
6LqNN22kT3074XbTVUrhzX,Kesha,We R Who We R,385817900,226185,6mHlQCrcI9RRZxAP0E8gsH
0k17h0D3J5VfsdmQ1iZtE9,Pink Floyd,Pulse,379799405,111827,1uSpngQgBBgwRFYS5sOdqI
22bE4uQ6baNwSHPVcDxLCe,The Rolling Stones,Walking The Dog,374358883,195140,1W84czbxXIs7YLClsA7zHi
22bE4uQ6baNwSHPVcDxLCe,The Rolling Stones,Rock,363605404,96275,6HukFdvHHvXI3EAhjvtnF3
5INjqkS1o8h1imAzPqGZBb,Tame Impala,InnerSpeaker (10 Year Anniversary Edition),360405896,105933,4UuMueSGbS70nfvPwlOT8o
22bE4uQ6baNwSHPVcDxLCe,The Rolling Stones,Everybody Needs Somebody To Love,350375107,187893,5tZjCv6dMXK6Y53RDSIhu0
0c173mlxpT3dSFRgMO8XPh,Big Sean,Capitol Park,346713049,39846,3KVWoPcoCYlIA548mSRywi
3WrFJ7ztbogyGnTHbHJFl2,The Beatles,Beatles '64 (Music from the Disney+ Documentary),346599130,163336,6Ov3BKM3fPEW1V6DtjQQar
1mYsTxnqsietFxj1OgoGbG,A.R. Rahman,The Best of A.R. Rahman - Music and Magic from the Composer of Slumdog Millionaire,335628061,472848,7hphU5eyCdkt3ODlMG7sKf
4zCH9qm4R2DADamUHMCa6O,Anirudh Ravichander,Kaathuvaakula Rendu Kaadhal (Original Motion Picture Soundtrack),335621836,161008,2bRyFTzMb2iz6yIlcon1uz
0c173mlxpT3dSFRgMO8XPh,Big Sean,F.F.O.E.,329219365,48596,46Ha0QdD84pHZaNX09MriV
22bE4uQ6baNwSHPVcDxLCe,The Rolling Stones,More Hot Rocks (Big Hits & Fazed Cookies),326617428,121466,58P2QxVBxqTLc3GIgoWTbz
2QsynagSdAqZj3U9HgDzjD,Bob Marley & The Wailers,Rebel Music,320760588,222451,1zS95VkjoI6sauYgE2mzDe
0hEurMDQu99nJRq8pTxO14,John Mayer,The Search for Everything - Wave Two,320126061,45833,0i6oIJ53snlnCd7f2J5dJy
1wRPtKGflJrBx9BmLsSwlU,Pritam,Ghar,318218193,247599,22KfFzM2ukvwaE2cXhQQoB
17lzZA2AlOHwCwFALHttmp,2 Chainz,Most Expensivest,303290093,34275,2Q3SyMfVZPI03Z7SGjUMIb
6S2OmqARrzebs0tKUEyXyp,Demi Lovato,Here We Go Again (European Version),303011399,90326,5fzvtchv8dF1zEsrDZ0nRj
3xvaSlT4xsyk6lY1ESOspO,Disney,Disney Princess Piano,300935050,186765,2rMzWCO0R028IyDSr5qUHN
5f7VJjfbwm532GiveGC0ZK,Lil Baby,WHAM,296162661,1830514,5XYdFmT54volmxN5OCI5Xy
3WGpXCj9YhhfX11TToZcXP,Troye Sivan,"Pop The Culture, Iconography",293801479,52889,3qVtznmJ235ICCxUVc9tpy
6tbjWDEIzxoDsBA1FuhfPW,Madonna,Rebel Heart,285484198,50789,5TAX07toYGN4AFshlKpmZb
22bE4uQ6baNwSHPVcDxLCe,The Rolling Stones,Around & Around,280027001,70505,15oyn5cIveKNUeELeH7Orm
3fMbdgg4jU18AjLCKBhRSm,Michael Jackson,20th Century Masters: The Millennium Collection: Best of Michael Jackson,276853880,89243,5cKwhK6ChXbJE77TKnOx30
1mYsTxnqsietFxj1OgoGbG,A.R. Rahman,MasterWorks - A.R. Rahman,275397224,242310,2C1l8SocRQH6u8eZhz7jnK
6oMuImdp5ZcFhWP0ESe6mG,Migos,Culture III (Takeoff's Way),272787354,86798,30Js1dX61B8nYV2NS4bCwc
28gNT5KBp7IjEOQoevXf9N,Camilo,dos,270389482,568602,7A8rw0lgipeVikEBtqNAgt
0oOet2f43PA68X5RxKobEy,Shreya Ghoshal,Best Of Shreya Ghoshal Vol 2,260097333,472438,63VaCxVgmE9kyDeKgD7T3S
1Cs0zKBU1kc0i8ypK3B9ai,David Guetta,Pop Life (Bonus Track),256388232,159083,2GOMCM99UeqBIGNd0DIgUC
17lzZA2AlOHwCwFALHttmp,2 Chainz,Toni Kruger,256359419,28507,3qJi9qwpdxbjZMg2Oi1VQD
1dfeR4HaWDbWqFHLkxsg1d,Queen,The Miracle (2011 Remaster),251443595,82714,3h6SV9wHJtNL1YswZUJs8V
3WrFJ7ztbogyGnTHbHJFl2,The Beatles,The Beatles 1962 Ã‚â€“ 1966 (2023 Edition),242807286,182030,39Ti6Be9Ak2d6YbxlQo0Ba
4O15NlyKLIASxsJ0PrXPfz,Lil Uzi Vert,Pink Tape: Level 3,229205721,122743,4KLUYOUYaUMbd2V48KnxIC
1Mxqyy3pSjf8kZZL4QVxS0,Frank Sinatra,Sinatra: Romance (The Classic Hits),227681607,72202,2XzQ2pmCEZLXduFZC7YJNQ
08GQAI4eElDnROBrJRGE0X,Fleetwood Mac,3 CD Slipcase,224120885,93713,5kuK07fXNKVQ1gu4YPNRJ7
4zCH9qm4R2DADamUHMCa6O,Anirudh Ravichander,Naanum Rowdy Dhaan (Original Motion Picture Soundtrack),221797926,181829,1bQUmuI3I7tTErqBm4BNz4
08GQAI4eElDnROBrJRGE0X,Fleetwood Mac,Black Magic Woman - The Best Of,216828606,91857,3or0EzuBzgIeFxvc6pSOQ7
43ZHCT0cAZBISjO8DG9PnE,Elvis Presley,G.I. Blues (Original Soundtrack),210082500,75401,2LGvLhAdNrFhzkxpi2WSb4
4O15NlyKLIASxsJ0PrXPfz,Lil Uzi Vert,Pink Tape: Level 2,205302135,104131,0GAddHHTPkZ6HAwzpF03YV
4V8Sr092TqfHkfAA5fXXqG,Luis Fonsi,Exitos: 98:06 (Bonus Version),202526110,143102,1LcTUKMA4vJ8cBRgl9k2hd
4zCH9qm4R2DADamUHMCa6O,Anirudh Ravichander,Doctor (Original Motion Picture Soundtrack),192014600,94019,7sVOaTioI70p4A36YtSDbY
08GQAI4eElDnROBrJRGE0X,Fleetwood Mac,The Best of Peter Green's Fleetwood Mac,191653401,81462,7A0defNYClzfQHV8ifOBv0
22bE4uQ6baNwSHPVcDxLCe,The Rolling Stones,You Can't Catch Me,190283460,65070,0wxDN0IKquCZoiDei7SY7U
4O15NlyKLIASxsJ0PrXPfz,Lil Uzi Vert,Pink Tape: Level 1,189768829,89207,68PpQBKCqvAoq4x2Jd6e1u
4YRxDV8wJFPHPTeXepOstw,Arijit Singh,Best of Arijit Singh - Lofi Hits,187031298,137161,7IYd1BrkzsJn6xxwTi3DsE
2HPaUgqeutzr3jx5a9WyDV,PARTYNEXTDOOR,COLOURS 2,186779078,107640,3jnYZeZF0hGU1udfO3P0Dg
08GQAI4eElDnROBrJRGE0X,Fleetwood Mac,Collections,185064484,69136,4lfmDthp6gwJdX52i75FGb
1Mxqyy3pSjf8kZZL4QVxS0,Frank Sinatra,The Rat Pack - Cool Cat Classics,182220301,71176,55YS1uQsHwv55XshcxaNhb
0c173mlxpT3dSFRgMO8XPh,Big Sean,Indian Village,179566727,18159,5VlR8hUp0tm8rDLU9D7ccM
3aQeKQSyrW4qWr35idm0cy,T-Pain,Thr33 Ringz,178634920,80578,2J2PDIvk1YCTFy0HbJjyr7
1KCSPY1glIKqW2TotWuXOR,P!nk,U + Ur Hand,168737588,69866,3K36fXemJ1JdDgbIyIWxiX
2QsynagSdAqZj3U9HgDzjD,Bob Marley & The Wailers,Bob Marley : The King of Reggae - Early Works,165457627,56757,4oMSo7VuoyBFzrxesQ63uS
6eUKZXaKkcviH0Ku9w2n3V,Ed Sheeran,Songs I Wrote With Amy,163699236,15379,40TWM0OpD4tS3AoWLnUxIC
55Aa2cqylxrFIXC767Z865,Lil Wayne,Valley of Death,163573957,30331,4P4cAnUDsuJLSQAm6ZdGSo
4zCH9qm4R2DADamUHMCa6O,Anirudh Ravichander,Best of Anirudh Ravichander,163189187,140567,4PMVBKIe8o2iixsVkGDMBG
28gNT5KBp7IjEOQoevXf9N,Camilo,un,161412391,251339,3hc06uuIEsjOu8CwOumEbd
1wRPtKGflJrBx9BmLsSwlU,Pritam,New York,159411343,116286,66DHPOlHSIRiBiGjG7Xvfx
1mYsTxnqsietFxj1OgoGbG,A.R. Rahman,A.R. Rahman: Love Songs,158414316,222495,3OHC6XD29wXWADtAOP2geV
55Aa2cqylxrFIXC767Z865,Lil Wayne,Loosing Myself,158166878,24354,1MROip7w49w3Rlokn2gmXJ
22bE4uQ6baNwSHPVcDxLCe,The Rolling Stones,Country,146613986,52944,1W6dSbZ6QxUCKItYjLa0wE
4zCH9qm4R2DADamUHMCa6O,Anirudh Ravichander,The Anirudh Saga,141709235,106816,2zmmMXP9qV9vNL3DzsRt01
17lzZA2AlOHwCwFALHttmp,2 Chainz,Million Dollars Worth of Game,137598991,28321,0eIUsIe0Bo1gH7gld8lFbg
1l7ZsJRRS8wlW3WfJfPfNS,Christina Aguilera,Ain't No Other Man,137311268,37159,6AuZPNFF7A0MAP457oilYf
4YRxDV8wJFPHPTeXepOstw,Arijit Singh,Best of Arijit Singh - Heartbreak Lofis,134879380,99858,0G64zOm4Po0BQSQcKe6QlK
3e7awlrlDSwF3iM0WBjGMp,Little Mix,Break Up Song - EP,131212155,14896,1FlxPbzaRHqBXDaA8WmwSN
1mYsTxnqsietFxj1OgoGbG,A.R. Rahman,Voice of Rahman,130511944,128229,2glJ9uJIdg1Z4XT0rZCX91
4O15NlyKLIASxsJ0PrXPfz,Lil Uzi Vert,Pink Tape: Boss Battle,129146166,66982,5R91APRxzHreNM7LGkrDG6
1Mxqyy3pSjf8kZZL4QVxS0,Frank Sinatra,Simply ... Blue Eyes! (The 2020 Remasters),127667061,37548,2NhDf7SiTn63n0RhiL9bF5
4zCH9qm4R2DADamUHMCa6O,Anirudh Ravichander,Thangamagan (Original Motion Picture Soundtrack),121391052,146749,6L4ZkUiJTwo2e1E9e31ds3
55Aa2cqylxrFIXC767Z865,Lil Wayne,Weezy Workout,121250522,15311,5xXWlp71CEr8TiAAADhGpK
2wUjUUtkb5lvLKcGKsKqsR,Alessia Cara,Holiday Stuff (Expanded),120744780,1636,6qF3ciYXmp3EEAIeyGoAlO
0c173mlxpT3dSFRgMO8XPh,Big Sean,Sherwood Forest,119375200,9150,7tKnUycQ41AX5jhQHRQEj5
3aQeKQSyrW4qWr35idm0cy,T-Pain,Can't Believe It,117816629,55636,40o8Zo70JUsrMtBaQruBZg
4zCH9qm4R2DADamUHMCa6O,Anirudh Ravichander,Vikram Hitlist (Hindi) [Original Motion Picture Soundtrack],115917760,42263,2fWnTXwxi4FStDApWBpnIt
2wY79sveU1sp5g7SokKOiI,Sam Smith,REMIX,113131543,12216,1Ta4wnFWj2Ej3JheWSdjtj
6eUKZXaKkcviH0Ku9w2n3V,Ed Sheeran,You Need Me,112937780,7129,6b6NoQ00gDKdOUBxRYTA7t
43ZHCT0cAZBISjO8DG9PnE,Elvis Presley,Girls! Girls! Girls! (Original Soundtrack),112870651,42642,5vmxbvmSOpkagYXntuVDlo
0oSGxfWSnnOXhD2fKuz2Gy,David Bowie,Brilliant Adventure (1992 Ã‚â€“ 2001),112853657,32260,0zL2nmuAvTxYOdQ5iqTTIV
3e7awlrlDSwF3iM0WBjGMp,Little Mix,Holiday - EP,111991847,11279,1Ot5XOY7217dIsYEjtTxfh
3hcs9uc56yIGFCSy9leWe7,Lil Durk,Lil Durk 2X,110989379,29071,0V68iflWNZri1Zc8txsLyg
1RyvyyTE3xzB2ZywiAwp0i,Future,Hell and Angels,110782589,14021,5seA8nhyE1OZW5TOORKJAY
1Mxqyy3pSjf8kZZL4QVxS0,Frank Sinatra,My Songs Volume III,109925274,33481,5l4cUEnIGO24lxPwTkHAza
738wLrAtLtCtFOLvQBXOXp,Major Lazer,Guns Don't Kill People...Lazers Do,109795527,12574,1iRpqtNL5FWidpJORVNfwC
1mYsTxnqsietFxj1OgoGbG,A.R. Rahman,Solitaire A.R. Rahman,109582466,94419,5TpjmXdxs6mxLyAmZxK6iM
0c173mlxpT3dSFRgMO8XPh,Big Sean,Rosedale Park,109207313,9820,4YrDORlOiK5b5QbSX9hVgm
0c173mlxpT3dSFRgMO8XPh,Big Sean,Freshman 10,109052926,11238,07smJDWdsPFwPLFfN3IYRs
3xvaSlT4xsyk6lY1ESOspO,Disney,Vaiana 2 (Original Motion Picture Soundtrack),107684530,716264,0V6IJbTPmpkaCStEeDXRj8
08GQAI4eElDnROBrJRGE0X,Fleetwood Mac,Albatross / Christine Perfect,106310299,39152,1D2h6EteNQ5oTQ4VsPWoas
08GQAI4eElDnROBrJRGE0X,Fleetwood Mac,Best of 1969-1974,105578111,74819,5A2jYHN9yt1X7csfvtI3ul
3mIj9lX2MWuHmhNCA7LSCW,The 1975,Sex EP,102098476,21480,10CzC8El7gcizNUMFUjAyM
1l7ZsJRRS8wlW3WfJfPfNS,Christina Aguilera,La Fuerza,96595256,19761,10g6da1CbqB78EddjRvJK5
0oSGxfWSnnOXhD2fKuz2Gy,David Bowie,Sound And Vision Remix E.P.,94892535,31864,3kC9fTEYWzYeSSB1y0Ud06
1wRPtKGflJrBx9BmLsSwlU,Pritam,Dhoom:3,93894727,107603,0Zwt7ZPZzacRD4wPSotgam
1Mxqyy3pSjf8kZZL4QVxS0,Frank Sinatra,"Greatest Hits, Vol. 2",93082458,29574,2iW6VgANMgpKfZwTsGOqKo
1wRPtKGflJrBx9BmLsSwlU,Pritam,Yaadon Mein,92685280,114071,008AG7O18mM0tIfxIbLywz
4iHNK0tOyZPYnBU7nGAgpQ,Mariah Carey,Against All Odds (Take A Look at Me Now) EP,89631988,41317,3Jx6tgsjoX2oL7vqfnb89j
26VFTg2z8YR0cCuwLzESi2,Halsey,I Never Loved You,84043650,93743,4Vx1sNsqdDcz8RUCfMIrHl
6LqNN22kT3074XbTVUrhzX,Kesha,Crazy Kids,83497182,12852,35ksTShD0j69cOIb4AIBt5
1wRPtKGflJrBx9BmLsSwlU,Pritam,Dhoom:2,81868377,102799,3UVShsbsHHCVunUeoKT46E
7bXgB6jMjp9ATFy66eO08Z,Chris Brown,Wall To Wall,79464576,82928,20gBOpsfoFuyqn1FaQ1cwH
1wRPtKGflJrBx9BmLsSwlU,Pritam,Tiger 3,77610831,59084,2jsxdl0v2q8wswcMfj93YQ
26VFTg2z8YR0cCuwLzESi2,Halsey,Ego,76567098,85488,6uHcRBlMpgXSXv0I0rpxBx
55Aa2cqylxrFIXC767Z865,Lil Wayne,Weezy Flow,76059297,21074,1jkResapQGNyx9v0MPNQSE
22bE4uQ6baNwSHPVcDxLCe,The Rolling Stones,Not Fade Away,72592498,19489,2pc4pGZxHbbBeRyjFS385T
1Mxqyy3pSjf8kZZL4QVxS0,Frank Sinatra,Frank Sinatra - New Mono-To-Stereo Mixes,71387366,21506,10tYvuAzvxHz7K0Hujjjpr
43ZHCT0cAZBISjO8DG9PnE,Elvis Presley,Elvis` Christmas Album,68983973,877,6zk4RKl6JFlgLCV4Z7DQ7N
3PhoLpVuITZKcymswpck5b,Elton John,Songs From The West Coast,64138975,20692,1hBowxbDuRdbm5NouddGgq
22bE4uQ6baNwSHPVcDxLCe,The Rolling Stones,Country Blues,63931131,21467,1W6dSbZ6QxUCKItYjLa0wE
2ye2Wgw4gimLv2eAKyk1NB,Metallica,The $5.98 EP - Garage Days Re-Revisited (Remastered),62072867,22948,6E7Zkpk31fHefblsiMmWdH
1mYsTxnqsietFxj1OgoGbG,A.R. Rahman,Bombay,61494655,59000,4ejbQMeAknwJAl346hKxMN
4zCH9qm4R2DADamUHMCa6O,Anirudh Ravichander,Devara Part 1 [HINDI],60027466,179545,0oh5UVx08lr5oxtbKGtt9W
0NGAZxHanS9e0iNHpR8f2W,Alok,ALL WE HAVE IS N:OW,59632073,17710,7keB6Min15oq3l7AUmHDX1
08GQAI4eElDnROBrJRGE0X,Fleetwood Mac,Fleetwood Mac / Mr Wonderful,59252277,30675,6XqD91Ql8WSIFH4nAmGJk2
60d24wfXkVzDSfLS6hyCjZ,Martin Garrix,IDEM,58033734,100397,0iDX2GE4Ra4BPn1FY93isq
0TnOYISbd1XYRBk9myaseg,Pitbull,Shake Feat. Pitbull,57747158,50165,517e3wZv586TwEFbL03kSO
22bE4uQ6baNwSHPVcDxLCe,The Rolling Stones,Reflection,57371698,19403,1DFoNH8zv8xejlMcjV99Lr
1dfeR4HaWDbWqFHLkxsg1d,Queen,Live At The Rainbow,56668326,5009,4rxdf27orKcIWhwSEqoed9
1mYsTxnqsietFxj1OgoGbG,A.R. Rahman,A. R. Rahman - Voice of a Nation,56321077,25590,2glJ9uJIdg1Z4XT0rZCX91
6eUKZXaKkcviH0Ku9w2n3V,Ed Sheeran,Sing,55540318,4679,14mR6XKPmsxzvOYCkqubJF
3nFkdlSjzX9mRTtwJOzDYB,JAY-Z,"In My Lifetime, Vol. 1",54838945,23318,2nJapeqTbOhnhHUhh5tzpB
13y7CgLHjMVRMDqxdx0Xdo,Gucci Mane,Hood Classics,54548764,18968,34AL689m82z0CxTMb6pmKV
0EmeFodog0BfCgMzAIvKQp,Shakira,Love In The Time Of Cholera,53902975,27304,4d9hGdYy6PNWbXmwPv6bou
1mYsTxnqsietFxj1OgoGbG,A.R. Rahman,Unsung : A.R. Rahman & Mani Ratnam,51748057,35301,2VOYqQaFfEe1Dxur1STNr3
43ZHCT0cAZBISjO8DG9PnE,Elvis Presley,Elvis Presley Christmas Duets,51158100,1264,0dZHOzNT3CYfHmK2yOW7oV
22bE4uQ6baNwSHPVcDxLCe,The Rolling Stones,R & B,51154186,15211,2jtHqgzKfoF8uVvEosb6Jl
22bE4uQ6baNwSHPVcDxLCe,The Rolling Stones,Their Satanic Majesties Request,50382677,12176,2SE7fs002NlNc3cw3SQLRC
137W8MRPWKqSmrBGDBFSop,Wiz Khalifa,Livin the Life,48893073,5476,533WVKeXo21aPh3Gi2XbMe
55Aa2cqylxrFIXC767Z865,Lil Wayne,Skateboard Weezy,47839704,6529,1pxr4TcwYecJtwgY635GAI
7bXgB6jMjp9ATFy66eO08Z,Chris Brown,Gimme That,47305260,44807,2y1jKY3CIXiFeF7mjeDStM
1Mxqyy3pSjf8kZZL4QVxS0,Frank Sinatra,Sinatra Ã‚â€™65,43506114,12808,22dAgxWXl4mZ8L3O0YPMkA
1wRPtKGflJrBx9BmLsSwlU,Pritam,9XM Smashup # 7777,42496229,19938,7KldiPSmCWMxMtSVZCs7MB
1Mxqyy3pSjf8kZZL4QVxS0,Frank Sinatra,My Songs,40202676,9354,5LoCV4M7RUohda9h5DNLpo
22bE4uQ6baNwSHPVcDxLCe,The Rolling Stones,Hard Blues,39798780,12920,22sBMBiu0Z5MgvFb88cwWo
64KEffDW9EtZ1y2vBYgq8T,Marshmello,Alone (The Remixes),39692455,2920,4PVZluLgt1nqOSxUehxVol
1HY2Jd0NmPuamShAr6KMms,Lady Gaga,The Remix (International Version),39372251,6563,2g5cddERpKaPSv7fLWAuDx
13y7CgLHjMVRMDqxdx0Xdo,Gucci Mane,So Icy Boyz,38490972,12837,5Rb7JdsT1IEITEMgUqcWq2
4YRxDV8wJFPHPTeXepOstw,Arijit Singh,Arijit Singh Hits,37553770,22430,4xeWDuTiI7eEyMiQAtVBp3
1Cs0zKBU1kc0i8ypK3B9ai,David Guetta,Episode 2,36778775,9565,0LPqLp6YPN21OQ3M6lfi6j
0k17h0D3J5VfsdmQ1iZtE9,Pink Floyd,The Later Years: 1987-2019,36023380,10469,5S6piLR8OYNymGIApEC6k4
1RyvyyTE3xzB2ZywiAwp0i,Future,Welcome to the Future,35375183,17634,3kPESatU2kjQ5Z0PRWjBMV
4xRYI6VqpkE3UwrDrAZL8L,Logic,Teleport,35315992,25738,3U8uDkXEkcBwsqZeizd6No
738wLrAtLtCtFOLvQBXOXp,Major Lazer,Africa Is The Future,34311427,6465,7kBzyBoyGA9AjjzqhEoin4
51Blml2LZPmy7TTiAg47vQ,U2,October,32926881,8802,59O7CFxLYBBKYtrO61LyqF
43ZHCT0cAZBISjO8DG9PnE,Elvis Presley,From The Vaults -'50s,32588491,9288,6bl6q2RIVWKMaTLkC3vN2A
4xRYI6VqpkE3UwrDrAZL8L,Logic,Mission Control (feat. T Man the Wizard),32186544,22605,3GHmcwHjyxpNwxWHqIMjXF
0NGAZxHanS9e0iNHpR8f2W,Alok,CONTROVERSIA by Alok Vol. 002,31922713,5289,7DwBtsPSp8U1dVFQWtKqjk
1dfeR4HaWDbWqFHLkxsg1d,Queen,Flash Gordon (Remastered),29409629,6214,3rxolmqfcqWFr1kihP3lpQ
1Mxqyy3pSjf8kZZL4QVxS0,Frank Sinatra,The Columbia Years (1943-1952): The Complete Recordings: Volume 5,28983151,6504,1sq9eoe7ByavE0qmWUNnUm
22bE4uQ6baNwSHPVcDxLCe,The Rolling Stones,Confessin' The Blues (Influences - Vol. 1),28957941,7842,68Nu9u2ELOiK4dTpTUoNH4
0oSGxfWSnnOXhD2fKuz2Gy,David Bowie,PinUps Radio Show,28701926,7816,43QXaGS2aBhcmPC8WxXHj2
55Aa2cqylxrFIXC767Z865,Lil Wayne,Funeral Features,28247733,5151,4xHq1cB0l8ME51h7WPWc80
7hJcb9fa4alzcOq3EaNPoG,Snoop Dogg,Snoop Dogg Presents Algorithm (Global Edition),28135758,5211,7byrahgNLbCzZgp9w5WBxW
22bE4uQ6baNwSHPVcDxLCe,The Rolling Stones,Can I Get A Witness (Influences - Vol. 3),27933922,7514,5cVlFasjVYvbitbse5OUhw
43ZHCT0cAZBISjO8DG9PnE,Elvis Presley,His Hand in Mine (With the Jordanaires),26186562,6745,0OflUemnHFws5bKzEbBVV3
22bE4uQ6baNwSHPVcDxLCe,The Rolling Stones,On Air,25984963,3318,6inOkfdsIBoGyRtR3O8Gwj
22bE4uQ6baNwSHPVcDxLCe,The Rolling Stones,60's UK EP Collection,25355242,5258,0tJ5WnGJKZV0xn5GvPHUVZ
0oSGxfWSnnOXhD2fKuz2Gy,David Bowie,Blue Jean,24974434,8084,1ks1HaJmqreMcXHoY9jYIm
1l7ZsJRRS8wlW3WfJfPfNS,Christina Aguilera,La Tormenta,24860610,7401,0QqqgvhdpvsLgWDEuEEAjd
22bE4uQ6baNwSHPVcDxLCe,The Rolling Stones,That's How Strong My Love Is,24414857,7949,3JgVkwwVWwJYg8bdjNdwLW
6tbjWDEIzxoDsBA1FuhfPW,Madonna,Open Your Heart,23304711,11537,6ac6f2CZPyLDOYVESWbMAb
1Mxqyy3pSjf8kZZL4QVxS0,Frank Sinatra,Sinatra Sings Gershwin,22998992,1404,4U7vkvL15SPDsCXeeT9lcZ
2ye2Wgw4gimLv2eAKyk1NB,Metallica,The Metallica Blacklist,22954564,4814,7N32mF0BlA3BOhlSyCiHgf
3Nrfpe0tUJi4K4DXYWgMUX,BTS,I Need U (Japanese Ver. / Standard Edition),22807402,4579,71mivOtJblgvlGqvAPRJyw
0jnsk9HBra6NMjO2oANoPY,Flo Rida,Feels Right (I Love It) [Remixes],22260722,19582,60BryKEBhSyMZnb7lpHsDh
43ZHCT0cAZBISjO8DG9PnE,Elvis Presley,From The Vaults -'70s,21918285,9324,6ysUJrdJgk5TtMOExBUXgZ
1mYsTxnqsietFxj1OgoGbG,A.R. Rahman,Kadhalikka Neramillai,21383154,121543,3cLJAPVZYNc3dBESRtSQwc
1Mxqyy3pSjf8kZZL4QVxS0,Frank Sinatra,Seduction: Sinatra Sings Of Love (Remastered),21320182,2427,7i54ghi2aU99oCNSjIoTfh
2QsynagSdAqZj3U9HgDzjD,Bob Marley & The Wailers,I Know A Place - EP,20815177,5722,39piCehrpMogHO1wwrkUEB
22bE4uQ6baNwSHPVcDxLCe,The Rolling Stones,Torn Up,20612199,6849,5tCLwQowJNqmy0h5FM14Qy
1mYsTxnqsietFxj1OgoGbG,A.R. Rahman,Rediscovered Gems: A.R. Rahman,20518610,9875,0D2HOPwBCk9JJIIoUhd3id
137W8MRPWKqSmrBGDBFSop,Wiz Khalifa,The Weeddocks,18294060,1614,4Qz5u8n5S8YZBPF5D6y82Q
1mYsTxnqsietFxj1OgoGbG,A.R. Rahman,Mega Buster Hits 99 (Original Motion Picture Soundtrack),18075364,14640,2mfBCKQ2DYpczdD4JfLhDP
5fMUXHkw8R8eOP2RNVYEZX,Diplo,"Use Me (Brutal Hearts) (feat. Sturgill Simpson, Dove Cameron & Johnny Blue Skies) (Remixes)",17990701,7452,2WG93k60M6cOJIZxnxFWYH
4zCH9qm4R2DADamUHMCa6O,Anirudh Ravichander,Hindustani 2 (Original Motion Picture Soundtrack),17770713,30260,0IBqnxs219UVck7rTNM6js
1wRPtKGflJrBx9BmLsSwlU,Pritam,LoFi Mix,17250564,21000,3PazOT6VxKjD76BXFOjCak
43ZHCT0cAZBISjO8DG9PnE,Elvis Presley,From Elvis In Nashville,17161081,3923,0yEncYwOwElJLXivj2R0mP
13y7CgLHjMVRMDqxdx0Xdo,Gucci Mane,Space Invaders 10,16830836,6877,0AltKwicKToSZeLO3qwKEu
1yxSLGMDHlW21z4YXirZDS,Black Eyed Peas,INVASION OF BOOM BOOM POW Ã‚â€“ MEGAMIX E.P.,14650243,1199,7xF2NtZ4vOoIMb9tcrBh5u
137W8MRPWKqSmrBGDBFSop,Wiz Khalifa,Taylor Gang 2,14480064,1624,0A4cE27E3S26VrAzkGw26m
0NGAZxHanS9e0iNHpR8f2W,Alok,Hear Me Now (Remixes),13932722,27275,3jYGvVNlQo30FT2aOcT8JQ
0X2BH1fck6amBIoJhDVmmJ,Ellie Goulding,Army - EP,13911090,577,6eihXvPkVohs0fbJec0RBG
1mYsTxnqsietFxj1OgoGbG,A.R. Rahman,PS - 1 (Malayalam) [Original Motion Picture Soundtrack],13359303,2370,1vMn9lNq7BNl5W3CVgtxNM
6icQOAFXDZKsumw3YXyusw,Lil Yachty,Hightop Shoes,13239394,1618,0f1cL1IeFpeOjl3Cuk9Sjr
0oSGxfWSnnOXhD2fKuz2Gy,David Bowie,Underground E.P.,13226102,4322,2PNVXTwRglMSgvGxjiNX1M
1Mxqyy3pSjf8kZZL4QVxS0,Frank Sinatra,The Columbia Years (1943-1952): The Complete Recordings: Volume 8,12763828,3983,2ub1QD5pWuLFODQrE7A5gH
0NGAZxHanS9e0iNHpR8f2W,Alok,CONTROVERSIA by Alok Vol. 003,12757429,2924,4ynSj6Z3Kg7B81UgsbPyI7
43ZHCT0cAZBISjO8DG9PnE,Elvis Presley,Elvis Back in Nashville,11935513,2604,4AQ3EIlpVNIvBl2sudsuJK
22bE4uQ6baNwSHPVcDxLCe,The Rolling Stones,Five by Five,11625396,3022,2ElX3dDgmZf7crvaz21Uzp
0k17h0D3J5VfsdmQ1iZtE9,Pink Floyd,The Dark Side of the,11597214,4098,4LH4d3cOWNNsVw41Gqt2kv
0oSGxfWSnnOXhD2fKuz2Gy,David Bowie,Black Tie White Noise,11128991,2907,3b4NR27nP36KCaGavALhMX
22bE4uQ6baNwSHPVcDxLCe,The Rolling Stones,Bridges To Buenos Aires (Live),11002056,1784,6hLki1jDiueXKBP1IlkZCH
1wRPtKGflJrBx9BmLsSwlU,Pritam,Freddy (Original Motion Picture Soundtrack),10340061,2809,0DOSJKgc2QbCJXnpTolotA
4zCH9qm4R2DADamUHMCa6O,Anirudh Ravichander,Kanmani Rambo Khatija (Original Motion Picture Soundtrack),9646665,3609,09FssYsj33yXdhmE2sR8eo
0oSGxfWSnnOXhD2fKuz2Gy,David Bowie,David Bowie Narrates Peter And The Wolf,9588722,2214,1ZDPe7QlFtKG0nSjHSKaSE
3xvaSlT4xsyk6lY1ESOspO,Disney,Disney Ukulele: Lullaby,9501191,6766,3x1AMj0KFpGzJrmWsCPxxc
0KPX4Ucy9dk82uj4GpKesn,Dalex,License to Trap,9135479,612,6HwYXGDhkyAxgyGxHVSWtz
0oSGxfWSnnOXhD2fKuz2Gy,David Bowie,Tonight E.P.,9115911,2279,5lqrMyzCNRnXeTnH5Oe0BM
0oSGxfWSnnOXhD2fKuz2Gy,David Bowie,"Ziggy Stardust and the Spiders from Mars: The Motion Picture Soundtrack (Live, 50th Anniversary Edi",9026802,2354,2jpJVxH5kTzkAATrqXXyHZ
13y7CgLHjMVRMDqxdx0Xdo,Gucci Mane,Icy - EP,8972980,3260,5LSkSufwy3EbwFvtfsBmgj
14zUHaJZo1mnYtn6IBRaRP,Justin Quiles,JQMILIANO,8604625,1327,4iWQtT71vgXL7GSKwgD31T
1mYsTxnqsietFxj1OgoGbG,A.R. Rahman,All Time Golden Hits of A. R. Rahman,8598417,5276,5LHrDplJQoTkq5QRSOrkYx
738wLrAtLtCtFOLvQBXOXp,Major Lazer,Koo Koo Fun (Remixes),8116853,2532,4tvJ6rYX4Krbd2wEqacJ2X
21E3waRsmPlU7jZsS13rcj,Ne-Yo,Another Kind Of Christmas Reimagined,7769216,1673,4Rr3rXgOaXSL2CzR8VlkTd
51Blml2LZPmy7TTiAg47vQ,U2,The Virtual Road Ã‚â€“ U2 Go Home: Live From Slane Castle Ireland EP (Remastered 2021),7649833,4385,3qRjN6rGaOXpJggBkSELzc
0oSGxfWSnnOXhD2fKuz2Gy,David Bowie,Buddha of Suburbia,7608384,1376,6oZKT7eSwcDX02uJCUwPKG
2LIk90788K0zvyj2JJVwkJ,Jack Harlow,The Handsome Harlow EP,7585963,709,6tNPuch6dGhD86Wlua2PJ1
1Mxqyy3pSjf8kZZL4QVxS0,Frank Sinatra,The Columbia Years (1943-1952): The Complete Recordings: Volume 7,6931860,2432,4Yuqqoh0zmU36WiZo2C5Bf
4iHNK0tOyZPYnBU7nGAgpQ,Mariah Carey,Your Girl - EP,6857738,5492,34SaS54TWqY1GHRj5SByLt
22bE4uQ6baNwSHPVcDxLCe,The Rolling Stones,Got Live If You Want It!,6688320,801,4WDkr1K4fZSPpS2qxRhRUm
1wRPtKGflJrBx9BmLsSwlU,Pritam,Dil Bole Hadippa,6517297,4172,1tAylvfT9RfbzL7Jx5sITM
1DxLCyH42yaHKGK3cl5bvG,Maria Becerra,ACOUSTIC SESSION,5577061,4751,3KAXRhZrmuSvoPTiKX20J7
3PhoLpVuITZKcymswpck5b,Elton John,Peachtree Road,5572567,2132,4ZnbmpRdl8H0JW8e4ReSt7
137W8MRPWKqSmrBGDBFSop,Wiz Khalifa,Live In Concert EP,5438330,539,2r1pEm4zT8bzXy9zGKOLwe
1wRPtKGflJrBx9BmLsSwlU,Pritam,Raula,5431077,5959,050Q2M3ba6vL3s6kvo4aU6
1mYsTxnqsietFxj1OgoGbG,A.R. Rahman,Lal Salaam (Original Motion Picture Soundtrack),5280800,2328,4z1B53UzRe5QLEoKSfzqLZ
1mYsTxnqsietFxj1OgoGbG,A.R. Rahman,"Mellisai Love Songs, Vol. 2 (Original Motion Picture Soundtrack)",5161758,4456,5bzr0uxZ8YBV2YtSPmISFN
1Mxqyy3pSjf8kZZL4QVxS0,Frank Sinatra,Sinatra Sings Cole Porter,5126838,677,3Ng5DIsxEJIvzPY08b0n6G
06HL4z0CvFAxyc27GXpf02,Taylor Swift,Taylor Swift Karaoke: 1989 (Deluxe),5025351,1558,0bEySlRAkuPxV9KVWhXXBr
0NGAZxHanS9e0iNHpR8f2W,Alok,CONTROVERSIA by Alok Vol. 007,5021631,1549,75qT1EpfYjTHaVs9Roc0dC
51Blml2LZPmy7TTiAg47vQ,U2,The Virtual Road Ã‚â€“ iNNOCENCE + eXPERIENCE Live In Paris EP (Remastered 2021),4382388,1992,5zDXcIoC0x6StiWOmlyCUT
4zCH9qm4R2DADamUHMCa6O,Anirudh Ravichander,Gang (Telugu) [Original Motion Picture Soundtrack],4373491,4773,3pwZQnllCyKhoEeRHnTQdB
08GQAI4eElDnROBrJRGE0X,Fleetwood Mac,Madison Blues,4286735,818,3ElB6KHgw12dQjlrfP7LD8
3Isy6kedDrgPYoTS1dazA9,Sean Paul,Out Of This World (ICC Men's T20 World Cup 2024 Official Anthem) [Remixes],4256863,4067,5ONyopuXbhFj5FEOSUjOxJ
6vXTefBL93Dj5IqAWq6OTv,French Montana,Im a Motherfckin Coke Boy,4256112,327,0viPskD4pyzBeuXTzsZPK8
1mYsTxnqsietFxj1OgoGbG,A.R. Rahman,"Golden Collection Of S. P. Balasubrahmanyam, Vol. 2",4170402,783,6n0VLEub7DQH2VZOydrrxi
51Blml2LZPmy7TTiAg47vQ,U2,The Virtual Road Ã‚â€“ Live At Red Rocks: Under A Blood Red Sky EP (Remastered 2021),3882325,1804,6DH7NyRvxnNBNVDoiS4tJu
1Mxqyy3pSjf8kZZL4QVxS0,Frank Sinatra,The Columbia Years 1943-1952 The V-Discs,3745478,1101,4F2N7GHRi69w5dxeFY9WLD
3e7awlrlDSwF3iM0WBjGMp,Little Mix,No - EP,3710328,651,27ZzwHGsT9usAogBhjCG3I
1mYsTxnqsietFxj1OgoGbG,A.R. Rahman,ARR Instrumental,3702129,1548,5hA7s3pb7yAsz1DdpkAZL1
1Cs0zKBU1kc0i8ypK3B9ai,David Guetta,Crazy What Love Can Do (Extended Remixes),3698213,970,2RXhHxhWuHKByjY0gxquL4
1Cs0zKBU1kc0i8ypK3B9ai,David Guetta,Listen (Track by Track),3597363,116,4cm27QX0Xqgflgtj5ns470
1mYsTxnqsietFxj1OgoGbG,A.R. Rahman,Hits of A. R. Rahman Vol. 1,3445993,4021,6q9ndc6zrHrk8mysiulFHt
1wRPtKGflJrBx9BmLsSwlU,Pritam,The Great Indian Family,3331326,861,2cNPbpV42nYtenDiRwcdk2
4zCH9qm4R2DADamUHMCa6O,Anirudh Ravichander,Devara Part 1 [MALAYALAM],3257470,7719,4Gc54dLHsvicE1V82RuqKI
51Blml2LZPmy7TTiAg47vQ,U2,The Virtual Road Ã‚â€“ PopMart Live From Mexico City EP (Remastered 2021),3249566,1240,5Hnig4D4QzpqMqxppRVVxs
1mYsTxnqsietFxj1OgoGbG,A.R. Rahman,The Life Of Muthu (Original Motion Picture Soundtrack),3025703,801,72dzyOkLrt83l7G3znCn97
08GQAI4eElDnROBrJRGE0X,Fleetwood Mac,In Chicago,2846275,601,2Z7WOphJwxEIFfidC5AkNU
1Cs0zKBU1kc0i8ypK3B9ai,David Guetta,New Rave (Extended),2803666,732,5JNiRn6wBgB6VpbB9eOjGh
13y7CgLHjMVRMDqxdx0Xdo,Gucci Mane,Eastside Piru,2682100,812,7arY7mHl5fAReUTtQP0Fgf
1mYsTxnqsietFxj1OgoGbG,A.R. Rahman,Love Birds,2599631,3394,0Fc1DwmN7HhFFQ6vGyGjLv
1mYsTxnqsietFxj1OgoGbG,A.R. Rahman,Slumdog Millionaire,2593944,389,7hphU5eyCdkt3ODlMG7sKf
06HL4z0CvFAxyc27GXpf02,Taylor Swift,Fearless (Karaoke Version),2479375,429,1CYlmaXajTC59VJWSSeE7Y
17lzZA2AlOHwCwFALHttmp,2 Chainz,Tru Life,2417611,231,33Ed9GSdRmTVClt4yLzFgP
1Mxqyy3pSjf8kZZL4QVxS0,Frank Sinatra,Frank Sinatra New Christmas Mono to Stereo Mixes,2368901,1283,10tYvuAzvxHz7K0Hujjjpr
1mYsTxnqsietFxj1OgoGbG,A.R. Rahman,Cobra (Telugu) [Original Motion Picture Soundtrack],2302521,435,6haBl2H3dApFPOIfacu1lO
1Mxqyy3pSjf8kZZL4QVxS0,Frank Sinatra,Frank Sinatra Sings Rodgers & Hammerstein,2270476,422,6QdJIwCYPtY4SVJtTal0EU
1mYsTxnqsietFxj1OgoGbG,A.R. Rahman,PS 2 (Telugu) [Original Motion Picture Soundtrack],2195292,1488,6XC1UegPd9g3s31Y9wW8dC
06HL4z0CvFAxyc27GXpf02,Taylor Swift,Speak Now (Karaoke Version),2164320,596,3QXlUpSDgakWZK2WqQv0pF
20sxb77xiYeusSH8cVdatc,Meek Mill,Flamers 2,2155222,38,4N18KBTt5H7OMBlLNfiqIF
1Mxqyy3pSjf8kZZL4QVxS0,Frank Sinatra,The Columbia Years (1943-1952): The Complete Recordings: Volume 10,2153106,506,2lyBf4gsQR1Do7XOJvhLBb
13y7CgLHjMVRMDqxdx0Xdo,Gucci Mane,Hood Classics 3,2149571,615,6ukDZJgaXqS9dbpq5Dabni
08GQAI4eElDnROBrJRGE0X,Fleetwood Mac,Preaching the Blues,2079369,299,1KMUEvKi6V8lKnY1LlDFVW
1mYsTxnqsietFxj1OgoGbG,A.R. Rahman,Heropanti 2,2055286,368,41wBSiCw4pFzNFgZp4zhXV
6vXTefBL93Dj5IqAWq6OTv,French Montana,Coke Wave,2026471,46,5uVVga9peFULTv4oNKqa63
43ZHCT0cAZBISjO8DG9PnE,Elvis Presley,The Home Recordings,1970229,768,1ZaRcNyh6Nv2h9CktbJaEV
1mYsTxnqsietFxj1OgoGbG,A.R. Rahman,PS-1 (Hindi) [Original Motion Picture Soundtrack],1942851,610,4NGWQIC642c6GoZ1b7p1Bt
43ZHCT0cAZBISjO8DG9PnE,Elvis Presley,Kissin' Cousins (Original Soundtrack),1912491,665,7nr5E4dvKxkMfZMVG6l8IN
55Aa2cqylxrFIXC767Z865,Lil Wayne,Dont Crucify Me,1899159,210,2lwDvnpfhNTfq4XXAhZtyz
55Aa2cqylxrFIXC767Z865,Lil Wayne,Certified (Collector's Edition),1865753,431,7JdYuVqhqvOSulaDp09eNQ
4zCH9qm4R2DADamUHMCa6O,Anirudh Ravichander,Pattudala (Original Motion Picture Soundtrack),1794352,20358,6c5k65a6GGJCrsZvGox4jb
43ZHCT0cAZBISjO8DG9PnE,Elvis Presley,For Everyone,1794090,904,5xKTHMQU0bNNC471jCCKP8
1RyvyyTE3xzB2ZywiAwp0i,Future,Notice Me,1707585,829,4anheXx4ephOE9hk1P1eCS
6Xgp2XMz1fhVYe7i6yNAax,Trippie Redd,Spooky Sounds,1705743,111,2R1aWRiKK852x180kN1Gte
55Aa2cqylxrFIXC767Z865,Lil Wayne,Haemoblogin (My Flag Red),1694009,211,3giaZzODJxdnzKjPCuLQJy
7hJcb9fa4alzcOq3EaNPoG,Snoop Dogg,California Times,1640208,225,5eyq5aoLHIiEEYnzkzl65m
08GQAI4eElDnROBrJRGE0X,Fleetwood Mac,Live In Boston Remastered Vol. 3,1638822,447,6X88MrVgLArAd64fVB2ROb
06HL4z0CvFAxyc27GXpf02,Taylor Swift,Taylor Swift (Karaoke Version),1539553,242,1mFGeuBwVfAyli6aDoy9OI
1mYsTxnqsietFxj1OgoGbG,A.R. Rahman,AGR (Original Motion Picture Soundtrack),1527873,3275,2DRIvzTjUQGjBwgYgMLwxS
1dfeR4HaWDbWqFHLkxsg1d,Queen,Live Magic,1512549,126,3ONiW10g7oW8wDVfObvJLY
08GQAI4eElDnROBrJRGE0X,Fleetwood Mac,Hey Baby,1387051,372,2CzG1uVvn27aWivpTAWZv2
1mYsTxnqsietFxj1OgoGbG,A.R. Rahman,The Goat Life - Aadujeevitham (Original Background Score),1374273,1889,1yoVKpOf3GJpd5TtnnJDcM
1sBkRIssrMs1AbVkOJbc7a,Rick Ross,Rise To Power (Clean Version),1353572,217,5aLTYIjHs4gctDSfsNosvb
08GQAI4eElDnROBrJRGE0X,Fleetwood Mac,The Shape I'm In (Live 1972),1347401,298,5VhfYc43iaJTJfOjtLCh72
13y7CgLHjMVRMDqxdx0Xdo,Gucci Mane,Hood Classics 2,1297453,376,34AL689m82z0CxTMb6pmKV
1wRPtKGflJrBx9BmLsSwlU,Pritam,Dhoom:3 - Tamil,1280438,960,26HBwcjCcbeSokzUVLqONa
1mYsTxnqsietFxj1OgoGbG,A.R. Rahman,Ayalaan (Telugu) [Original Motion Picture Soundtrack],1280146,513,7JwmwrPrK41jqWB75PdzRz
0oOet2f43PA68X5RxKobEy,Shreya Ghoshal,Gotro,1200638,1099,06wWUSG9evkoYhO0nbGU1u
1mYsTxnqsietFxj1OgoGbG,A.R. Rahman,Lal Salaam (Telugu) [Original Motion Picture Soundtrack],1155709,783,06WsEYnFZMI2uk6GTnPfHx
7bXgB6jMjp9ATFy66eO08Z,Chris Brown,Crawl EP,1121757,827,2JR9s9MVQBr1nN1VUhcTYj
0oSGxfWSnnOXhD2fKuz2Gy,David Bowie,"Live from the Manhattan Center, '99 E.P.",1097432,298,3j4wGQLPILCRZ57YFDEgoV
1mYsTxnqsietFxj1OgoGbG,A.R. Rahman,Lal Salaam (Hindi) [Original Motion Picture Soundtrack],1075974,669,1TeF9qpNSmewhmBzMbqPyn
4YRxDV8wJFPHPTeXepOstw,Arijit Singh,Gyaarah Gyaarah,1066545,1749,29mLHLgyzWbkfHZJkBDH6x
7hJcb9fa4alzcOq3EaNPoG,Snoop Dogg,Sessions @ AOL,1061837,122,24Hkk4eoH0mjjqot199Ea3
0oSGxfWSnnOXhD2fKuz2Gy,David Bowie,David Bowie: Live in Chile 1990,1056560,2135,1LhosrB0DtRILBMXgILNMh
1wRPtKGflJrBx9BmLsSwlU,Pritam,Dhoom:3 - Telugu,1056388,801,1zsJfe7w0iL0dmScTzzGf2
13y7CgLHjMVRMDqxdx0Xdo,Gucci Mane,My Chain (feat. Black Magic) - EP,1001973,320,77dd1df26ZbsefOUCVDk3n
4zCH9qm4R2DADamUHMCa6O,Anirudh Ravichander,Aavesam (Original Motion Picture Soundtrack),990034,1820,275uWzLObSrwiYe0zJJMSj
0oSGxfWSnnOXhD2fKuz2Gy,David Bowie,Brilliant Adventure E.P.,987984,124,6llqFVPt4zsfIJYlSZpjQk
1mYsTxnqsietFxj1OgoGbG,A.R. Rahman,The Goat life - Aadujeevitham,918922,467,1yoVKpOf3GJpd5TtnnJDcM
1dfeR4HaWDbWqFHLkxsg1d,Queen,The Cosmos Rocks,903029,143,0HJ76ERWySINSsmZjuk8PP
0oSGxfWSnnOXhD2fKuz2Gy,David Bowie,Fun Mix - EP,850782,56,1ySnPTaZ00wD2UqwWRqW0q
20sxb77xiYeusSH8cVdatc,Meek Mill,The Real Me Pt. 2,850084,57,2p4V2gXBz7hRQjzEaBv32q
7oPftvlwr6VrsViSDV7fJY,Green Day,21 Guns,844455,30,4nFSHjgOP48y0n9Gw6IzKV
20sxb77xiYeusSH8cVdatc,Meek Mill,Lion Hearted,771225,85,32hW2gSn4pEavsOnAWX6EO
4iHNK0tOyZPYnBU7nGAgpQ,Mariah Carey,Butterfly EP,750512,235,0f4ZnWAgSixsLHXgktU4t9
1mYsTxnqsietFxj1OgoGbG,A.R. Rahman,Sakhi,727297,679,6KNE9uOJSeK3uEwn92bRTY
1mYsTxnqsietFxj1OgoGbG,A.R. Rahman,Kadhalikka Neramillai [TELUGU],709043,3014,1U8HniR8hhVjXzvqxhZnTg
3PhoLpVuITZKcymswpck5b,Elton John,The Circle Of Life / Bach Improvisations On Themes By Elton John,703952,83,50oVGIWv99c38RByJtycf5
1wRPtKGflJrBx9BmLsSwlU,Pritam,Merry Christmas (Tamil) [Original Motion Picture Soundtrack],691387,258,41F1hXWvY678KNSie96TRj
4zCH9qm4R2DADamUHMCa6O,Anirudh Ravichander,Devara Part 1 [KANNADA],674416,1311,3WxNj4G27ULpjpP356CVOS
0oSGxfWSnnOXhD2fKuz2Gy,David Bowie,Never Let Me Down E.P.,605345,70,7LggcS3sFWLasYwu5Mpi1F
1sBkRIssrMs1AbVkOJbc7a,Rick Ross,Moment,559945,310,2Nu6FUe5OFNFVDBtGPoR8E
1wRPtKGflJrBx9BmLsSwlU,Pritam,Tiger 3 - Tamil,540937,168,00B1onyvymuVQ5kAnyBCkP
1mYsTxnqsietFxj1OgoGbG,A.R. Rahman,PS - 1 (Kannada) [Original Motion Picture Soundtrack],524568,135,3tOAIdROXpQs51tVqY0Ikc
3DiDSECUqqY1AuBP8qtaIa,Alicia Keys,Diary (Dance Vault Mixes) - EP,524479,93,77YadBwpDrYvFcGbRVomN1
7hJcb9fa4alzcOq3EaNPoG,Snoop Dogg,Funky Christmas,480482,31,3UuGUiCUAKbaI9duEnouGW
3DiDSECUqqY1AuBP8qtaIa,Alicia Keys,Karma (Remixes),434625,120,1IoaLrmO2FqtAt4DTYjRyc
1mYsTxnqsietFxj1OgoGbG,A.R. Rahman,Cobra (Kannada) [Original Motion Picture Soundtrack],412632,115,1qSwn3PO718zhJ7UhYBO0K
0oSGxfWSnnOXhD2fKuz2Gy,David Bowie,Dead Man Walking Mix E.P. (2022 Remaster),412473,49,3sVOlpF5sg8VaP6kubhRhg
0oSGxfWSnnOXhD2fKuz2Gy,David Bowie,Day-In Day-Out E.P. (Spanish Version),398509,60,55PoIT3L2NlslJugenObg5
1mYsTxnqsietFxj1OgoGbG,A.R. Rahman,Al Risalah,384091,307,0rbMkAPvbkwmPRjwFeVtJl
1Mxqyy3pSjf8kZZL4QVxS0,Frank Sinatra,Love Means Love,377255,112,5cpZpWNC4IYMFk3lHlZdyS
4YRxDV8wJFPHPTeXepOstw,Arijit Singh,Proloy,367452,236,0TIRCpeLvtrWKWbAbcStp0
7bXgB6jMjp9ATFy66eO08Z,Chris Brown,I Can Transform Ya EP,355585,111,1ThO3pCTj76cMH02iEKLgG
1wRPtKGflJrBx9BmLsSwlU,Pritam,Tiger 3 - Telugu,333847,140,2HVnZKH6aIZr9HY54tvaJe
1wRPtKGflJrBx9BmLsSwlU,Pritam,Dhoom:2 - Tamil,328083,260,24T0PqYNiKJjjdgbgQnctP
0TnOYISbd1XYRBk9myaseg,Pitbull,Unreleased,324704,51,01FBFfHnKUUwMxnjimdb1Z
0oSGxfWSnnOXhD2fKuz2Gy,David Bowie,Time Will Crawl E.P.,314687,72,0qGifc8S9EdQ6UCr3m61iP
17lzZA2AlOHwCwFALHttmp,2 Chainz,Trap-a-Velli,310816,,2GTwqr7UCcX0fzYjTHqgCE
1wRPtKGflJrBx9BmLsSwlU,Pritam,Dhoom:2 - Telugu,297724,285,5zHKbh2uY6pCszGUFYm48c
1wRPtKGflJrBx9BmLsSwlU,Pritam,Merry Christmas (Telugu) [Original Motion Picture Soundtrack],296338,67,220uDzLVOmlYLYa4gXwaVn
2QsynagSdAqZj3U9HgDzjD,Bob Marley & The Wailers,Kaya Commentary (Spotify Exclusive),289022,18,7gv2bjsTR6MiGkSYD79XA5
1wRPtKGflJrBx9BmLsSwlU,Pritam,Naksha (Original Motion Picture Soundtrack),279740,144,0xl2B3HJCej6NAX5iYo8Y5
0oSGxfWSnnOXhD2fKuz2Gy,David Bowie,Telling Lies E.P.,266568,47,7hKL7kkrNQSG9EuE9ga5mN
4zCH9qm4R2DADamUHMCa6O,Anirudh Ravichander,Naa Love Story Modalaindi (Original Motion Picture Soundtrack),231487,302,709gUNf8y7dkLjwlB67T7X
540vIaP2JwjQb9dm3aArA4,DJ Snake,Teka (with Peso Pluma) [Remixes Pt. 1],227637,262,4rG54oIpzdokktlAdfztek
0TnOYISbd1XYRBk9myaseg,Pitbull,Dem Miami Boyz,225110,42,03IMZhcCeFbuqySxVMagi2
20sxb77xiYeusSH8cVdatc,Meek Mill,The Real Me,220912,63,2p4V2gXBz7hRQjzEaBv32q
4zCH9qm4R2DADamUHMCa6O,Anirudh Ravichander,Manthri Gari Bangla (Original Motion Picture Soundtrack),209112,279,2UG1j44k4E4haQmkeKLng2
1mYsTxnqsietFxj1OgoGbG,A.R. Rahman,Muthu,206171,135,187dpt2JTJRHEpTXQslbkL
1mYsTxnqsietFxj1OgoGbG,A.R. Rahman,Cobra (Malayalam) [Original Motion Picture Soundtrack],198484,12,4nyx5HRA6OL5BR6HtAJPM0
4YRxDV8wJFPHPTeXepOstw,Arijit Singh,Arijit Singh Telugu Hits - Lofi,197489,322,0Qnl8cZDGvO9S667iOX8sF
43ZHCT0cAZBISjO8DG9PnE,Elvis Presley,Roustabout (Original Soundtrack),166537,84,4B6QlvxYaXW4nBNN2OChXI
0oOet2f43PA68X5RxKobEy,Shreya Ghoshal,Bhojpuri Hits Of Shreya Ghoshal,154755,221,5pyFqlhn9dHFYKRXLFYDHX
6tbjWDEIzxoDsBA1FuhfPW,Madonna,Causing a Commotion,150215,594,4X1iisvrpZgUONtiTjj2zy
3PhoLpVuITZKcymswpck5b,Elton John,Live at the Fillmore West 12th Nov 1970,134980,75,0rltHMsoYTrr0U7m1O35uY
0oOet2f43PA68X5RxKobEy,Shreya Ghoshal,The Bongs Again (Original Motion Picture Soundtrack),132924,76,5YBlpQ0bTD7idH3DM1rGNG
711MCceyCBcFnzjGY4Q7Un,AC/DC,"The Old Waldorf, San Francisco, 1977 (HQ Remastered)",128999,216,5CmiFKQ5XsKUeS6JgmhfpR
1wRPtKGflJrBx9BmLsSwlU,Pritam,Dhoom: Instrumentals,116226,116,3teZpYbzUcFyscsHlvfke4
1wRPtKGflJrBx9BmLsSwlU,Pritam,Ajab Prem Ki Ghazab Kahani (Jhankar; Original Motion Picture Soundtrack),115859,122,2GRAUu0q6HxhyZ8wyqPjhL
5LHRHt1k9lMyONurDHEdrp,Tyga,Well Done,111171,571,1HuVxyaf23BpGWlJcymqal
4DdkRBBYG6Yk9Ka8tdJ9BW,Offset,Night Drive,103041,18,4aIRKslruEDdqqXgP2JaLh
7hJcb9fa4alzcOq3EaNPoG,Snoop Dogg,Mandatory Business Ringtones (Clean),101151,18,4eeXRdnx0wuHTslARUR3Gp
06HL4z0CvFAxyc27GXpf02,Taylor Swift,The More Fearless (Taylor's Version) Chapter,2423437477,1608863,6MMVrrxnNgGKg04ze1Pemw
06HL4z0CvFAxyc27GXpf02,Taylor Swift,The More Red (Taylor's Version) Chapter,2346556412,1197045,1qEs8XpGGduMUF7jfAs5l3
0vR2qb8m9WHeZ5ByCbimq2,Reik,Lo Más Romántico de,2189483792,1421490,6Zi9lu08H7LI43b9I5uNr4
7MiDcPa6UiV3In7lIM71IN,Gusttavo Lima,Verão Sertanejo 2025 - Só Hits,1978761933,707935,5EbgpzSlzbVtPTiu83LUrJ
1Mxqyy3pSjf8kZZL4QVxS0,Frank Sinatra,Frank Sinatra chante Noël,1665913888,27312,216H0chUHtLevnxZIEycIU
3t5xRXzsuZmMDkQzgOX35S,Robin Schulz,NEW YEAR´S EVE SILVESTER PARTY MIX,1167852351,591727,3KF4WVrv39rmPdRdsCzwds
5C4PDR4LnhZTbVnKWXuDKD,Morat,Enamórate con MORAT,1121428029,614139,2Y3h78pbbnnnU3WZY89YNp
14zUHaJZo1mnYtn6IBRaRP,Justin Quiles,The Academy: Segunda Misión Justin Quiles,1114842216,216761,4L0jHiUc5AyHU0a3782DHX
1yR65psqiazQpeM79CcGh8,Marília Mendonça,"Decretos Reais, Vol. 2",560575009,136706,44GonyeOgM1vGc9uHpoimf
5ZS223C6JyBfXasXxrRqOk,Jhené Aiko,Souled Out,534056011,191213,6UKXuiWFuwxzC5rd0SW4Bo
7MiDcPa6UiV3In7lIM71IN,Gusttavo Lima,Embaixador Acústico (Ao Vivo),346718107,516672,3c1EWuqoXW71z03rvyogVr
1Mxqyy3pSjf8kZZL4QVxS0,Frank Sinatra,Alain Tercinet présente Frank Sinatra,331747085,136790,5rVJk6sK8lvBXxsQjrU3yB
1bfl0AU8SqmLkElptOprhC,Jul,"Fiesta Navidad Con Julión Álvarez Y Su Norteño Banda ""Merry Christmas""",181839783,102109,22uM6VNhIhC5WIGak75ZIF
1yR65psqiazQpeM79CcGh8,Marília Mendonça,"Festa das Patroas, EP 4",107940267,22603,65f67l1aFake6UIWUtrK0k
1yR65psqiazQpeM79CcGh8,Marília Mendonça,"Festa das Patroas, EP2",107411631,21779,7JK3ZzSzsvQPsH2DwzKjGX
1GxkXlMwML1oSg5eLPiAz3,Michael Bublé,Hollywood The Deluxe EP,57201617,6288,40Yyw4dYduC7YzFzbXud5Q
7qG3b048QCHVRO5Pv1T5lw,Enrique Iglesias,Enrique Iglesias Canta Em Português,319921,516,2cZmvkbYKWbE9p0L3jKDJB
